perfil,tamanho,instancia,algoritmo,exato,status,soma_a,soma_b,diferenca,diferenca_referencia,referencia_comprovada,gap_absoluto,gap_percentual,desequilibrio_relativo_pct,atingiu_otimo,tempo_ms,tempo_min_ms,tempo_max_ms,tempo_desvio_padrao_ms,repeticoes_medicao,memoria_alocada_mb,estados_explorados,chamadas_recursivas,podas,profundidade_maxima,observacao
UNIFORME_PEQUENO,10,uniforme_pequeno_n10_v0,Backtracking,true,SUCESSO,245,245,0,0,true,0,0.0000,0.000000,true,0.0275,0.0259,0.0344,0.0032,7,0.0002,123,123,0,10,
UNIFORME_PEQUENO,10,uniforme_pequeno_n10_v0,BranchAndBound,true,SUCESSO,245,245,0,0,true,0,0.0000,0.000000,true,0.0537,0.0469,0.0769,0.0108,7,0.0004,160,160,33,10,
UNIFORME_PEQUENO,10,uniforme_pequeno_n10_v0,ProgramacaoDinamica,true,SUCESSO,245,245,0,0,true,0,0.0000,0.000000,true,0.1742,0.1695,0.1947,0.0097,7,0.0030,2460,0,0,10,
UNIFORME_PEQUENO,10,uniforme_pequeno_n10_v0,Guloso,false,SUCESSO,245,245,0,0,true,0,0.0000,0.000000,true,0.0077,0.0073,0.0269,0.0072,7,0.0002,10,0,0,10,
UNIFORME_PEQUENO,10,uniforme_pequeno_n10_v0,KarmarkarKarp,false,SUCESSO,245,245,0,0,true,0,0.0000,0.000000,true,0.0531,0.0444,0.0581,0.0062,7,0.0024,9,0,0,4,
UNIFORME_PEQUENO,10,uniforme_pequeno_n10_v1,Backtracking,true,SUCESSO,268,264,4,4,true,0,0.0000,0.751880,true,0.0134,0.0133,0.0427,0.0107,7,0.0002,1023,1023,0,10,
UNIFORME_PEQUENO,10,uniforme_pequeno_n10_v1,BranchAndBound,true,SUCESSO,268,264,4,4,true,0,0.0000,0.751880,true,0.0210,0.0195,0.0356,0.0059,7,0.0004,341,341,75,10,
UNIFORME_PEQUENO,10,uniforme_pequeno_n10_v1,ProgramacaoDinamica,true,SUCESSO,264,268,4,4,true,0,0.0000,0.751880,true,0.2206,0.1935,0.2431,0.0175,7,0.0032,2670,0,0,10,
UNIFORME_PEQUENO,10,uniforme_pequeno_n10_v1,Guloso,false,SUCESSO,270,262,8,4,true,4,100.0000,1.503759,false,0.0096,0.0089,0.0341,0.0093,7,0.0002,10,0,0,10,
UNIFORME_PEQUENO,10,uniforme_pequeno_n10_v1,KarmarkarKarp,false,SUCESSO,259,273,14,4,true,10,250.0000,2.631579,false,0.0440,0.0388,0.1964,0.0577,7,0.0024,9,0,0,4,
UNIFORME_PEQUENO,10,uniforme_pequeno_n10_v2,Backtracking,true,SUCESSO,204,204,0,0,true,0,0.0000,0.000000,true,0.0027,0.0026,0.0029,0.0001,7,0.0002,592,592,0,10,
UNIFORME_PEQUENO,10,uniforme_pequeno_n10_v2,BranchAndBound,true,SUCESSO,204,204,0,0,true,0,0.0000,0.000000,true,0.0236,0.0101,0.0415,0.0115,7,0.0004,252,252,29,10,
UNIFORME_PEQUENO,10,uniforme_pequeno_n10_v2,ProgramacaoDinamica,true,SUCESSO,204,204,0,0,true,0,0.0000,0.000000,true,0.1577,0.1367,0.1857,0.0198,7,0.0026,2050,0,0,10,
UNIFORME_PEQUENO,10,uniforme_pequeno_n10_v2,Guloso,false,SUCESSO,195,213,18,0,true,18,,4.411765,false,0.0054,0.0051,0.0063,0.0004,7,0.0002,10,0,0,10,
UNIFORME_PEQUENO,10,uniforme_pequeno_n10_v2,KarmarkarKarp,false,SUCESSO,212,196,16,0,true,16,,3.921569,false,0.0429,0.0377,0.0496,0.0040,7,0.0024,9,0,0,2,
UNIFORME_PEQUENO,10,uniforme_pequeno_n10_v3,Backtracking,true,SUCESSO,292,293,1,1,true,0,0.0000,0.170940,true,0.0039,0.0038,0.0040,0.0001,7,0.0002,1023,1023,0,10,
UNIFORME_PEQUENO,10,uniforme_pequeno_n10_v3,BranchAndBound,true,SUCESSO,293,292,1,1,true,0,0.0000,0.170940,true,0.0097,0.0089,0.0260,0.0062,7,0.0004,231,231,48,10,
UNIFORME_PEQUENO,10,uniforme_pequeno_n10_v3,ProgramacaoDinamica,true,SUCESSO,292,293,1,1,true,0,0.0000,0.170940,true,0.0590,0.0337,0.0928,0.0218,7,0.0035,2930,0,0,10,
UNIFORME_PEQUENO,10,uniforme_pequeno_n10_v3,Guloso,false,SUCESSO,293,292,1,1,true,0,0.0000,0.170940,true,0.0052,0.0049,0.0059,0.0003,7,0.0002,10,0,0,10,
UNIFORME_PEQUENO,10,uniforme_pequeno_n10_v3,KarmarkarKarp,false,SUCESSO,292,293,1,1,true,0,0.0000,0.170940,true,0.0275,0.0213,0.0703,0.0173,7,0.0024,9,0,0,3,
UNIFORME_PEQUENO,10,uniforme_pequeno_n10_v4,Backtracking,true,SUCESSO,359,360,1,1,true,0,0.0000,0.139082,true,0.0040,0.0039,0.0041,0.0001,7,0.0002,1023,1023,0,10,
UNIFORME_PEQUENO,10,uniforme_pequeno_n10_v4,BranchAndBound,true,SUCESSO,359,360,1,1,true,0,0.0000,0.139082,true,0.0074,0.0071,0.0094,0.0008,7,0.0004,357,357,113,10,
UNIFORME_PEQUENO,10,uniforme_pequeno_n10_v4,ProgramacaoDinamica,true,SUCESSO,359,360,1,1,true,0,0.0000,0.139082,true,0.0300,0.0293,0.0531,0.0087,7,0.0042,3600,0,0,10,
UNIFORME_PEQUENO,10,uniforme_pequeno_n10_v4,Guloso,false,SUCESSO,346,373,27,1,true,26,2600.0000,3.755216,false,0.0055,0.0052,0.0060,0.0003,7,0.0002,10,0,0,10,
UNIFORME_PEQUENO,10,uniforme_pequeno_n10_v4,KarmarkarKarp,false,SUCESSO,360,359,1,1,true,0,0.0000,0.139082,true,0.0203,0.0186,0.0219,0.0010,7,0.0024,9,0,0,4,
UNIFORME_PEQUENO,15,uniforme_pequeno_n15_v0,Backtracking,true,SUCESSO,427,427,0,0,true,0,0.0000,0.000000,true,0.0088,0.0088,0.0092,0.0002,7,0.0002,2035,2035,0,15,
UNIFORME_PEQUENO,15,uniforme_pequeno_n15_v0,BranchAndBound,true,SUCESSO,427,427,0,0,true,0,0.0000,0.000000,true,0.0080,0.0071,0.0123,0.0019,7,0.0005,426,426,109,15,
UNIFORME_PEQUENO,15,uniforme_pequeno_n15_v0,ProgramacaoDinamica,true,SUCESSO,427,427,0,0,true,0,0.0000,0.000000,true,0.0569,0.0538,0.0704,0.0061,7,0.0071,6420,0,0,15,
UNIFORME_PEQUENO,15,uniforme_pequeno_n15_v0,Guloso,false,SUCESSO,433,421,12,0,true,12,,1.405152,false,0.0067,0.0058,0.0087,0.0012,7,0.0002,15,0,0,15,
UNIFORME_PEQUENO,15,uniforme_pequeno_n15_v0,KarmarkarKarp,false,SUCESSO,427,427,0,0,true,0,0.0000,0.000000,true,0.0378,0.0336,0.0426,0.0034,7,0.0034,14,0,0,4,
UNIFORME_PEQUENO,15,uniforme_pequeno_n15_v1,Backtracking,true,SUCESSO,278,277,1,1,true,0,0.0000,0.180180,true,0.1366,0.1253,0.1638,0.0129,7,0.0002,32767,32767,0,15,
UNIFORME_PEQUENO,15,uniforme_pequeno_n15_v1,BranchAndBound,true,SUCESSO,278,277,1,1,true,0,0.0000,0.180180,true,0.0173,0.0166,0.0189,0.0009,7,0.0005,2791,2791,1210,15,
UNIFORME_PEQUENO,15,uniforme_pequeno_n15_v1,ProgramacaoDinamica,true,SUCESSO,277,278,1,1,true,0,0.0000,0.180180,true,0.1058,0.0335,0.1146,0.0395,7,0.0047,4170,0,0,15,
UNIFORME_PEQUENO,15,uniforme_pequeno_n15_v1,Guloso,false,SUCESSO,280,275,5,1,true,4,400.0000,0.900901,false,0.0047,0.0044,0.0066,0.0008,7,0.0002,15,0,0,15,
UNIFORME_PEQUENO,15,uniforme_pequeno_n15_v1,KarmarkarKarp,false,SUCESSO,277,278,1,1,true,0,0.0000,0.180180,true,0.0309,0.0279,0.0502,0.0077,7,0.0034,14,0,0,5,
UNIFORME_PEQUENO,15,uniforme_pequeno_n15_v2,Backtracking,true,SUCESSO,473,473,0,0,true,0,0.0000,0.000000,true,0.0162,0.0159,0.0167,0.0003,7,0.0002,2810,2810,0,15,
UNIFORME_PEQUENO,15,uniforme_pequeno_n15_v2,BranchAndBound,true,SUCESSO,473,473,0,0,true,0,0.0000,0.000000,true,0.0111,0.0090,0.0123,0.0013,7,0.0005,493,493,98,15,
UNIFORME_PEQUENO,15,uniforme_pequeno_n15_v2,ProgramacaoDinamica,true,SUCESSO,473,473,0,0,true,0,0.0000,0.000000,true,0.1075,0.0963,0.1511,0.0241,7,0.0078,7110,0,0,15,
UNIFORME_PEQUENO,15,uniforme_pequeno_n15_v2,Guloso,false,SUCESSO,474,472,2,0,true,2,,0.211416,false,0.0047,0.0045,0.0098,0.0020,7,0.0002,15,0,0,15,
UNIFORME_PEQUENO,15,uniforme_pequeno_n15_v2,KarmarkarKarp,false,SUCESSO,473,473,0,0,true,0,0.0000,0.000000,true,0.0249,0.0242,0.0429,0.0067,7,0.0034,14,0,0,6,
UNIFORME_PEQUENO,15,uniforme_pequeno_n15_v3,Backtracking,true,SUCESSO,374,374,0,0,true,0,0.0000,0.000000,true,0.0083,0.0082,0.0085,0.0001,7,0.0002,1893,1893,0,15,
UNIFORME_PEQUENO,15,uniforme_pequeno_n15_v3,BranchAndBound,true,SUCESSO,374,374,0,0,true,0,0.0000,0.000000,true,0.0096,0.0084,0.0365,0.0102,7,0.0005,614,614,99,15,
UNIFORME_PEQUENO,15,uniforme_pequeno_n15_v3,ProgramacaoDinamica,true,SUCESSO,374,374,0,0,true,0,0.0000,0.000000,true,0.0998,0.0922,0.1544,0.0230,7,0.0062,5625,0,0,15,
UNIFORME_PEQUENO,15,uniforme_pequeno_n15_v3,Guloso,false,SUCESSO,375,373,2,0,true,2,,0.267380,false,0.0061,0.0057,0.0160,0.0037,7,0.0002,15,0,0,15,
UNIFORME_PEQUENO,15,uniforme_pequeno_n15_v3,KarmarkarKarp,false,SUCESSO,374,374,0,0,true,0,0.0000,0.000000,true,0.0255,0.0222,0.0447,0.0080,7,0.0034,14,0,0,4,
UNIFORME_PEQUENO,15,uniforme_pequeno_n15_v4,Backtracking,true,SUCESSO,447,446,1,1,true,0,0.0000,0.111982,true,0.1241,0.1241,0.1297,0.0023,7,0.0002,32767,32767,0,15,
UNIFORME_PEQUENO,15,uniforme_pequeno_n15_v4,BranchAndBound,true,SUCESSO,447,446,1,1,true,0,0.0000,0.111982,true,0.0203,0.0198,0.0251,0.0019,7,0.0005,3703,3703,1312,15,
UNIFORME_PEQUENO,15,uniforme_pequeno_n15_v4,ProgramacaoDinamica,true,SUCESSO,446,447,1,1,true,0,0.0000,0.111982,true,0.0818,0.0163,0.0854,0.0327,7,0.0073,6705,0,0,15,
UNIFORME_PEQUENO,15,uniforme_pequeno_n15_v4,Guloso,false,SUCESSO,444,449,5,1,true,4,400.0000,0.559910,false,0.0042,0.0041,0.0093,0.0020,7,0.0002,15,0,0,15,
UNIFORME_PEQUENO,15,uniforme_pequeno_n15_v4,KarmarkarKarp,false,SUCESSO,446,447,1,1,true,0,0.0000,0.111982,true,0.0204,0.0202,0.0245,0.0016,7,0.0034,14,0,0,4,
UNIFORME_PEQUENO,20,uniforme_pequeno_n20_v0,Backtracking,true,SUCESSO,445,446,1,1,true,0,0.0000,0.112233,true,4.8430,2.9807,5.3089,0.8996,7,0.0002,1048575,1048575,0,20,
UNIFORME_PEQUENO,20,uniforme_pequeno_n20_v0,BranchAndBound,true,SUCESSO,446,445,1,1,true,0,0.0000,0.112233,true,0.2330,0.2258,0.2471,0.0075,7,0.0006,39081,39081,17569,20,
UNIFORME_PEQUENO,20,uniforme_pequeno_n20_v0,ProgramacaoDinamica,true,SUCESSO,445,446,1,1,true,0,0.0000,0.112233,true,0.0149,0.0141,0.0354,0.0078,7,0.0096,8920,0,0,20,
UNIFORME_PEQUENO,20,uniforme_pequeno_n20_v0,Guloso,false,SUCESSO,446,445,1,1,true,0,0.0000,0.112233,true,0.0086,0.0081,0.0169,0.0034,7,0.0003,20,0,0,20,
UNIFORME_PEQUENO,20,uniforme_pequeno_n20_v0,KarmarkarKarp,false,SUCESSO,445,446,1,1,true,0,0.0000,0.112233,true,0.0398,0.0294,0.0671,0.0155,7,0.0044,19,0,0,7,
UNIFORME_PEQUENO,20,uniforme_pequeno_n20_v1,Backtracking,true,SUCESSO,551,551,0,0,true,0,0.0000,0.000000,true,0.0186,0.0185,0.0203,0.0006,7,0.0002,6119,6119,0,20,
UNIFORME_PEQUENO,20,uniforme_pequeno_n20_v1,BranchAndBound,true,SUCESSO,551,551,0,0,true,0,0.0000,0.000000,true,0.0165,0.0148,0.0322,0.0061,7,0.0006,1204,1204,383,20,
UNIFORME_PEQUENO,20,uniforme_pequeno_n20_v1,ProgramacaoDinamica,true,SUCESSO,551,551,0,0,true,0,0.0000,0.000000,true,0.0279,0.0263,0.0314,0.0016,7,0.0116,11040,0,0,20,
UNIFORME_PEQUENO,20,uniforme_pequeno_n20_v1,Guloso,false,SUCESSO,551,551,0,0,true,0,0.0000,0.000000,true,0.0072,0.0070,0.0075,0.0002,7,0.0003,20,0,0,20,
UNIFORME_PEQUENO,20,uniforme_pequeno_n20_v1,KarmarkarKarp,false,SUCESSO,551,551,0,0,true,0,0.0000,0.000000,true,0.0370,0.0340,0.0441,0.0035,7,0.0044,19,0,0,5,
UNIFORME_PEQUENO,20,uniforme_pequeno_n20_v2,Backtracking,true,SUCESSO,527,527,0,0,true,0,0.0000,0.000000,true,0.0209,0.0203,0.0425,0.0084,7,0.0002,6657,6657,0,20,
UNIFORME_PEQUENO,20,uniforme_pequeno_n20_v2,BranchAndBound,true,SUCESSO,527,527,0,0,true,0,0.0000,0.000000,true,0.0123,0.0115,0.0434,0.0116,7,0.0006,955,955,264,20,
UNIFORME_PEQUENO,20,uniforme_pequeno_n20_v2,ProgramacaoDinamica,true,SUCESSO,527,527,0,0,true,0,0.0000,0.000000,true,0.0294,0.0266,0.0439,0.0059,7,0.0112,10560,0,0,20,
UNIFORME_PEQUENO,20,uniforme_pequeno_n20_v2,Guloso,false,SUCESSO,531,523,8,0,true,8,,0.759013,false,0.0057,0.0052,0.0215,0.0062,7,0.0003,20,0,0,20,
UNIFORME_PEQUENO,20,uniforme_pequeno_n20_v2,KarmarkarKarp,false,SUCESSO,527,527,0,0,true,0,0.0000,0.000000,true,0.0145,0.0115,0.0305,0.0064,7,0.0044,19,0,0,7,
UNIFORME_PEQUENO,20,uniforme_pequeno_n20_v3,Backtracking,true,SUCESSO,468,468,0,0,true,0,0.0000,0.000000,true,0.0523,0.0489,0.0529,0.0016,7,0.0002,11240,11240,0,20,
UNIFORME_PEQUENO,20,uniforme_pequeno_n20_v3,BranchAndBound,true,SUCESSO,468,468,0,0,true,0,0.0000,0.000000,true,0.0096,0.0093,0.0119,0.0009,7,0.0006,985,985,287,20,
UNIFORME_PEQUENO,20,uniforme_pequeno_n20_v3,ProgramacaoDinamica,true,SUCESSO,468,468,0,0,true,0,0.0000,0.000000,true,0.0307,0.0192,0.0346,0.0053,7,0.0100,9380,0,0,20,
UNIFORME_PEQUENO,20,uniforme_pequeno_n20_v3,Guloso,false,SUCESSO,467,469,2,0,true,2,,0.213675,false,0.0030,0.0029,0.0035,0.0002,7,0.0003,20,0,0,20,
UNIFORME_PEQUENO,20,uniforme_pequeno_n20_v3,KarmarkarKarp,false,SUCESSO,468,468,0,0,true,0,0.0000,0.000000,true,0.0082,0.0075,0.0110,0.0013,7,0.0044,19,0,0,5,
UNIFORME_PEQUENO,20,uniforme_pequeno_n20_v4,Backtracking,true,SUCESSO,520,520,0,0,true,0,0.0000,0.000000,true,0.0261,0.0234,0.0345,0.0048,7,0.0002,7813,7813,0,20,
UNIFORME_PEQUENO,20,uniforme_pequeno_n20_v4,BranchAndBound,true,SUCESSO,520,520,0,0,true,0,0.0000,0.000000,true,0.0119,0.0090,0.0525,0.0157,7,0.0006,929,929,270,20,
UNIFORME_PEQUENO,20,uniforme_pequeno_n20_v4,ProgramacaoDinamica,true,SUCESSO,520,520,0,0,true,0,0.0000,0.000000,true,0.0323,0.0234,0.0449,0.0077,7,0.0112,10420,0,0,20,
UNIFORME_PEQUENO,20,uniforme_pequeno_n20_v4,Guloso,false,SUCESSO,520,520,0,0,true,0,0.0000,0.000000,true,0.0044,0.0035,0.0423,0.0144,7,0.0003,20,0,0,20,
UNIFORME_PEQUENO,20,uniforme_pequeno_n20_v4,KarmarkarKarp,false,SUCESSO,520,520,0,0,true,0,0.0000,0.000000,true,0.0157,0.0137,0.1202,0.0396,7,0.0044,19,0,0,7,
UNIFORME_PEQUENO,22,uniforme_pequeno_n22_v0,Backtracking,true,SUCESSO,557,557,0,0,true,0,0.0000,0.000000,true,0.0631,0.0428,0.0659,0.0109,7,0.0002,14684,14684,0,22,
UNIFORME_PEQUENO,22,uniforme_pequeno_n22_v0,BranchAndBound,true,SUCESSO,557,557,0,0,true,0,0.0000,0.000000,true,0.0082,0.0081,0.0098,0.0006,7,0.0006,1210,1210,380,22,
UNIFORME_PEQUENO,22,uniforme_pequeno_n22_v0,ProgramacaoDinamica,true,SUCESSO,557,557,0,0,true,0,0.0000,0.000000,true,0.0273,0.0202,0.0535,0.0123,7,0.0129,12276,0,0,22,
UNIFORME_PEQUENO,22,uniforme_pequeno_n22_v0,Guloso,false,SUCESSO,557,557,0,0,true,0,0.0000,0.000000,true,0.0026,0.0025,0.0035,0.0003,7,0.0003,22,0,0,22,
UNIFORME_PEQUENO,22,uniforme_pequeno_n22_v0,KarmarkarKarp,false,SUCESSO,557,557,0,0,true,0,0.0000,0.000000,true,0.0105,0.0099,0.0136,0.0013,7,0.0048,21,0,0,7,
UNIFORME_PEQUENO,22,uniforme_pequeno_n22_v1,Backtracking,true,SUCESSO,458,457,1,1,true,0,0.0000,0.109290,true,16.4142,13.0255,18.7906,2.1815,7,0.0002,4194303,4194303,0,22,
UNIFORME_PEQUENO,22,uniforme_pequeno_n22_v1,BranchAndBound,true,SUCESSO,457,458,1,1,true,0,0.0000,0.109290,true,1.3334,0.6382,3.0976,0.9372,7,0.0006,141475,141475,63334,22,
UNIFORME_PEQUENO,22,uniforme_pequeno_n22_v1,ProgramacaoDinamica,true,SUCESSO,457,458,1,1,true,0,0.0000,0.109290,true,0.0208,0.0195,0.0224,0.0011,7,0.0108,10076,0,0,22,
UNIFORME_PEQUENO,22,uniforme_pequeno_n22_v1,Guloso,false,SUCESSO,457,458,1,1,true,0,0.0000,0.109290,true,0.0029,0.0028,0.0045,0.0006,7,0.0003,22,0,0,22,
UNIFORME_PEQUENO,22,uniforme_pequeno_n22_v1,KarmarkarKarp,false,SUCESSO,457,458,1,1,true,0,0.0000,0.109290,true,0.0109,0.0089,0.0266,0.0063,7,0.0048,21,0,0,6,
UNIFORME_PEQUENO,22,uniforme_pequeno_n22_v2,Backtracking,true,SUCESSO,544,544,0,0,true,0,0.0000,0.000000,true,0.0601,0.0577,0.0695,0.0039,7,0.0002,13268,13268,0,22,
UNIFORME_PEQUENO,22,uniforme_pequeno_n22_v2,BranchAndBound,true,SUCESSO,544,544,0,0,true,0,0.0000,0.000000,true,0.0092,0.0086,0.0203,0.0043,7,0.0006,1316,1316,433,22,
UNIFORME_PEQUENO,22,uniforme_pequeno_n22_v2,ProgramacaoDinamica,true,SUCESSO,544,544,0,0,true,0,0.0000,0.000000,true,0.0363,0.0314,0.1712,0.0506,7,0.0127,11990,0,0,22,
UNIFORME_PEQUENO,22,uniforme_pequeno_n22_v2,Guloso,false,SUCESSO,546,542,4,0,true,4,,0.367647,false,0.0028,0.0028,0.0030,0.0001,7,0.0003,22,0,0,22,
UNIFORME_PEQUENO,22,uniforme_pequeno_n22_v2,KarmarkarKarp,false,SUCESSO,544,544,0,0,true,0,0.0000,0.000000,true,0.0148,0.0114,0.0349,0.0083,7,0.0048,21,0,0,8,
UNIFORME_PEQUENO,22,uniforme_pequeno_n22_v3,Backtracking,true,SUCESSO,434,433,1,1,true,0,0.0000,0.115340,true,13.3108,12.6636,16.0304,1.3426,7,0.0002,4194303,4194303,0,22,
UNIFORME_PEQUENO,22,uniforme_pequeno_n22_v3,BranchAndBound,true,SUCESSO,433,434,1,1,true,0,0.0000,0.115340,true,1.2431,1.2354,1.2898,0.0201,7,0.0006,330579,330579,104966,22,
UNIFORME_PEQUENO,22,uniforme_pequeno_n22_v3,ProgramacaoDinamica,true,SUCESSO,433,434,1,1,true,0,0.0000,0.115340,true,0.0189,0.0168,0.0272,0.0034,7,0.0103,9548,0,0,22,
UNIFORME_PEQUENO,22,uniforme_pequeno_n22_v3,Guloso,false,SUCESSO,433,434,1,1,true,0,0.0000,0.115340,true,0.0028,0.0028,0.0030,0.0001,7,0.0003,22,0,0,22,
UNIFORME_PEQUENO,22,uniforme_pequeno_n22_v3,KarmarkarKarp,false,SUCESSO,434,433,1,1,true,0,0.0000,0.115340,true,0.0078,0.0074,0.0106,0.0012,7,0.0048,21,0,0,6,
UNIFORME_PEQUENO,22,uniforme_pequeno_n22_v4,Backtracking,true,SUCESSO,570,571,1,1,true,0,0.0000,0.087642,true,14.4360,12.5323,18.2596,1.9716,7,0.0002,4194303,4194303,0,22,
UNIFORME_PEQUENO,22,uniforme_pequeno_n22_v4,BranchAndBound,true,SUCESSO,570,571,1,1,true,0,0.0000,0.087642,true,0.6983,0.6886,0.7124,0.0096,7,0.0006,186283,186283,63966,22,
UNIFORME_PEQUENO,22,uniforme_pequeno_n22_v4,ProgramacaoDinamica,true,SUCESSO,570,571,1,1,true,0,0.0000,0.087642,true,0.0324,0.0206,0.0400,0.0064,7,0.0133,12562,0,0,22,
UNIFORME_PEQUENO,22,uniforme_pequeno_n22_v4,Guloso,false,SUCESSO,572,569,3,1,true,2,200.0000,0.262927,false,0.0029,0.0029,0.0031,0.0001,7,0.0003,22,0,0,22,
UNIFORME_PEQUENO,22,uniforme_pequeno_n22_v4,KarmarkarKarp,false,SUCESSO,571,570,1,1,true,0,0.0000,0.087642,true,0.0154,0.0108,0.0380,0.0091,7,0.0048,21,0,0,6,
UNIFORME_PEQUENO,24,uniforme_pequeno_n24_v0,Backtracking,true,SUCESSO,581,581,0,0,true,0,0.0000,0.000000,true,0.0782,0.0755,0.0898,0.0050,7,0.0002,16107,16107,0,24,
UNIFORME_PEQUENO,24,uniforme_pequeno_n24_v0,BranchAndBound,true,SUCESSO,581,581,0,0,true,0,0.0000,0.000000,true,0.0100,0.0096,0.0139,0.0016,7,0.0007,1539,1539,514,24,
UNIFORME_PEQUENO,24,uniforme_pequeno_n24_v0,ProgramacaoDinamica,true,SUCESSO,581,581,0,0,true,0,0.0000,0.000000,true,0.0340,0.0289,0.0362,0.0029,7,0.0146,13968,0,0,24,
UNIFORME_PEQUENO,24,uniforme_pequeno_n24_v0,Guloso,false,SUCESSO,581,581,0,0,true,0,0.0000,0.000000,true,0.0041,0.0039,0.0043,0.0002,7,0.0003,24,0,0,24,
UNIFORME_PEQUENO,24,uniforme_pequeno_n24_v0,KarmarkarKarp,false,SUCESSO,581,581,0,0,true,0,0.0000,0.000000,true,0.0103,0.0095,0.0119,0.0009,7,0.0052,23,0,0,7,
UNIFORME_PEQUENO,24,uniforme_pequeno_n24_v1,Backtracking,true,SUCESSO,570,570,0,0,true,0,0.0000,0.000000,true,0.0232,0.0230,0.0293,0.0023,7,0.0002,7932,7932,0,24,
UNIFORME_PEQUENO,24,uniforme_pequeno_n24_v1,BranchAndBound,true,SUCESSO,570,570,0,0,true,0,0.0000,0.000000,true,0.0188,0.0171,0.0203,0.0012,7,0.0007,1843,1843,521,24,
UNIFORME_PEQUENO,24,uniforme_pequeno_n24_v1,ProgramacaoDinamica,true,SUCESSO,570,570,0,0,true,0,0.0000,0.000000,true,0.0443,0.0316,0.0715,0.0157,7,0.0144,13704,0,0,24,
UNIFORME_PEQUENO,24,uniforme_pequeno_n24_v1,Guloso,false,SUCESSO,571,569,2,0,true,2,,0.175439,false,0.0042,0.0039,0.0239,0.0075,7,0.0003,24,0,0,24,
UNIFORME_PEQUENO,24,uniforme_pequeno_n24_v1,KarmarkarKarp,false,SUCESSO,570,570,0,0,true,0,0.0000,0.000000,true,0.0177,0.0145,0.0237,0.0029,7,0.0052,23,0,0,9,
UNIFORME_PEQUENO,24,uniforme_pequeno_n24_v2,Backtracking,true,SUCESSO,613,614,1,1,true,0,0.0000,0.081500,true,55.3560,49.3115,67.4236,6.0023,7,0.0002,16777215,16777215,0,24,
UNIFORME_PEQUENO,24,uniforme_pequeno_n24_v2,BranchAndBound,true,SUCESSO,614,613,1,1,true,0,0.0000,0.081500,true,3.4847,3.4183,4.1168,0.2467,7,0.0007,894131,894131,332462,24,
UNIFORME_PEQUENO,24,uniforme_pequeno_n24_v2,ProgramacaoDinamica,true,SUCESSO,613,614,1,1,true,0,0.0000,0.081500,true,0.0260,0.0230,0.0309,0.0033,7,0.0153,14736,0,0,24,
UNIFORME_PEQUENO,24,uniforme_pequeno_n24_v2,Guloso,false,SUCESSO,614,613,1,1,true,0,0.0000,0.081500,true,0.0031,0.0030,0.0041,0.0004,7,0.0003,24,0,0,24,
UNIFORME_PEQUENO,24,uniforme_pequeno_n24_v2,KarmarkarKarp,false,SUCESSO,614,613,1,1,true,0,0.0000,0.081500,true,0.0077,0.0065,0.0115,0.0017,7,0.0052,23,0,0,6,
UNIFORME_PEQUENO,24,uniforme_pequeno_n24_v3,Backtracking,true,SUCESSO,467,466,1,1,true,0,0.0000,0.107181,true,51.1200,48.7432,58.4521,3.2507,7,0.0002,16777215,16777215,0,24,
UNIFORME_PEQUENO,24,uniforme_pequeno_n24_v3,BranchAndBound,true,SUCESSO,467,466,1,1,true,0,0.0000,0.107181,true,3.2975,3.2837,3.3543,0.0296,7,0.0007,875803,875803,351576,24,
UNIFORME_PEQUENO,24,uniforme_pequeno_n24_v3,ProgramacaoDinamica,true,SUCESSO,466,467,1,1,true,0,0.0000,0.107181,true,0.0201,0.0169,0.0226,0.0018,7,0.0119,11208,0,0,24,
UNIFORME_PEQUENO,24,uniforme_pequeno_n24_v3,Guloso,false,SUCESSO,469,464,5,1,true,4,400.0000,0.535906,false,0.0030,0.0028,0.0111,0.0031,7,0.0003,24,0,0,24,
UNIFORME_PEQUENO,24,uniforme_pequeno_n24_v3,KarmarkarKarp,false,SUCESSO,466,467,1,1,true,0,0.0000,0.107181,true,0.0064,0.0060,0.0093,0.0013,7,0.0052,23,0,0,7,
UNIFORME_PEQUENO,24,uniforme_pequeno_n24_v4,Backtracking,true,SUCESSO,668,668,0,0,true,0,0.0000,0.000000,true,0.0890,0.0884,0.0910,0.0011,7,0.0002,30722,30722,0,24,
UNIFORME_PEQUENO,24,uniforme_pequeno_n24_v4,BranchAndBound,true,SUCESSO,668,668,0,0,true,0,0.0000,0.000000,true,0.0129,0.0126,0.0149,0.0010,7,0.0007,1539,1539,507,24,
UNIFORME_PEQUENO,24,uniforme_pequeno_n24_v4,ProgramacaoDinamica,true,SUCESSO,668,668,0,0,true,0,0.0000,0.000000,true,0.0319,0.0255,0.0385,0.0046,7,0.0167,16056,0,0,24,
UNIFORME_PEQUENO,24,uniforme_pequeno_n24_v4,Guloso,false,SUCESSO,675,661,14,0,true,14,,1.047904,false,0.0029,0.0027,0.0032,0.0002,7,0.0003,24,0,0,24,
UNIFORME_PEQUENO,24,uniforme_pequeno_n24_v4,KarmarkarKarp,false,SUCESSO,668,668,0,0,true,0,0.0000,0.000000,true,0.0091,0.0079,0.0169,0.0031,7,0.0052,23,0,0,7,
UNIFORME_PEQUENO,26,uniforme_pequeno_n26_v0,Backtracking,true,SUCESSO,628,628,0,0,true,0,0.0000,0.000000,true,0.0401,0.0400,0.0415,0.0005,7,0.0003,14092,14092,0,26,
UNIFORME_PEQUENO,26,uniforme_pequeno_n26_v0,BranchAndBound,true,SUCESSO,628,628,0,0,true,0,0.0000,0.000000,true,0.0192,0.0144,0.0212,0.0032,7,0.0007,2424,2424,657,26,
UNIFORME_PEQUENO,26,uniforme_pequeno_n26_v0,ProgramacaoDinamica,true,SUCESSO,628,628,0,0,true,0,0.0000,0.000000,true,0.0331,0.0256,0.0401,0.0053,7,0.0170,16354,0,0,26,
UNIFORME_PEQUENO,26,uniforme_pequeno_n26_v0,Guloso,false,SUCESSO,629,627,2,0,true,2,,0.159236,false,0.0036,0.0034,0.0044,0.0004,7,0.0003,26,0,0,26,
UNIFORME_PEQUENO,26,uniforme_pequeno_n26_v0,KarmarkarKarp,false,SUCESSO,628,628,0,0,true,0,0.0000,0.000000,true,0.0098,0.0087,0.0108,0.0007,7,0.0056,25,0,0,6,
UNIFORME_PEQUENO,26,uniforme_pequeno_n26_v1,Backtracking,true,SUCESSO,754,754,0,0,true,0,0.0000,0.000000,true,0.0818,0.0752,0.1052,0.0124,7,0.0003,24317,24317,0,26,
UNIFORME_PEQUENO,26,uniforme_pequeno_n26_v1,BranchAndBound,true,SUCESSO,754,754,0,0,true,0,0.0000,0.000000,true,0.0155,0.0148,0.0175,0.0009,7,0.0007,1858,1858,637,26,
UNIFORME_PEQUENO,26,uniforme_pequeno_n26_v1,ProgramacaoDinamica,true,SUCESSO,754,754,0,0,true,0,0.0000,0.000000,true,0.0501,0.0402,0.0679,0.0103,7,0.0203,19630,0,0,26,
UNIFORME_PEQUENO,26,uniforme_pequeno_n26_v1,Guloso,false,SUCESSO,754,754,0,0,true,0,0.0000,0.000000,true,0.0049,0.0038,0.0067,0.0010,7,0.0003,26,0,0,26,
UNIFORME_PEQUENO,26,uniforme_pequeno_n26_v1,KarmarkarKarp,false,SUCESSO,754,754,0,0,true,0,0.0000,0.000000,true,0.0145,0.0106,0.0197,0.0036,7,0.0056,25,0,0,9,
UNIFORME_PEQUENO,26,uniforme_pequeno_n26_v2,Backtracking,true,SUCESSO,677,676,1,1,true,0,0.0000,0.073910,true,210.4386,204.8613,220.3796,6.0101,7,0.0003,67108863,67108863,0,26,
UNIFORME_PEQUENO,26,uniforme_pequeno_n26_v2,BranchAndBound,true,SUCESSO,676,677,1,1,true,0,0.0000,0.073910,true,11.4177,10.7102,15.2575,1.5936,7,0.0007,2751607,2751607,1030408,26,
UNIFORME_PEQUENO,26,uniforme_pequeno_n26_v2,ProgramacaoDinamica,true,SUCESSO,676,677,1,1,true,0,0.0000,0.073910,true,0.0338,0.0264,0.0405,0.0053,7,0.0182,17602,0,0,26,
UNIFORME_PEQUENO,26,uniforme_pequeno_n26_v2,Guloso,false,SUCESSO,675,678,3,1,true,2,200.0000,0.221729,false,0.0034,0.0033,0.0036,0.0001,7,0.0003,26,0,0,26,
UNIFORME_PEQUENO,26,uniforme_pequeno_n26_v2,KarmarkarKarp,false,SUCESSO,677,676,1,1,true,0,0.0000,0.073910,true,0.0076,0.0065,0.0125,0.0021,7,0.0056,25,0,0,6,
UNIFORME_PEQUENO,26,uniforme_pequeno_n26_v3,Backtracking,true,SUCESSO,805,805,0,0,true,0,0.0000,0.000000,true,0.1370,0.1368,0.3298,0.0729,7,0.0003,48651,48651,0,26,
UNIFORME_PEQUENO,26,uniforme_pequeno_n26_v3,BranchAndBound,true,SUCESSO,805,805,0,0,true,0,0.0000,0.000000,true,0.0113,0.0112,0.0134,0.0009,7,0.0007,1892,1892,650,26,
UNIFORME_PEQUENO,26,uniforme_pequeno_n26_v3,ProgramacaoDinamica,true,SUCESSO,805,805,0,0,true,0,0.0000,0.000000,true,0.0348,0.0324,0.0526,0.0073,7,0.0215,20956,0,0,26,
UNIFORME_PEQUENO,26,uniforme_pequeno_n26_v3,Guloso,false,SUCESSO,805,805,0,0,true,0,0.0000,0.000000,true,0.0039,0.0037,0.0043,0.0002,7,0.0003,26,0,0,26,
UNIFORME_PEQUENO,26,uniforme_pequeno_n26_v3,KarmarkarKarp,false,SUCESSO,805,805,0,0,true,0,0.0000,0.000000,true,0.0135,0.0125,0.0346,0.0080,7,0.0056,25,0,0,7,
UNIFORME_PEQUENO,26,uniforme_pequeno_n26_v4,Backtracking,true,SUCESSO,632,633,1,1,true,0,0.0000,0.079051,true,218.9407,200.7835,231.8532,11.6962,7,0.0003,67108863,67108863,0,26,
UNIFORME_PEQUENO,26,uniforme_pequeno_n26_v4,BranchAndBound,true,SUCESSO,633,632,1,1,true,0,0.0000,0.079051,true,7.4807,7.3987,7.8915,0.1943,7,0.0007,1994607,1994607,633912,26,
UNIFORME_PEQUENO,26,uniforme_pequeno_n26_v4,ProgramacaoDinamica,true,SUCESSO,632,633,1,1,true,0,0.0000,0.079051,true,0.0343,0.0259,0.0458,0.0074,7,0.0172,16458,0,0,26,
UNIFORME_PEQUENO,26,uniforme_pequeno_n26_v4,Guloso,false,SUCESSO,633,632,1,1,true,0,0.0000,0.079051,true,0.0041,0.0038,0.4507,0.1688,7,0.0003,26,0,0,26,
UNIFORME_PEQUENO,26,uniforme_pequeno_n26_v4,KarmarkarKarp,false,SUCESSO,633,632,1,1,true,0,0.0000,0.079051,true,0.0120,0.0100,0.0339,0.0084,7,0.0056,25,0,0,6,
UNIFORME_PEQUENO,100,uniforme_pequeno_n100_v0,Backtracking,true,NAO_EXECUTADO,,,,,,,,,,,,,,,,,,,,Corte de seguranca da bateria padrao: algoritmo exponencial limitado a n <= 26.
UNIFORME_PEQUENO,100,uniforme_pequeno_n100_v0,BranchAndBound,true,NAO_EXECUTADO,,,,,,,,,,,,,,,,,,,,Corte de seguranca da bateria padrao: algoritmo exponencial limitado a n <= 26.
UNIFORME_PEQUENO,100,uniforme_pequeno_n100_v0,ProgramacaoDinamica,true,SUCESSO,2717,2718,1,1,true,0,0.0000,0.018399,true,0.4536,0.3620,0.7336,0.1310,7,0.2642,271800,0,0,100,
UNIFORME_PEQUENO,100,uniforme_pequeno_n100_v0,Guloso,false,SUCESSO,2718,2717,1,1,true,0,0.0000,0.018399,true,0.0484,0.0456,0.0531,0.0025,7,0.0010,100,0,0,100,
UNIFORME_PEQUENO,100,uniforme_pequeno_n100_v0,KarmarkarKarp,false,SUCESSO,2718,2717,1,1,true,0,0.0000,0.018399,true,0.0235,0.0226,0.0306,0.0028,7,0.0214,99,0,0,6,
UNIFORME_PEQUENO,100,uniforme_pequeno_n100_v1,Backtracking,true,NAO_EXECUTADO,,,,,,,,,,,,,,,,,,,,Corte de seguranca da bateria padrao: algoritmo exponencial limitado a n <= 26.
UNIFORME_PEQUENO,100,uniforme_pequeno_n100_v1,BranchAndBound,true,NAO_EXECUTADO,,,,,,,,,,,,,,,,,,,,Corte de seguranca da bateria padrao: algoritmo exponencial limitado a n <= 26.
UNIFORME_PEQUENO,100,uniforme_pequeno_n100_v1,ProgramacaoDinamica,true,SUCESSO,2637,2638,1,1,true,0,0.0000,0.018957,true,0.4648,0.4180,0.5903,0.0575,7,0.2565,263800,0,0,100,
UNIFORME_PEQUENO,100,uniforme_pequeno_n100_v1,Guloso,false,SUCESSO,2637,2638,1,1,true,0,0.0000,0.018957,true,0.0337,0.0310,0.0494,0.0065,7,0.0010,100,0,0,100,
UNIFORME_PEQUENO,100,uniforme_pequeno_n100_v1,KarmarkarKarp,false,SUCESSO,2637,2638,1,1,true,0,0.0000,0.018957,true,0.0454,0.0343,0.0620,0.0119,7,0.0216,99,0,0,7,
UNIFORME_PEQUENO,100,uniforme_pequeno_n100_v2,Backtracking,true,NAO_EXECUTADO,,,,,,,,,,,,,,,,,,,,Corte de seguranca da bateria padrao: algoritmo exponencial limitado a n <= 26.
UNIFORME_PEQUENO,100,uniforme_pequeno_n100_v2,BranchAndBound,true,NAO_EXECUTADO,,,,,,,,,,,,,,,,,,,,Corte de seguranca da bateria padrao: algoritmo exponencial limitado a n <= 26.
UNIFORME_PEQUENO,100,uniforme_pequeno_n100_v2,ProgramacaoDinamica,true,SUCESSO,2431,2431,0,0,true,0,0.0000,0.000000,true,0.4909,0.3791,0.7369,0.1385,7,0.2364,243200,0,0,100,
UNIFORME_PEQUENO,100,uniforme_pequeno_n100_v2,Guloso,false,SUCESSO,2431,2431,0,0,true,0,0.0000,0.000000,true,0.0362,0.0317,0.0513,0.0071,7,0.0010,100,0,0,100,
UNIFORME_PEQUENO,100,uniforme_pequeno_n100_v2,KarmarkarKarp,false,SUCESSO,2431,2431,0,0,true,0,0.0000,0.000000,true,0.0221,0.0210,0.0839,0.0246,7,0.0207,99,0,0,37,
UNIFORME_PEQUENO,100,uniforme_pequeno_n100_v3,Backtracking,true,NAO_EXECUTADO,,,,,,,,,,,,,,,,,,,,Corte de seguranca da bateria padrao: algoritmo exponencial limitado a n <= 26.
UNIFORME_PEQUENO,100,uniforme_pequeno_n100_v3,BranchAndBound,true,NAO_EXECUTADO,,,,,,,,,,,,,,,,,,,,Corte de seguranca da bateria padrao: algoritmo exponencial limitado a n <= 26.
UNIFORME_PEQUENO,100,uniforme_pequeno_n100_v3,ProgramacaoDinamica,true,SUCESSO,2345,2346,1,1,true,0,0.0000,0.021317,true,0.3687,0.3510,0.5616,0.0742,7,0.2287,234600,0,0,100,
UNIFORME_PEQUENO,100,uniforme_pequeno_n100_v3,Guloso,false,SUCESSO,2346,2345,1,1,true,0,0.0000,0.021317,true,0.0356,0.0322,0.0461,0.0048,7,0.0010,100,0,0,100,
UNIFORME_PEQUENO,100,uniforme_pequeno_n100_v3,KarmarkarKarp,false,SUCESSO,2345,2346,1,1,true,0,0.0000,0.021317,true,0.0240,0.0212,0.0405,0.0076,7,0.0216,99,0,0,5,
UNIFORME_PEQUENO,100,uniforme_pequeno_n100_v4,Backtracking,true,NAO_EXECUTADO,,,,,,,,,,,,,,,,,,,,Corte de seguranca da bateria padrao: algoritmo exponencial limitado a n <= 26.
UNIFORME_PEQUENO,100,uniforme_pequeno_n100_v4,BranchAndBound,true,NAO_EXECUTADO,,,,,,,,,,,,,,,,,,,,Corte de seguranca da bateria padrao: algoritmo exponencial limitado a n <= 26.
UNIFORME_PEQUENO,100,uniforme_pequeno_n100_v4,ProgramacaoDinamica,true,SUCESSO,2499,2500,1,1,true,0,0.0000,0.020004,true,0.5299,0.3794,0.8271,0.1862,7,0.2434,250000,0,0,100,
UNIFORME_PEQUENO,100,uniforme_pequeno_n100_v4,Guloso,false,SUCESSO,2500,2499,1,1,true,0,0.0000,0.020004,true,0.0440,0.0415,0.1894,0.0546,7,0.0010,100,0,0,100,
UNIFORME_PEQUENO,100,uniforme_pequeno_n100_v4,KarmarkarKarp,false,SUCESSO,2500,2499,1,1,true,0,0.0000,0.020004,true,0.0654,0.0394,0.1240,0.0335,7,0.0214,99,0,0,6,
UNIFORME_PEQUENO,1000,uniforme_pequeno_n1000_v0,Backtracking,true,NAO_EXECUTADO,,,,,,,,,,,,,,,,,,,,Corte de seguranca da bateria padrao: algoritmo exponencial limitado a n <= 26.
UNIFORME_PEQUENO,1000,uniforme_pequeno_n1000_v0,BranchAndBound,true,NAO_EXECUTADO,,,,,,,,,,,,,,,,,,,,Corte de seguranca da bateria padrao: algoritmo exponencial limitado a n <= 26.
UNIFORME_PEQUENO,1000,uniforme_pequeno_n1000_v0,ProgramacaoDinamica,true,SUCESSO,24956,24956,0,0,true,0,0.0000,0.000000,true,39.1222,35.9774,42.6424,2.8797,7,23.8477,24957000,0,0,1000,
UNIFORME_PEQUENO,1000,uniforme_pequeno_n1000_v0,Guloso,false,SUCESSO,24956,24956,0,0,true,0,0.0000,0.000000,true,0.6582,0.5103,0.9975,0.1574,7,0.0213,1000,0,0,1000,
UNIFORME_PEQUENO,1000,uniforme_pequeno_n1000_v0,KarmarkarKarp,false,SUCESSO,24956,24956,0,0,true,0,0.0000,0.000000,true,0.3581,0.3040,0.5065,0.0776,7,0.2301,999,0,0,276,
UNIFORME_PEQUENO,1000,uniforme_pequeno_n1000_v1,Backtracking,true,NAO_EXECUTADO,,,,,,,,,,,,,,,,,,,,Corte de seguranca da bateria padrao: algoritmo exponencial limitado a n <= 26.
UNIFORME_PEQUENO,1000,uniforme_pequeno_n1000_v1,BranchAndBound,true,NAO_EXECUTADO,,,,,,,,,,,,,,,,,,,,Corte de seguranca da bateria padrao: algoritmo exponencial limitado a n <= 26.
UNIFORME_PEQUENO,1000,uniforme_pequeno_n1000_v1,ProgramacaoDinamica,true,SUCESSO,26053,26053,0,0,true,0,0.0000,0.000000,true,54.6660,50.1437,76.4360,9.6954,7,24.8940,26054000,0,0,1000,
UNIFORME_PEQUENO,1000,uniforme_pequeno_n1000_v1,Guloso,false,SUCESSO,26053,26053,0,0,true,0,0.0000,0.000000,true,0.6710,0.4932,0.7077,0.0951,7,0.0213,1000,0,0,1000,
UNIFORME_PEQUENO,1000,uniforme_pequeno_n1000_v1,KarmarkarKarp,false,SUCESSO,26053,26053,0,0,true,0,0.0000,0.000000,true,0.2103,0.1925,0.5964,0.1465,7,0.2300,999,0,0,478,
UNIFORME_PEQUENO,1000,uniforme_pequeno_n1000_v2,Backtracking,true,NAO_EXECUTADO,,,,,,,,,,,,,,,,,,,,Corte de seguranca da bateria padrao: algoritmo exponencial limitado a n <= 26.
UNIFORME_PEQUENO,1000,uniforme_pequeno_n1000_v2,BranchAndBound,true,NAO_EXECUTADO,,,,,,,,,,,,,,,,,,,,Corte de seguranca da bateria padrao: algoritmo exponencial limitado a n <= 26.
UNIFORME_PEQUENO,1000,uniforme_pequeno_n1000_v2,ProgramacaoDinamica,true,SUCESSO,25417,25417,0,0,true,0,0.0000,0.000000,true,41.4897,38.2812,49.3352,4.2434,7,24.2907,25418000,0,0,1000,
UNIFORME_PEQUENO,1000,uniforme_pequeno_n1000_v2,Guloso,false,SUCESSO,25417,25417,0,0,true,0,0.0000,0.000000,true,0.4390,0.4284,0.9799,0.2031,7,0.0213,1000,0,0,1000,
UNIFORME_PEQUENO,1000,uniforme_pequeno_n1000_v2,KarmarkarKarp,false,SUCESSO,25417,25417,0,0,true,0,0.0000,0.000000,true,0.2366,0.2139,0.3006,0.0290,7,0.2301,999,0,0,298,
UNIFORME_PEQUENO,1000,uniforme_pequeno_n1000_v3,Backtracking,true,NAO_EXECUTADO,,,,,,,,,,,,,,,,,,,,Corte de seguranca da bateria padrao: algoritmo exponencial limitado a n <= 26.
UNIFORME_PEQUENO,1000,uniforme_pequeno_n1000_v3,BranchAndBound,true,NAO_EXECUTADO,,,,,,,,,,,,,,,,,,,,Corte de seguranca da bateria padrao: algoritmo exponencial limitado a n <= 26.
UNIFORME_PEQUENO,1000,uniforme_pequeno_n1000_v3,ProgramacaoDinamica,true,SUCESSO,25416,25416,0,0,true,0,0.0000,0.000000,true,38.4293,36.1358,42.9555,2.2137,7,24.2907,25417000,0,0,1000,
UNIFORME_PEQUENO,1000,uniforme_pequeno_n1000_v3,Guloso,false,SUCESSO,25416,25416,0,0,true,0,0.0000,0.000000,true,0.4428,0.4204,0.4965,0.0296,7,0.0213,1000,0,0,1000,
UNIFORME_PEQUENO,1000,uniforme_pequeno_n1000_v3,KarmarkarKarp,false,SUCESSO,25416,25416,0,0,true,0,0.0000,0.000000,true,0.2560,0.2135,0.3084,0.0316,7,0.2303,999,0,0,267,
UNIFORME_PEQUENO,1000,uniforme_pequeno_n1000_v4,Backtracking,true,NAO_EXECUTADO,,,,,,,,,,,,,,,,,,,,Corte de seguranca da bateria padrao: algoritmo exponencial limitado a n <= 26.
UNIFORME_PEQUENO,1000,uniforme_pequeno_n1000_v4,BranchAndBound,true,NAO_EXECUTADO,,,,,,,,,,,,,,,,,,,,Corte de seguranca da bateria padrao: algoritmo exponencial limitado a n <= 26.
UNIFORME_PEQUENO,1000,uniforme_pequeno_n1000_v4,ProgramacaoDinamica,true,SUCESSO,25663,25663,0,0,true,0,0.0000,0.000000,true,39.6596,35.5954,48.9810,4.6747,7,24.5198,25664000,0,0,1000,
UNIFORME_PEQUENO,1000,uniforme_pequeno_n1000_v4,Guloso,false,SUCESSO,25663,25663,0,0,true,0,0.0000,0.000000,true,0.5052,0.4931,0.9080,0.1502,7,0.0213,1000,0,0,1000,
UNIFORME_PEQUENO,1000,uniforme_pequeno_n1000_v4,KarmarkarKarp,false,SUCESSO,25663,25663,0,0,true,0,0.0000,0.000000,true,0.2067,0.1877,0.3189,0.0583,7,0.2301,999,0,0,379,
UNIFORME_PEQUENO,10000,uniforme_pequeno_n10000_v0,Backtracking,true,NAO_EXECUTADO,,,,,,,,,,,,,,,,,,,,Corte de seguranca da bateria padrao: algoritmo exponencial limitado a n <= 26.
UNIFORME_PEQUENO,10000,uniforme_pequeno_n10000_v0,BranchAndBound,true,NAO_EXECUTADO,,,,,,,,,,,,,,,,,,,,Corte de seguranca da bateria padrao: algoritmo exponencial limitado a n <= 26.
UNIFORME_PEQUENO,10000,uniforme_pequeno_n10000_v0,ProgramacaoDinamica,true,MEMORIA_INVIAVEL,,,,,,,,,,,,,,,,,,,,"Tabela de PD exigiria 2524242399 celulas (n=10000, somaTotal=504796), acima do limite de 1073741824."
UNIFORME_PEQUENO,10000,uniforme_pequeno_n10000_v0,Guloso,false,SUCESSO,252398,252398,0,0,false,0,0.0000,0.000000,,6.6758,6.2133,8.9338,0.8930,7,0.2482,10000,0,0,10000,
UNIFORME_PEQUENO,10000,uniforme_pequeno_n10000_v0,KarmarkarKarp,false,SUCESSO,252398,252398,0,0,false,0,0.0000,0.000000,,4.2575,3.0550,6.4823,1.1365,7,2.3332,9999,0,0,4416,
UNIFORME_PEQUENO,10000,uniforme_pequeno_n10000_v1,Backtracking,true,NAO_EXECUTADO,,,,,,,,,,,,,,,,,,,,Corte de seguranca da bateria padrao: algoritmo exponencial limitado a n <= 26.
UNIFORME_PEQUENO,10000,uniforme_pequeno_n10000_v1,BranchAndBound,true,NAO_EXECUTADO,,,,,,,,,,,,,,,,,,,,Corte de seguranca da bateria padrao: algoritmo exponencial limitado a n <= 26.
UNIFORME_PEQUENO,10000,uniforme_pequeno_n10000_v1,ProgramacaoDinamica,true,MEMORIA_INVIAVEL,,,,,,,,,,,,,,,,,,,,"Tabela de PD exigiria 2519941969 celulas (n=10000, somaTotal=503936), acima do limite de 1073741824."
UNIFORME_PEQUENO,10000,uniforme_pequeno_n10000_v1,Guloso,false,SUCESSO,251968,251968,0,0,false,0,0.0000,0.000000,,6.0759,4.3704,6.6556,0.8814,7,0.2482,10000,0,0,10000,
UNIFORME_PEQUENO,10000,uniforme_pequeno_n10000_v1,KarmarkarKarp,false,SUCESSO,251968,251968,0,0,false,0,0.0000,0.000000,,3.4110,2.9800,5.4546,1.0173,7,2.3330,9999,0,0,4817,
UNIFORME_PEQUENO,10000,uniforme_pequeno_n10000_v2,Backtracking,true,NAO_EXECUTADO,,,,,,,,,,,,,,,,,,,,Corte de seguranca da bateria padrao: algoritmo exponencial limitado a n <= 26.
UNIFORME_PEQUENO,10000,uniforme_pequeno_n10000_v2,BranchAndBound,true,NAO_EXECUTADO,,,,,,,,,,,,,,,,,,,,Corte de seguranca da bateria padrao: algoritmo exponencial limitado a n <= 26.
UNIFORME_PEQUENO,10000,uniforme_pequeno_n10000_v2,ProgramacaoDinamica,true,MEMORIA_INVIAVEL,,,,,,,,,,,,,,,,,,,,"Tabela de PD exigiria 2520191994 celulas (n=10000, somaTotal=503987), acima do limite de 1073741824."
UNIFORME_PEQUENO,10000,uniforme_pequeno_n10000_v2,Guloso,false,SUCESSO,251994,251993,1,1,false,0,0.0000,0.000198,,6.0429,4.6279,6.6688,0.7743,7,0.2482,10000,0,0,10000,
UNIFORME_PEQUENO,10000,uniforme_pequeno_n10000_v2,KarmarkarKarp,false,SUCESSO,251994,251993,1,1,false,0,0.0000,0.000198,,4.3671,3.6532,5.8969,0.6914,7,2.4781,9999,0,0,5,
UNIFORME_PEQUENO,10000,uniforme_pequeno_n10000_v3,Backtracking,true,NAO_EXECUTADO,,,,,,,,,,,,,,,,,,,,Corte de seguranca da bateria padrao: algoritmo exponencial limitado a n <= 26.
UNIFORME_PEQUENO,10000,uniforme_pequeno_n10000_v3,BranchAndBound,true,NAO_EXECUTADO,,,,,,,,,,,,,,,,,,,,Corte de seguranca da bateria padrao: algoritmo exponencial limitado a n <= 26.
UNIFORME_PEQUENO,10000,uniforme_pequeno_n10000_v3,ProgramacaoDinamica,true,MEMORIA_INVIAVEL,,,,,,,,,,,,,,,,,,,,"Tabela de PD exigiria 2533123287 celulas (n=10000, somaTotal=506573), acima do limite de 1073741824."
UNIFORME_PEQUENO,10000,uniforme_pequeno_n10000_v3,Guloso,false,SUCESSO,253287,253286,1,1,false,0,0.0000,0.000197,,3.7406,3.6000,4.6444,0.4197,7,0.2482,10000,0,0,10000,
UNIFORME_PEQUENO,10000,uniforme_pequeno_n10000_v3,KarmarkarKarp,false,SUCESSO,253286,253287,1,1,false,0,0.0000,0.000197,,4.3409,3.4963,4.8092,0.5474,7,2.4781,9999,0,0,4,
UNIFORME_PEQUENO,10000,uniforme_pequeno_n10000_v4,Backtracking,true,NAO_EXECUTADO,,,,,,,,,,,,,,,,,,,,Corte de seguranca da bateria padrao: algoritmo exponencial limitado a n <= 26.
UNIFORME_PEQUENO,10000,uniforme_pequeno_n10000_v4,BranchAndBound,true,NAO_EXECUTADO,,,,,,,,,,,,,,,,,,,,Corte de seguranca da bateria padrao: algoritmo exponencial limitado a n <= 26.
UNIFORME_PEQUENO,10000,uniforme_pequeno_n10000_v4,ProgramacaoDinamica,true,MEMORIA_INVIAVEL,,,,,,,,,,,,,,,,,,,,"Tabela de PD exigiria 2527332708 celulas (n=10000, somaTotal=505414), acima do limite de 1073741824."
UNIFORME_PEQUENO,10000,uniforme_pequeno_n10000_v4,Guloso,false,SUCESSO,252707,252707,0,0,false,0,0.0000,0.000000,,4.3112,3.7292,4.8506,0.4348,7,0.2482,10000,0,0,10000,
UNIFORME_PEQUENO,10000,uniforme_pequeno_n10000_v4,KarmarkarKarp,false,SUCESSO,252707,252707,0,0,false,0,0.0000,0.000000,,7.4842,4.1298,12.0387,2.9148,7,2.3329,9999,0,0,4461,
UNIFORME_GRANDE,10,uniforme_grande_n10_v0,Backtracking,true,SUCESSO,2918463,2906330,12133,12133,true,0,0.0000,0.208299,true,0.0052,0.0051,0.0053,0.0001,7,0.0002,1023,1023,0,10,
UNIFORME_GRANDE,10,uniforme_grande_n10_v0,BranchAndBound,true,SUCESSO,2918463,2906330,12133,12133,true,0,0.0000,0.208299,true,0.0024,0.0023,0.0026,0.0001,7,0.0004,289,289,73,10,
UNIFORME_GRANDE,10,uniforme_grande_n10_v0,ProgramacaoDinamica,true,SUCESSO,2906330,2918463,12133,12133,true,0,0.0000,0.208299,true,106.4704,54.6621,122.0588,27.4004,7,30.5527,29123970,0,0,10,
UNIFORME_GRANDE,10,uniforme_grande_n10_v0,Guloso,false,SUCESSO,2925777,2899016,26761,12133,true,14628,120.5638,0.459433,false,0.0010,0.0009,0.0011,0.0001,7,0.0002,10,0,0,10,
UNIFORME_GRANDE,10,uniforme_grande_n10_v0,KarmarkarKarp,false,SUCESSO,2918463,2906330,12133,12133,true,0,0.0000,0.208299,true,0.0016,0.0014,0.0017,0.0001,7,0.0024,9,0,0,6,
UNIFORME_GRANDE,10,uniforme_grande_n10_v1,Backtracking,true,SUCESSO,1555957,1552393,3564,3564,true,0,0.0000,0.114659,true,0.0048,0.0046,0.0052,0.0002,7,0.0002,1023,1023,0,10,
UNIFORME_GRANDE,10,uniforme_grande_n10_v1,BranchAndBound,true,SUCESSO,1552393,1555957,3564,3564,true,0,0.0000,0.114659,true,0.0035,0.0030,0.0037,0.0002,7,0.0004,279,279,66,10,
UNIFORME_GRANDE,10,uniforme_grande_n10_v1,ProgramacaoDinamica,true,SUCESSO,1552393,1555957,3564,3564,true,0,0.0000,0.114659,true,28.1969,24.0723,32.8220,3.1347,7,16.3043,15541760,0,0,10,
UNIFORME_GRANDE,10,uniforme_grande_n10_v1,Guloso,false,SUCESSO,1539682,1568668,28986,3564,true,25422,713.2997,0.932520,false,0.0008,0.0008,0.0009,0.0000,7,0.0002,10,0,0,10,
UNIFORME_GRANDE,10,uniforme_grande_n10_v1,KarmarkarKarp,false,SUCESSO,1563009,1545341,17668,3564,true,14104,395.7351,0.568404,false,0.0022,0.0013,0.0060,0.0018,7,0.0024,9,0,0,4,
UNIFORME_GRANDE,10,uniforme_grande_n10_v2,Backtracking,true,SUCESSO,2830156,2828590,1566,1566,true,0,0.0000,0.027674,true,0.0051,0.0049,0.0081,0.0011,7,0.0002,1023,1023,0,10,
UNIFORME_GRANDE,10,uniforme_grande_n10_v2,BranchAndBound,true,SUCESSO,2828590,2830156,1566,1566,true,0,0.0000,0.027674,true,0.0033,0.0033,0.0063,0.0011,7,0.0004,305,305,75,10,
UNIFORME_GRANDE,10,uniforme_grande_n10_v2,ProgramacaoDinamica,true,SUCESSO,2828590,2830156,1566,1566,true,0,0.0000,0.027674,true,49.1760,48.7895,54.9432,2.3116,7,29.6817,28293740,0,0,10,
UNIFORME_GRANDE,10,uniforme_grande_n10_v2,Guloso,false,SUCESSO,2874627,2784119,90508,1566,true,88942,5679.5658,1.599436,false,0.0008,0.0007,0.0009,0.0001,7,0.0002,10,0,0,10,
UNIFORME_GRANDE,10,uniforme_grande_n10_v2,KarmarkarKarp,false,SUCESSO,2846222,2812524,33698,1566,true,32132,2051.8519,0.595503,false,0.0010,0.0010,0.0011,0.0000,7,0.0024,9,0,0,5,
UNIFORME_GRANDE,10,uniforme_grande_n10_v3,Backtracking,true,SUCESSO,3257422,3261484,4062,4062,true,0,0.0000,0.062311,true,0.0033,0.0031,0.0049,0.0006,7,0.0002,1023,1023,0,10,
UNIFORME_GRANDE,10,uniforme_grande_n10_v3,BranchAndBound,true,SUCESSO,3261484,3257422,4062,4062,true,0,0.0000,0.062311,true,0.0038,0.0034,0.0042,0.0003,7,0.0004,333,333,111,10,
UNIFORME_GRANDE,10,uniforme_grande_n10_v3,ProgramacaoDinamica,true,SUCESSO,3257422,3261484,4062,4062,true,0,0.0000,0.062311,true,52.7117,50.4642,57.2664,2.4549,7,34.1934,32594540,0,0,10,
UNIFORME_GRANDE,10,uniforme_grande_n10_v3,Guloso,false,SUCESSO,3315523,3203383,112140,4062,true,108078,2660.7090,1.720227,false,0.0008,0.0007,0.0013,0.0002,7,0.0002,10,0,0,10,
UNIFORME_GRANDE,10,uniforme_grande_n10_v3,KarmarkarKarp,false,SUCESSO,3233954,3284952,50998,4062,true,46936,1155.4899,0.782309,false,0.0010,0.0009,0.0012,0.0001,7,0.0024,9,0,0,3,
UNIFORME_GRANDE,10,uniforme_grande_n10_v4,Backtracking,true,SUCESSO,3441147,3428209,12938,12938,true,0,0.0000,0.188344,true,0.0032,0.0031,0.0035,0.0001,7,0.0002,1023,1023,0,10,
UNIFORME_GRANDE,10,uniforme_grande_n10_v4,BranchAndBound,true,SUCESSO,3428209,3441147,12938,12938,true,0,0.0000,0.188344,true,0.0023,0.0022,0.0025,0.0001,7,0.0004,329,329,93,10,
UNIFORME_GRANDE,10,uniforme_grande_n10_v4,ProgramacaoDinamica,true,SUCESSO,3428209,3441147,12938,12938,true,0,0.0000,0.188344,true,56.0682,53.5491,66.2035,5.1844,7,36.0316,34346790,0,0,10,
UNIFORME_GRANDE,10,uniforme_grande_n10_v4,Guloso,false,SUCESSO,3527683,3341673,186010,12938,true,173072,1337.7029,2.707823,false,0.0006,0.0005,0.0006,0.0000,7,0.0002,10,0,0,10,
UNIFORME_GRANDE,10,uniforme_grande_n10_v4,KarmarkarKarp,false,SUCESSO,3458221,3411135,47086,12938,true,34148,263.9357,0.685450,false,0.0017,0.0017,0.0019,0.0001,7,0.0024,9,0,0,2,
UNIFORME_GRANDE,15,uniforme_grande_n15_v0,Backtracking,true,SUCESSO,3551062,3551552,490,490,true,0,0.0000,0.006899,true,0.1681,0.1584,0.2066,0.0156,7,0.0002,32767,32767,0,15,
UNIFORME_GRANDE,15,uniforme_grande_n15_v0,BranchAndBound,true,SUCESSO,3551062,3551552,490,490,true,0,0.0000,0.006899,true,0.0106,0.0098,0.0158,0.0022,7,0.0005,2099,2099,876,15,
UNIFORME_GRANDE,15,uniforme_grande_n15_v0,ProgramacaoDinamica,true,SUCESSO,3551062,3551552,490,490,true,0,0.0000,0.006899,true,94.1615,89.7040,102.2244,5.3139,7,54.1892,53269620,0,0,15,
UNIFORME_GRANDE,15,uniforme_grande_n15_v0,Guloso,false,SUCESSO,3563645,3538969,24676,490,true,24186,4935.9184,0.347421,false,0.0013,0.0012,0.0014,0.0001,7,0.0002,15,0,0,15,
UNIFORME_GRANDE,15,uniforme_grande_n15_v0,KarmarkarKarp,false,SUCESSO,3550812,3551802,990,490,true,500,102.0408,0.013939,false,0.0019,0.0019,0.0021,0.0001,7,0.0034,14,0,0,5,
UNIFORME_GRANDE,15,uniforme_grande_n15_v1,Backtracking,true,SUCESSO,4141487,4141903,416,416,true,0,0.0000,0.005022,true,0.1235,0.1235,0.1272,0.0014,7,0.0002,32767,32767,0,15,
UNIFORME_GRANDE,15,uniforme_grande_n15_v1,BranchAndBound,true,SUCESSO,4141487,4141903,416,416,true,0,0.0000,0.005022,true,0.0232,0.0227,0.0295,0.0026,7,0.0005,5551,5551,1566,15,
UNIFORME_GRANDE,15,uniforme_grande_n15_v1,ProgramacaoDinamica,true,SUCESSO,4141487,4141903,416,416,true,0,0.0000,0.005022,true,105.5677,101.0759,115.9596,4.9243,7,63.1977,62125440,0,0,15,
UNIFORME_GRANDE,15,uniforme_grande_n15_v1,Guloso,false,SUCESSO,4081818,4201572,119754,416,true,119338,28687.0192,1.445712,false,0.0018,0.0017,0.0019,0.0001,7,0.0002,15,0,0,15,
UNIFORME_GRANDE,15,uniforme_grande_n15_v1,KarmarkarKarp,false,SUCESSO,4141979,4141411,568,416,true,152,36.5385,0.006857,false,0.0015,0.0014,0.0016,0.0001,7,0.0034,14,0,0,6,
UNIFORME_GRANDE,15,uniforme_grande_n15_v2,Backtracking,true,SUCESSO,3121827,3121847,20,20,true,0,0.0000,0.000320,true,0.1239,0.1235,0.1240,0.0002,7,0.0002,32767,32767,0,15,
UNIFORME_GRANDE,15,uniforme_grande_n15_v2,BranchAndBound,true,SUCESSO,3121827,3121847,20,20,true,0,0.0000,0.000320,true,0.0248,0.0208,0.0381,0.0072,7,0.0005,2699,2699,1004,15,
UNIFORME_GRANDE,15,uniforme_grande_n15_v2,ProgramacaoDinamica,true,SUCESSO,3121827,3121847,20,20,true,0,0.0000,0.000320,true,136.6665,81.2222,202.0185,45.2455,7,47.6360,46827570,0,0,15,
UNIFORME_GRANDE,15,uniforme_grande_n15_v2,Guloso,false,SUCESSO,3107067,3136607,29540,20,true,29520,147600.0000,0.473119,false,0.0012,0.0011,0.0016,0.0002,7,0.0002,15,0,0,15,
UNIFORME_GRANDE,15,uniforme_grande_n15_v2,KarmarkarKarp,false,SUCESSO,3122147,3121527,620,20,true,600,3000.0000,0.009930,false,0.0017,0.0016,0.0022,0.0002,7,0.0034,14,0,0,6,
UNIFORME_GRANDE,15,uniforme_grande_n15_v3,Backtracking,true,SUCESSO,3213083,3213551,468,468,true,0,0.0000,0.007282,true,0.1887,0.1806,0.2204,0.0138,7,0.0002,32767,32767,0,15,
UNIFORME_GRANDE,15,uniforme_grande_n15_v3,BranchAndBound,true,SUCESSO,3213551,3213083,468,468,true,0,0.0000,0.007282,true,0.0171,0.0158,0.0203,0.0019,7,0.0005,1853,1853,717,15,
UNIFORME_GRANDE,15,uniforme_grande_n15_v3,ProgramacaoDinamica,true,SUCESSO,3213083,3213551,468,468,true,0,0.0000,0.007282,true,85.7842,84.8063,115.7570,11.4348,7,49.0318,48199770,0,0,15,
UNIFORME_GRANDE,15,uniforme_grande_n15_v3,Guloso,false,SUCESSO,3202777,3223857,21080,468,true,20612,4404.2735,0.328010,false,0.0014,0.0014,0.0015,0.0001,7,0.0002,15,0,0,15,
UNIFORME_GRANDE,15,uniforme_grande_n15_v3,KarmarkarKarp,false,SUCESSO,3203446,3223188,19742,468,true,19274,4118.3761,0.307190,false,0.0023,0.0022,0.0024,0.0001,7,0.0034,14,0,0,4,
UNIFORME_GRANDE,15,uniforme_grande_n15_v4,Backtracking,true,SUCESSO,3390860,3391028,168,168,true,0,0.0000,0.002477,true,0.1731,0.1237,0.1762,0.0263,7,0.0002,32767,32767,0,15,
UNIFORME_GRANDE,15,uniforme_grande_n15_v4,BranchAndBound,true,SUCESSO,3390860,3391028,168,168,true,0,0.0000,0.002477,true,0.0177,0.0169,0.0197,0.0009,7,0.0005,2559,2559,1100,15,
UNIFORME_GRANDE,15,uniforme_grande_n15_v4,ProgramacaoDinamica,true,SUCESSO,3390860,3391028,168,168,true,0,0.0000,0.002477,true,89.8531,83.2514,96.8544,4.5540,7,51.7423,50864175,0,0,15,
UNIFORME_GRANDE,15,uniforme_grande_n15_v4,Guloso,false,SUCESSO,3346837,3435051,88214,168,true,88046,52408.3333,1.300729,false,0.0008,0.0008,0.0009,0.0000,7,0.0002,15,0,0,15,
UNIFORME_GRANDE,15,uniforme_grande_n15_v4,KarmarkarKarp,false,SUCESSO,3390035,3391853,1818,168,true,1650,982.1429,0.026807,false,0.0016,0.0015,0.0017,0.0001,7,0.0034,14,0,0,5,
UNIFORME_GRANDE,20,uniforme_grande_n20_v0,Backtracking,true,SUCESSO,6732714,6732733,19,19,true,0,0.0000,0.000141,true,5.5987,4.0569,6.3869,0.7560,7,0.0002,1048575,1048575,0,20,
UNIFORME_GRANDE,20,uniforme_grande_n20_v0,BranchAndBound,true,SUCESSO,6732714,6732733,19,19,true,0,0.0000,0.000141,true,0.6237,0.6037,1.0269,0.1596,7,0.0006,160373,160373,44399,20,
UNIFORME_GRANDE,20,uniforme_grande_n20_v0,ProgramacaoDinamica,true,SUCESSO,6732714,6732733,19,19,true,0,0.0000,0.000141,true,243.0731,229.1952,251.8434,7.6130,7,134.8380,134654480,0,0,20,
UNIFORME_GRANDE,20,uniforme_grande_n20_v0,Guloso,false,SUCESSO,6720786,6744661,23875,19,true,23856,125557.8947,0.177306,false,0.0022,0.0021,0.0024,0.0001,7,0.0003,20,0,0,20,
UNIFORME_GRANDE,20,uniforme_grande_n20_v0,KarmarkarKarp,false,SUCESSO,6732279,6733168,889,19,true,870,4578.9474,0.006602,false,0.0039,0.0027,0.0060,0.0011,7,0.0044,19,0,0,6,
UNIFORME_GRANDE,20,uniforme_grande_n20_v1,Backtracking,true,SUCESSO,5362781,5362785,4,4,true,0,0.0000,0.000037,true,4.4081,2.9859,5.6577,0.9320,7,0.0002,1048575,1048575,0,20,
UNIFORME_GRANDE,20,uniforme_grande_n20_v1,BranchAndBound,true,SUCESSO,5362785,5362781,4,4,true,0,0.0000,0.000037,true,0.1659,0.1645,0.1711,0.0025,7,0.0006,41301,41301,19681,20,
UNIFORME_GRANDE,20,uniforme_grande_n20_v1,ProgramacaoDinamica,true,SUCESSO,5362781,5362785,4,4,true,0,0.0000,0.000037,true,202.4410,188.9791,203.1153,5.2312,7,107.4019,107255680,0,0,20,
UNIFORME_GRANDE,20,uniforme_grande_n20_v1,Guloso,false,SUCESSO,5373523,5352043,21480,4,true,21476,536900.0000,0.200269,false,0.0033,0.0032,0.0055,0.0008,7,0.0003,20,0,0,20,
UNIFORME_GRANDE,20,uniforme_grande_n20_v1,KarmarkarKarp,false,SUCESSO,5364346,5361220,3126,4,true,3122,78050.0000,0.029145,false,0.0082,0.0036,0.0085,0.0022,7,0.0044,19,0,0,4,
UNIFORME_GRANDE,20,uniforme_grande_n20_v2,Backtracking,true,SUCESSO,5201707,5201707,0,0,true,0,0.0000,0.000000,true,0.3720,0.3125,0.4871,0.0641,7,0.0002,110510,110510,0,20,
UNIFORME_GRANDE,20,uniforme_grande_n20_v2,BranchAndBound,true,SUCESSO,5201707,5201707,0,0,true,0,0.0000,0.000000,true,0.0692,0.0681,0.0862,0.0065,7,0.0006,17754,17754,7490,20,
UNIFORME_GRANDE,20,uniforme_grande_n20_v2,ProgramacaoDinamica,true,SUCESSO,5201707,5201707,0,0,true,0,0.0000,0.000000,true,188.8249,178.2314,198.9111,7.8396,7,104.1761,104034160,0,0,20,
UNIFORME_GRANDE,20,uniforme_grande_n20_v2,Guloso,false,SUCESSO,5198229,5205185,6956,0,true,6956,,0.066863,false,0.0017,0.0016,0.0019,0.0001,7,0.0003,20,0,0,20,
UNIFORME_GRANDE,20,uniforme_grande_n20_v2,KarmarkarKarp,false,SUCESSO,5201810,5201604,206,0,true,206,,0.001980,false,0.0023,0.0019,0.0029,0.0004,7,0.0044,19,0,0,8,
UNIFORME_GRANDE,20,uniforme_grande_n20_v3,Backtracking,true,SUCESSO,4573596,4573587,9,9,true,0,0.0000,0.000098,true,4.4265,3.9810,5.2708,0.4793,7,0.0002,1048575,1048575,0,20,
UNIFORME_GRANDE,20,uniforme_grande_n20_v3,BranchAndBound,true,SUCESSO,4573587,4573596,9,9,true,0,0.0000,0.000098,true,0.1623,0.1239,0.1950,0.0264,7,0.0006,30111,30111,14638,20,
UNIFORME_GRANDE,20,uniforme_grande_n20_v3,ProgramacaoDinamica,true,SUCESSO,4573587,4573596,9,9,true,0,0.0000,0.000098,true,167.1296,161.1104,176.8501,5.0311,7,91.5966,91471840,0,0,20,
UNIFORME_GRANDE,20,uniforme_grande_n20_v3,Guloso,false,SUCESSO,4583370,4563813,19557,9,true,19548,217200.0000,0.213804,false,0.0017,0.0016,0.0019,0.0001,7,0.0003,20,0,0,20,
UNIFORME_GRANDE,20,uniforme_grande_n20_v3,KarmarkarKarp,false,SUCESSO,4574585,4572598,1987,9,true,1978,21977.7778,0.021723,false,0.0020,0.0019,0.0022,0.0001,7,0.0044,19,0,0,7,
UNIFORME_GRANDE,20,uniforme_grande_n20_v4,Backtracking,true,SUCESSO,5646862,5646872,10,10,true,0,0.0000,0.000089,true,4.6182,3.1254,5.1365,0.7960,7,0.0002,1048575,1048575,0,20,
UNIFORME_GRANDE,20,uniforme_grande_n20_v4,BranchAndBound,true,SUCESSO,5646872,5646862,10,10,true,0,0.0000,0.000089,true,0.6025,0.5741,0.9570,0.1358,7,0.0006,92411,92411,34510,20,
UNIFORME_GRANDE,20,uniforme_grande_n20_v4,ProgramacaoDinamica,true,SUCESSO,5646862,5646872,10,10,true,0,0.0000,0.000089,true,208.4592,201.5307,217.9899,4.9817,7,113.0914,112937360,0,0,20,
UNIFORME_GRANDE,20,uniforme_grande_n20_v4,Guloso,false,SUCESSO,5648163,5645571,2592,10,true,2582,25820.0000,0.022951,false,0.0022,0.0021,0.0024,0.0001,7,0.0003,20,0,0,20,
UNIFORME_GRANDE,20,uniforme_grande_n20_v4,KarmarkarKarp,false,SUCESSO,5646500,5647234,734,10,true,724,7240.0000,0.006499,false,0.0028,0.0027,0.0033,0.0002,7,0.0044,19,0,0,6,
UNIFORME_GRANDE,22,uniforme_grande_n22_v0,Backtracking,true,SUCESSO,4126464,4126461,3,3,true,0,0.0000,0.000036,true,18.4753,15.2944,21.5224,1.8687,7,0.0002,4194303,4194303,0,22,
UNIFORME_GRANDE,22,uniforme_grande_n22_v0,BranchAndBound,true,SUCESSO,4126461,4126464,3,3,true,0,0.0000,0.000036,true,0.5318,0.5195,0.7191,0.0812,7,0.0006,114373,114373,48389,22,
UNIFORME_GRANDE,22,uniforme_grande_n22_v0,ProgramacaoDinamica,true,SUCESSO,4126461,4126464,3,3,true,0,0.0000,0.000036,true,192.1066,176.8431,199.2480,7.4222,7,90.5126,90782186,0,0,22,
UNIFORME_GRANDE,22,uniforme_grande_n22_v0,Guloso,false,SUCESSO,4126771,4126154,617,3,true,614,20466.6667,0.007476,false,0.0027,0.0026,0.0030,0.0002,7,0.0003,22,0,0,22,
UNIFORME_GRANDE,22,uniforme_grande_n22_v0,KarmarkarKarp,false,SUCESSO,4126367,4126558,191,3,true,188,6266.6667,0.002314,false,0.0040,0.0033,0.0081,0.0017,7,0.0048,21,0,0,6,
UNIFORME_GRANDE,22,uniforme_grande_n22_v1,Backtracking,true,SUCESSO,4967455,4967454,1,1,true,0,0.0000,0.000010,true,17.2342,15.6227,20.1786,1.9172,7,0.0002,4194303,4194303,0,22,
UNIFORME_GRANDE,22,uniforme_grande_n22_v1,BranchAndBound,true,SUCESSO,4967454,4967455,1,1,true,0,0.0000,0.000010,true,1.9087,1.5915,2.1110,0.1854,7,0.0006,352309,352309,105541,22,
UNIFORME_GRANDE,22,uniforme_grande_n22_v1,ProgramacaoDinamica,true,SUCESSO,4967454,4967455,1,1,true,0,0.0000,0.000010,true,228.5641,218.5707,247.2494,9.7185,7,108.9593,109284010,0,0,22,
UNIFORME_GRANDE,22,uniforme_grande_n22_v1,Guloso,false,SUCESSO,4967730,4967179,551,1,true,550,55000.0000,0.005546,false,0.0021,0.0020,0.0022,0.0001,7,0.0003,22,0,0,22,
UNIFORME_GRANDE,22,uniforme_grande_n22_v1,KarmarkarKarp,false,SUCESSO,4967627,4967282,345,1,true,344,34400.0000,0.003473,false,0.0033,0.0031,0.0038,0.0002,7,0.0048,21,0,0,5,
UNIFORME_GRANDE,22,uniforme_grande_n22_v2,Backtracking,true,SUCESSO,4616862,4616862,0,0,true,0,0.0000,0.000000,true,4.3023,3.4057,5.6879,0.8601,7,0.0002,1153650,1153650,0,22,
UNIFORME_GRANDE,22,uniforme_grande_n22_v2,BranchAndBound,true,SUCESSO,4616862,4616862,0,0,true,0,0.0000,0.000000,true,0.8227,0.6656,0.9797,0.1235,7,0.0006,163888,163888,63553,22,
UNIFORME_GRANDE,22,uniforme_grande_n22_v2,ProgramacaoDinamica,true,SUCESSO,4616862,4616862,0,0,true,0,0.0000,0.000000,true,214.6422,211.5545,229.3023,6.1587,7,101.2693,101570986,0,0,22,
UNIFORME_GRANDE,22,uniforme_grande_n22_v2,Guloso,false,SUCESSO,4585974,4647750,61776,0,true,61776,,0.669026,false,0.0041,0.0039,0.0046,0.0002,7,0.0003,22,0,0,22,
UNIFORME_GRANDE,22,uniforme_grande_n22_v2,KarmarkarKarp,false,SUCESSO,4616969,4616755,214,0,true,214,,0.002318,false,0.0030,0.0026,0.0033,0.0003,7,0.0048,21,0,0,8,
UNIFORME_GRANDE,22,uniforme_grande_n22_v3,Backtracking,true,SUCESSO,5333447,5333446,1,1,true,0,0.0000,0.000009,true,16.6850,15.9435,17.5980,0.5838,7,0.0002,4194303,4194303,0,22,
UNIFORME_GRANDE,22,uniforme_grande_n22_v3,BranchAndBound,true,SUCESSO,5333446,5333447,1,1,true,0,0.0000,0.000009,true,1.4096,1.0859,1.6404,0.2000,7,0.0006,265089,265089,99281,22,
UNIFORME_GRANDE,22,uniforme_grande_n22_v3,ProgramacaoDinamica,true,SUCESSO,5333446,5333447,1,1,true,0,0.0000,0.000009,true,234.5216,222.8890,257.5306,11.0734,7,116.9872,117335834,0,0,22,
UNIFORME_GRANDE,22,uniforme_grande_n22_v3,Guloso,false,SUCESSO,5323700,5343193,19493,1,true,19492,1949200.0000,0.182743,false,0.0019,0.0019,0.0021,0.0001,7,0.0003,22,0,0,22,
UNIFORME_GRANDE,22,uniforme_grande_n22_v3,KarmarkarKarp,false,SUCESSO,5333295,5333598,303,1,true,302,30200.0000,0.002841,false,0.0039,0.0039,0.0043,0.0002,7,0.0048,21,0,0,7,
UNIFORME_GRANDE,22,uniforme_grande_n22_v4,Backtracking,true,SUCESSO,5231027,5231027,0,0,true,0,0.0000,0.000000,true,7.6532,6.6246,9.0893,0.9071,7,0.0002,1968006,1968006,0,22,
UNIFORME_GRANDE,22,uniforme_grande_n22_v4,BranchAndBound,true,SUCESSO,5231027,5231027,0,0,true,0,0.0000,0.000000,true,0.8834,0.8243,1.0547,0.0806,7,0.0006,151506,151506,56409,22,
UNIFORME_GRANDE,22,uniforme_grande_n22_v4,ProgramacaoDinamica,true,SUCESSO,5231027,5231027,0,0,true,0,0.0000,0.000000,true,224.7072,218.3024,235.4319,5.5526,7,114.7407,115082616,0,0,22,
UNIFORME_GRANDE,22,uniforme_grande_n22_v4,Guloso,false,SUCESSO,5193872,5268182,74310,0,true,74310,,0.710281,false,0.0034,0.0033,0.0035,0.0001,7,0.0003,22,0,0,22,
UNIFORME_GRANDE,22,uniforme_grande_n22_v4,KarmarkarKarp,false,SUCESSO,5231780,5230274,1506,0,true,1506,,0.014395,false,0.0030,0.0028,0.0031,0.0001,7,0.0048,21,0,0,5,
UNIFORME_GRANDE,24,uniforme_grande_n24_v0,Backtracking,true,SUCESSO,7240777,7240777,0,0,true,0,0.0000,0.000000,true,32.6837,31.1111,38.1321,2.6417,7,0.0002,8106270,8106270,0,24,
UNIFORME_GRANDE,24,uniforme_grande_n24_v0,BranchAndBound,true,SUCESSO,7240777,7240777,0,0,true,0,0.0000,0.000000,true,4.4079,4.0571,4.4420,0.1615,7,0.0007,777700,777700,285564,24,
UNIFORME_GRANDE,24,uniforme_grande_n24_v0,ProgramacaoDinamica,true,SUCESSO,7240777,7240777,0,0,true,0,0.0000,0.000000,true,363.0085,309.5549,399.8478,30.2019,7,172.6344,173778672,0,0,24,
UNIFORME_GRANDE,24,uniforme_grande_n24_v0,Guloso,false,SUCESSO,7243149,7238405,4744,0,true,4744,,0.032759,false,0.0045,0.0036,0.0047,0.0004,7,0.0003,24,0,0,24,
UNIFORME_GRANDE,24,uniforme_grande_n24_v0,KarmarkarKarp,false,SUCESSO,7240680,7240874,194,0,true,194,,0.001340,false,0.0024,0.0023,0.0040,0.0006,7,0.0052,23,0,0,7,
UNIFORME_GRANDE,24,uniforme_grande_n24_v1,Backtracking,true,SUCESSO,5073802,5073801,1,1,true,0,0.0000,0.000010,true,65.1878,63.9933,71.5611,2.8105,7,0.0002,16777215,16777215,0,24,
UNIFORME_GRANDE,24,uniforme_grande_n24_v1,BranchAndBound,true,SUCESSO,5073801,5073802,1,1,true,0,0.0000,0.000010,true,2.8158,2.3755,3.9298,0.5664,7,0.0007,625799,625799,224290,24,
UNIFORME_GRANDE,24,uniforme_grande_n24_v1,ProgramacaoDinamica,true,SUCESSO,5073801,5073802,1,1,true,0,0.0000,0.000010,true,275.8170,255.0035,288.3252,13.1065,7,120.9697,121771248,0,0,24,
UNIFORME_GRANDE,24,uniforme_grande_n24_v1,Guloso,false,SUCESSO,5070814,5076789,5975,1,true,5974,597400.0000,0.058881,false,0.0021,0.0020,0.0022,0.0001,7,0.0003,24,0,0,24,
UNIFORME_GRANDE,24,uniforme_grande_n24_v1,KarmarkarKarp,false,SUCESSO,5077927,5069676,8251,1,true,8250,825000.0000,0.081310,false,0.0025,0.0025,0.0027,0.0001,7,0.0052,23,0,0,6,
UNIFORME_GRANDE,24,uniforme_grande_n24_v2,Backtracking,true,SUCESSO,5942393,5942393,0,0,true,0,0.0000,0.000000,true,34.3603,33.0476,37.9041,1.6885,7,0.0002,9896915,9896915,0,24,
UNIFORME_GRANDE,24,uniforme_grande_n24_v2,BranchAndBound,true,SUCESSO,5942393,5942393,0,0,true,0,0.0000,0.000000,true,0.0668,0.0636,0.0777,0.0048,7,0.0007,12580,12580,4988,24,
UNIFORME_GRANDE,24,uniforme_grande_n24_v2,ProgramacaoDinamica,true,SUCESSO,5942393,5942393,0,0,true,0,0.0000,0.000000,true,285.7327,272.2399,310.0968,12.9971,7,141.6785,142617456,0,0,24,
UNIFORME_GRANDE,24,uniforme_grande_n24_v2,Guloso,false,SUCESSO,5901549,5983237,81688,0,true,81688,,0.687333,false,0.0024,0.0022,0.0025,0.0001,7,0.0003,24,0,0,24,
UNIFORME_GRANDE,24,uniforme_grande_n24_v2,KarmarkarKarp,false,SUCESSO,5942707,5942079,628,0,true,628,,0.005284,false,0.0033,0.0032,0.0038,0.0002,7,0.0052,23,0,0,6,
UNIFORME_GRANDE,24,uniforme_grande_n24_v3,Backtracking,true,SUCESSO,6033594,6033594,0,0,true,0,0.0000,0.000000,true,3.7350,3.4174,4.9927,0.6713,7,0.0002,1165642,1165642,0,24,
UNIFORME_GRANDE,24,uniforme_grande_n24_v3,BranchAndBound,true,SUCESSO,6033594,6033594,0,0,true,0,0.0000,0.000000,true,0.0444,0.0324,0.0507,0.0063,7,0.0007,7287,7287,2778,24,
UNIFORME_GRANDE,24,uniforme_grande_n24_v3,ProgramacaoDinamica,true,SUCESSO,6033594,6033594,0,0,true,0,0.0000,0.000000,true,278.6456,267.9980,355.4246,30.6765,7,143.8529,144806280,0,0,24,
UNIFORME_GRANDE,24,uniforme_grande_n24_v3,Guloso,false,SUCESSO,6044600,6022588,22012,0,true,22012,,0.182412,false,0.0029,0.0028,0.0030,0.0001,7,0.0003,24,0,0,24,
UNIFORME_GRANDE,24,uniforme_grande_n24_v3,KarmarkarKarp,false,SUCESSO,6033600,6033588,12,0,true,12,,0.000099,false,0.0024,0.0024,0.0026,0.0001,7,0.0052,23,0,0,8,
UNIFORME_GRANDE,24,uniforme_grande_n24_v4,Backtracking,true,SUCESSO,6167916,6167916,0,0,true,0,0.0000,0.000000,true,20.9258,18.3567,23.3575,1.6920,7,0.0002,6147113,6147113,0,24,
UNIFORME_GRANDE,24,uniforme_grande_n24_v4,BranchAndBound,true,SUCESSO,6167916,6167916,0,0,true,0,0.0000,0.000000,true,1.9799,1.9174,2.5835,0.2382,7,0.0007,512685,512685,162676,24,
UNIFORME_GRANDE,24,uniforme_grande_n24_v4,ProgramacaoDinamica,true,SUCESSO,6167916,6167916,0,0,true,0,0.0000,0.000000,true,332.3359,311.1094,346.1398,12.9651,7,147.0553,148030008,0,0,24,
UNIFORME_GRANDE,24,uniforme_grande_n24_v4,Guloso,false,SUCESSO,6167157,6168675,1518,0,true,1518,,0.012306,false,0.0026,0.0026,0.0032,0.0003,7,0.0003,24,0,0,24,
UNIFORME_GRANDE,24,uniforme_grande_n24_v4,KarmarkarKarp,false,SUCESSO,6167674,6168158,484,0,true,484,,0.003924,false,0.0024,0.0024,0.0026,0.0001,7,0.0052,23,0,0,7,
UNIFORME_GRANDE,26,uniforme_grande_n26_v0,Backtracking,true,SUCESSO,6053165,6053164,1,1,true,0,0.0000,0.000008,true,233.9247,205.2890,266.1647,25.0858,7,0.0003,67108863,67108863,0,26,
UNIFORME_GRANDE,26,uniforme_grande_n26_v0,BranchAndBound,true,SUCESSO,6053165,6053164,1,1,true,0,0.0000,0.000008,true,9.9201,8.9612,10.8304,0.6956,7,0.0007,1833853,1833853,548369,26,
UNIFORME_GRANDE,26,uniforme_grande_n26_v0,ProgramacaoDinamica,true,SUCESSO,6053164,6053165,1,1,true,0,0.0000,0.000008,true,366.9712,343.4128,372.5056,11.0503,7,155.8650,157382290,0,0,26,
UNIFORME_GRANDE,26,uniforme_grande_n26_v0,Guloso,false,SUCESSO,6072886,6033443,39443,1,true,39442,3944200.0000,0.325805,false,0.0037,0.0035,0.0042,0.0002,7,0.0003,26,0,0,26,
UNIFORME_GRANDE,26,uniforme_grande_n26_v0,KarmarkarKarp,false,SUCESSO,6053035,6053294,259,1,true,258,25800.0000,0.002139,false,0.0026,0.0026,0.0043,0.0006,7,0.0056,25,0,0,6,
UNIFORME_GRANDE,26,uniforme_grande_n26_v1,Backtracking,true,SUCESSO,6560238,6560237,1,1,true,0,0.0000,0.000008,true,273.5046,220.5827,285.2865,22.5342,7,0.0003,67108863,67108863,0,26,
UNIFORME_GRANDE,26,uniforme_grande_n26_v1,BranchAndBound,true,SUCESSO,6560237,6560238,1,1,true,0,0.0000,0.000008,true,11.1345,8.1365,13.1784,2.3901,7,0.0007,2010581,2010581,903181,26,
UNIFORME_GRANDE,26,uniforme_grande_n26_v1,ProgramacaoDinamica,true,SUCESSO,6560237,6560238,1,1,true,0,0.0000,0.000008,true,380.1490,345.5935,397.4269,19.2133,7,168.9217,170566188,0,0,26,
UNIFORME_GRANDE,26,uniforme_grande_n26_v1,Guloso,false,SUCESSO,6565085,6555390,9695,1,true,9694,969400.0000,0.073892,false,0.0025,0.0023,0.0027,0.0001,7,0.0003,26,0,0,26,
UNIFORME_GRANDE,26,uniforme_grande_n26_v1,KarmarkarKarp,false,SUCESSO,6559870,6560605,735,1,true,734,73400.0000,0.005602,false,0.0066,0.0037,0.0079,0.0015,7,0.0056,25,0,0,6,
UNIFORME_GRANDE,26,uniforme_grande_n26_v2,Backtracking,true,SUCESSO,5379138,5379137,1,1,true,0,0.0000,0.000009,true,230.1604,217.2436,253.7429,13.7977,7,0.0003,67108863,67108863,0,26,
UNIFORME_GRANDE,26,uniforme_grande_n26_v2,BranchAndBound,true,SUCESSO,5379137,5379138,1,1,true,0,0.0000,0.000009,true,3.2441,3.1353,3.4644,0.1247,7,0.0007,826985,826985,255719,26,
UNIFORME_GRANDE,26,uniforme_grande_n26_v2,ProgramacaoDinamica,true,SUCESSO,5379137,5379138,1,1,true,0,0.0000,0.000009,true,302.6629,288.6265,311.7419,9.3198,7,138.5094,139857588,0,0,26,
UNIFORME_GRANDE,26,uniforme_grande_n26_v2,Guloso,false,SUCESSO,5380779,5377496,3283,1,true,3282,328200.0000,0.030516,false,0.0023,0.0022,0.0025,0.0001,7,0.0003,26,0,0,26,
UNIFORME_GRANDE,26,uniforme_grande_n26_v2,KarmarkarKarp,false,SUCESSO,5379099,5379176,77,1,true,76,7600.0000,0.000716,false,0.0039,0.0039,0.0042,0.0001,7,0.0056,25,0,0,6,
UNIFORME_GRANDE,26,uniforme_grande_n26_v3,Backtracking,true,SUCESSO,6418915,6418915,0,0,true,0,0.0000,0.000000,true,35.1071,29.7368,37.1249,3.1405,7,0.0003,7546614,7546614,0,26,
UNIFORME_GRANDE,26,uniforme_grande_n26_v3,BranchAndBound,true,SUCESSO,6418915,6418915,0,0,true,0,0.0000,0.000000,true,0.8836,0.8448,1.0406,0.0643,7,0.0007,203256,203256,93188,26,
UNIFORME_GRANDE,26,uniforme_grande_n26_v3,ProgramacaoDinamica,true,SUCESSO,6418915,6418915,0,0,true,0,0.0000,0.000000,true,375.6448,357.7291,431.1709,24.3581,7,165.2828,166891816,0,0,26,
UNIFORME_GRANDE,26,uniforme_grande_n26_v3,Guloso,false,SUCESSO,6426801,6411029,15772,0,true,15772,,0.122856,false,0.0031,0.0029,0.0037,0.0003,7,0.0003,26,0,0,26,
UNIFORME_GRANDE,26,uniforme_grande_n26_v3,KarmarkarKarp,false,SUCESSO,6418879,6418951,72,0,true,72,,0.000561,false,0.0035,0.0027,0.0038,0.0004,7,0.0056,25,0,0,8,
UNIFORME_GRANDE,26,uniforme_grande_n26_v4,Backtracking,true,SUCESSO,7209015,7209014,1,1,true,0,0.0000,0.000007,true,251.8913,240.3993,272.6320,13.9759,7,0.0003,67108863,67108863,0,26,
UNIFORME_GRANDE,26,uniforme_grande_n26_v4,BranchAndBound,true,SUCESSO,7209015,7209014,1,1,true,0,0.0000,0.000007,true,23.8130,21.3647,24.8283,1.3615,7,0.0007,4884933,4884933,1916267,26,
UNIFORME_GRANDE,26,uniforme_grande_n26_v4,ProgramacaoDinamica,true,SUCESSO,7209014,7209015,1,1,true,0,0.0000,0.000007,true,381.5787,369.8753,393.5055,8.3252,7,185.6271,187434390,0,0,26,
UNIFORME_GRANDE,26,uniforme_grande_n26_v4,Guloso,false,SUCESSO,7184846,7233183,48337,1,true,48336,4833600.0000,0.335254,false,0.0034,0.0033,0.0036,0.0001,7,0.0003,26,0,0,26,
UNIFORME_GRANDE,26,uniforme_grande_n26_v4,KarmarkarKarp,false,SUCESSO,7207133,7210896,3763,1,true,3762,376200.0000,0.026099,false,0.0037,0.0031,0.0041,0.0004,7,0.0056,25,0,0,7,
UNIFORME_GRANDE,100,uniforme_grande_n100_v0,Backtracking,true,NAO_EXECUTADO,,,,,,,,,,,,,,,,,,,,Corte de seguranca da bateria padrao: algoritmo exponencial limitado a n <= 26.
UNIFORME_GRANDE,100,uniforme_grande_n100_v0,BranchAndBound,true,NAO_EXECUTADO,,,,,,,,,,,,,,,,,,,,Corte de seguranca da bateria padrao: algoritmo exponencial limitado a n <= 26.
UNIFORME_GRANDE,100,uniforme_grande_n100_v0,ProgramacaoDinamica,true,MEMORIA_INVIAVEL,,,,,,,,,,,,,,,,,,,,"Tabela de PD exigiria 2436337352 celulas (n=100, somaTotal=48244303), acima do limite de 1073741824."
UNIFORME_GRANDE,100,uniforme_grande_n100_v0,Guloso,false,SUCESSO,24126439,24117864,8575,1,false,8574,857400.0000,0.017774,,0.0142,0.0129,0.0153,0.0008,7,0.0010,100,0,0,100,
UNIFORME_GRANDE,100,uniforme_grande_n100_v0,KarmarkarKarp,false,SUCESSO,24122151,24122152,1,1,false,0,0.0000,0.000002,,0.0198,0.0196,0.0396,0.0085,7,0.0208,99,0,0,9,
UNIFORME_GRANDE,100,uniforme_grande_n100_v1,Backtracking,true,NAO_EXECUTADO,,,,,,,,,,,,,,,,,,,,Corte de seguranca da bateria padrao: algoritmo exponencial limitado a n <= 26.
UNIFORME_GRANDE,100,uniforme_grande_n100_v1,BranchAndBound,true,NAO_EXECUTADO,,,,,,,,,,,,,,,,,,,,Corte de seguranca da bateria padrao: algoritmo exponencial limitado a n <= 26.
UNIFORME_GRANDE,100,uniforme_grande_n100_v1,ProgramacaoDinamica,true,MEMORIA_INVIAVEL,,,,,,,,,,,,,,,,,,,,"Tabela de PD exigiria 2559194863 celulas (n=100, somaTotal=50677125), acima do limite de 1073741824."
UNIFORME_GRANDE,100,uniforme_grande_n100_v1,Guloso,false,SUCESSO,25339836,25337289,2547,1,false,2546,254600.0000,0.005026,,0.0132,0.0117,0.0139,0.0009,7,0.0010,100,0,0,100,
UNIFORME_GRANDE,100,uniforme_grande_n100_v1,KarmarkarKarp,false,SUCESSO,25338562,25338563,1,1,false,0,0.0000,0.000002,,0.0164,0.0149,0.0393,0.0099,7,0.0208,99,0,0,10,
UNIFORME_GRANDE,100,uniforme_grande_n100_v2,Backtracking,true,NAO_EXECUTADO,,,,,,,,,,,,,,,,,,,,Corte de seguranca da bateria padrao: algoritmo exponencial limitado a n <= 26.
UNIFORME_GRANDE,100,uniforme_grande_n100_v2,BranchAndBound,true,NAO_EXECUTADO,,,,,,,,,,,,,,,,,,,,Corte de seguranca da bateria padrao: algoritmo exponencial limitado a n <= 26.
UNIFORME_GRANDE,100,uniforme_grande_n100_v2,ProgramacaoDinamica,true,MEMORIA_INVIAVEL,,,,,,,,,,,,,,,,,,,,"Tabela de PD exigiria 2835217056 celulas (n=100, somaTotal=56142910), acima do limite de 1073741824."
UNIFORME_GRANDE,100,uniforme_grande_n100_v2,Guloso,false,SUCESSO,28073923,28068987,4936,0,false,4936,,0.008792,,0.0148,0.0129,0.0172,0.0015,7,0.0010,100,0,0,100,
UNIFORME_GRANDE,100,uniforme_grande_n100_v2,KarmarkarKarp,false,SUCESSO,28071455,28071455,0,0,false,0,0.0000,0.000000,,0.0194,0.0140,0.0410,0.0109,7,0.0208,99,0,0,9,
UNIFORME_GRANDE,100,uniforme_grande_n100_v3,Backtracking,true,NAO_EXECUTADO,,,,,,,,,,,,,,,,,,,,Corte de seguranca da bateria padrao: algoritmo exponencial limitado a n <= 26.
UNIFORME_GRANDE,100,uniforme_grande_n100_v3,BranchAndBound,true,NAO_EXECUTADO,,,,,,,,,,,,,,,,,,,,Corte de seguranca da bateria padrao: algoritmo exponencial limitado a n <= 26.
UNIFORME_GRANDE,100,uniforme_grande_n100_v3,ProgramacaoDinamica,true,MEMORIA_INVIAVEL,,,,,,,,,,,,,,,,,,,,"Tabela de PD exigiria 2713161283 celulas (n=100, somaTotal=53725964), acima do limite de 1073741824."
UNIFORME_GRANDE,100,uniforme_grande_n100_v3,Guloso,false,SUCESSO,26862077,26863887,1810,0,false,1810,,0.003369,,0.0134,0.0124,0.0163,0.0014,7,0.0010,100,0,0,100,
UNIFORME_GRANDE,100,uniforme_grande_n100_v3,KarmarkarKarp,false,SUCESSO,26862982,26862982,0,0,false,0,0.0000,0.000000,,0.0166,0.0155,0.0429,0.0107,7,0.0208,99,0,0,11,
UNIFORME_GRANDE,100,uniforme_grande_n100_v4,Backtracking,true,NAO_EXECUTADO,,,,,,,,,,,,,,,,,,,,Corte de seguranca da bateria padrao: algoritmo exponencial limitado a n <= 26.
UNIFORME_GRANDE,100,uniforme_grande_n100_v4,BranchAndBound,true,NAO_EXECUTADO,,,,,,,,,,,,,,,,,,,,Corte de seguranca da bateria padrao: algoritmo exponencial limitado a n <= 26.
UNIFORME_GRANDE,100,uniforme_grande_n100_v4,ProgramacaoDinamica,true,MEMORIA_INVIAVEL,,,,,,,,,,,,,,,,,,,,"Tabela de PD exigiria 2439448960 celulas (n=100, somaTotal=48305918), acima do limite de 1073741824."
UNIFORME_GRANDE,100,uniforme_grande_n100_v4,Guloso,false,SUCESSO,24157800,24148118,9682,0,false,9682,,0.020043,,0.0154,0.0150,0.0174,0.0008,7,0.0010,100,0,0,100,
UNIFORME_GRANDE,100,uniforme_grande_n100_v4,KarmarkarKarp,false,SUCESSO,24152959,24152959,0,0,false,0,0.0000,0.000000,,0.0182,0.0155,0.0416,0.0110,7,0.0208,99,0,0,11,
UNIFORME_GRANDE,1000,uniforme_grande_n1000_v0,Backtracking,true,NAO_EXECUTADO,,,,,,,,,,,,,,,,,,,,Corte de seguranca da bateria padrao: algoritmo exponencial limitado a n <= 26.
UNIFORME_GRANDE,1000,uniforme_grande_n1000_v0,BranchAndBound,true,NAO_EXECUTADO,,,,,,,,,,,,,,,,,,,,Corte de seguranca da bateria padrao: algoritmo exponencial limitado a n <= 26.
UNIFORME_GRANDE,1000,uniforme_grande_n1000_v0,ProgramacaoDinamica,true,MEMORIA_INVIAVEL,,,,,,,,,,,,,,,,,,,,"Tabela de PD exigiria 248611167805 celulas (n=1000, somaTotal=496725608), acima do limite de 1073741824."
UNIFORME_GRANDE,1000,uniforme_grande_n1000_v0,Guloso,false,SUCESSO,248362783,248362825,42,0,false,42,,0.000008,,0.2334,0.1963,0.4933,0.1013,7,0.0213,1000,0,0,1000,
UNIFORME_GRANDE,1000,uniforme_grande_n1000_v0,KarmarkarKarp,false,SUCESSO,248362804,248362804,0,0,false,0,0.0000,0.000000,,0.6343,0.3324,0.8172,0.1914,7,0.2300,999,0,0,88,
UNIFORME_GRANDE,1000,uniforme_grande_n1000_v1,Backtracking,true,NAO_EXECUTADO,,,,,,,,,,,,,,,,,,,,Corte de seguranca da bateria padrao: algoritmo exponencial limitado a n <= 26.
UNIFORME_GRANDE,1000,uniforme_grande_n1000_v1,BranchAndBound,true,NAO_EXECUTADO,,,,,,,,,,,,,,,,,,,,Corte de seguranca da bateria padrao: algoritmo exponencial limitado a n <= 26.
UNIFORME_GRANDE,1000,uniforme_grande_n1000_v1,ProgramacaoDinamica,true,MEMORIA_INVIAVEL,,,,,,,,,,,,,,,,,,,,"Tabela de PD exigiria 245985264525 celulas (n=1000, somaTotal=491479049), acima do limite de 1073741824."
UNIFORME_GRANDE,1000,uniforme_grande_n1000_v1,Guloso,false,SUCESSO,245739775,245739274,501,1,false,500,50000.0000,0.000102,,0.2224,0.1932,0.2433,0.0228,7,0.0213,1000,0,0,1000,
UNIFORME_GRANDE,1000,uniforme_grande_n1000_v1,KarmarkarKarp,false,SUCESSO,245739525,245739524,1,1,false,0,0.0000,0.000000,,0.3504,0.3007,0.6047,0.1304,7,0.2360,999,0,0,7,
UNIFORME_GRANDE,1000,uniforme_grande_n1000_v2,Backtracking,true,NAO_EXECUTADO,,,,,,,,,,,,,,,,,,,,Corte de seguranca da bateria padrao: algoritmo exponencial limitado a n <= 26.
UNIFORME_GRANDE,1000,uniforme_grande_n1000_v2,BranchAndBound,true,NAO_EXECUTADO,,,,,,,,,,,,,,,,,,,,Corte de seguranca da bateria padrao: algoritmo exponencial limitado a n <= 26.
UNIFORME_GRANDE,1000,uniforme_grande_n1000_v2,ProgramacaoDinamica,true,MEMORIA_INVIAVEL,,,,,,,,,,,,,,,,,,,,"Tabela de PD exigiria 246607769408 celulas (n=1000, somaTotal=492722814), acima do limite de 1073741824."
UNIFORME_GRANDE,1000,uniforme_grande_n1000_v2,Guloso,false,SUCESSO,246361269,246361545,276,0,false,276,,0.000056,,0.2318,0.2140,0.2502,0.0126,7,0.0213,1000,0,0,1000,
UNIFORME_GRANDE,1000,uniforme_grande_n1000_v2,KarmarkarKarp,false,SUCESSO,246361407,246361407,0,0,false,0,0.0000,0.000000,,0.4015,0.3752,0.6602,0.1088,7,0.2298,999,0,0,78,
UNIFORME_GRANDE,1000,uniforme_grande_n1000_v3,Backtracking,true,NAO_EXECUTADO,,,,,,,,,,,,,,,,,,,,Corte de seguranca da bateria padrao: algoritmo exponencial limitado a n <= 26.
UNIFORME_GRANDE,1000,uniforme_grande_n1000_v3,BranchAndBound,true,NAO_EXECUTADO,,,,,,,,,,,,,,,,,,,,Corte de seguranca da bateria padrao: algoritmo exponencial limitado a n <= 26.
UNIFORME_GRANDE,1000,uniforme_grande_n1000_v3,ProgramacaoDinamica,true,MEMORIA_INVIAVEL,,,,,,,,,,,,,,,,,,,,"Tabela de PD exigiria 256001959213 celulas (n=1000, somaTotal=511492425), acima do limite de 1073741824."
UNIFORME_GRANDE,1000,uniforme_grande_n1000_v3,Guloso,false,SUCESSO,255745946,255746479,533,1,false,532,53200.0000,0.000104,,0.1968,0.1840,0.2649,0.0304,7,0.0213,1000,0,0,1000,
UNIFORME_GRANDE,1000,uniforme_grande_n1000_v3,KarmarkarKarp,false,SUCESSO,255746212,255746213,1,1,false,0,0.0000,0.000000,,0.3510,0.2955,0.4340,0.0455,7,0.2339,999,0,0,9,
UNIFORME_GRANDE,1000,uniforme_grande_n1000_v4,Backtracking,true,NAO_EXECUTADO,,,,,,,,,,,,,,,,,,,,Corte de seguranca da bateria padrao: algoritmo exponencial limitado a n <= 26.
UNIFORME_GRANDE,1000,uniforme_grande_n1000_v4,BranchAndBound,true,NAO_EXECUTADO,,,,,,,,,,,,,,,,,,,,Corte de seguranca da bateria padrao: algoritmo exponencial limitado a n <= 26.
UNIFORME_GRANDE,1000,uniforme_grande_n1000_v4,ProgramacaoDinamica,true,MEMORIA_INVIAVEL,,,,,,,,,,,,,,,,,,,,"Tabela de PD exigiria 249405720564 celulas (n=1000, somaTotal=498313127), acima do limite de 1073741824."
UNIFORME_GRANDE,1000,uniforme_grande_n1000_v4,Guloso,false,SUCESSO,249155754,249157373,1619,1,false,1618,161800.0000,0.000325,,0.2076,0.1756,0.2585,0.0309,7,0.0213,1000,0,0,1000,
UNIFORME_GRANDE,1000,uniforme_grande_n1000_v4,KarmarkarKarp,false,SUCESSO,249156563,249156564,1,1,false,0,0.0000,0.000000,,0.6590,0.5146,0.8017,0.0911,7,0.2383,999,0,0,6,
UNIFORME_GRANDE,10000,uniforme_grande_n10000_v0,Backtracking,true,NAO_EXECUTADO,,,,,,,,,,,,,,,,,,,,Corte de seguranca da bateria padrao: algoritmo exponencial limitado a n <= 26.
UNIFORME_GRANDE,10000,uniforme_grande_n10000_v0,BranchAndBound,true,NAO_EXECUTADO,,,,,,,,,,,,,,,,,,,,Corte de seguranca da bateria padrao: algoritmo exponencial limitado a n <= 26.
UNIFORME_GRANDE,10000,uniforme_grande_n10000_v0,ProgramacaoDinamica,true,MEMORIA_INVIAVEL,,,,,,,,,,,,,,,,,,,,Soma total 4995786602 exige tabela indexada acima do limite de int (n=10000).
UNIFORME_GRANDE,10000,uniforme_grande_n10000_v0,Guloso,false,SUCESSO,2497893186,2497893416,230,0,false,230,,0.000005,,2.3669,2.1670,3.2180,0.3465,7,0.2482,10000,0,0,10000,
UNIFORME_GRANDE,10000,uniforme_grande_n10000_v0,KarmarkarKarp,false,SUCESSO,2497893301,2497893301,0,0,false,0,0.0000,0.000000,,7.5918,7.0515,8.6508,0.5980,7,2.3330,9999,0,0,1252,
UNIFORME_GRANDE,10000,uniforme_grande_n10000_v1,Backtracking,true,NAO_EXECUTADO,,,,,,,,,,,,,,,,,,,,Corte de seguranca da bateria padrao: algoritmo exponencial limitado a n <= 26.
UNIFORME_GRANDE,10000,uniforme_grande_n10000_v1,BranchAndBound,true,NAO_EXECUTADO,,,,,,,,,,,,,,,,,,,,Corte de seguranca da bateria padrao: algoritmo exponencial limitado a n <= 26.
UNIFORME_GRANDE,10000,uniforme_grande_n10000_v1,ProgramacaoDinamica,true,MEMORIA_INVIAVEL,,,,,,,,,,,,,,,,,,,,Soma total 5032876494 exige tabela indexada acima do limite de int (n=10000).
UNIFORME_GRANDE,10000,uniforme_grande_n10000_v1,Guloso,false,SUCESSO,2516438315,2516438179,136,0,false,136,,0.000003,,2.3263,2.2014,2.9291,0.3175,7,0.2482,10000,0,0,10000,
UNIFORME_GRANDE,10000,uniforme_grande_n10000_v1,KarmarkarKarp,false,SUCESSO,2516438247,2516438247,0,0,false,0,0.0000,0.000000,,5.0038,4.2609,6.0291,0.6703,7,2.3332,9999,0,0,1699,
UNIFORME_GRANDE,10000,uniforme_grande_n10000_v2,Backtracking,true,NAO_EXECUTADO,,,,,,,,,,,,,,,,,,,,Corte de seguranca da bateria padrao: algoritmo exponencial limitado a n <= 26.
UNIFORME_GRANDE,10000,uniforme_grande_n10000_v2,BranchAndBound,true,NAO_EXECUTADO,,,,,,,,,,,,,,,,,,,,Corte de seguranca da bateria padrao: algoritmo exponencial limitado a n <= 26.
UNIFORME_GRANDE,10000,uniforme_grande_n10000_v2,ProgramacaoDinamica,true,MEMORIA_INVIAVEL,,,,,,,,,,,,,,,,,,,,Soma total 5057198844 exige tabela indexada acima do limite de int (n=10000).
UNIFORME_GRANDE,10000,uniforme_grande_n10000_v2,Guloso,false,SUCESSO,2528599433,2528599411,22,0,false,22,,0.000000,,2.7965,2.2244,2.9363,0.2721,7,0.2482,10000,0,0,10000,
UNIFORME_GRANDE,10000,uniforme_grande_n10000_v2,KarmarkarKarp,false,SUCESSO,2528599422,2528599422,0,0,false,0,0.0000,0.000000,,4.7011,4.4543,5.2196,0.2853,7,2.3329,9999,0,0,2393,
UNIFORME_GRANDE,10000,uniforme_grande_n10000_v3,Backtracking,true,NAO_EXECUTADO,,,,,,,,,,,,,,,,,,,,Corte de seguranca da bateria padrao: algoritmo exponencial limitado a n <= 26.
UNIFORME_GRANDE,10000,uniforme_grande_n10000_v3,BranchAndBound,true,NAO_EXECUTADO,,,,,,,,,,,,,,,,,,,,Corte de seguranca da bateria padrao: algoritmo exponencial limitado a n <= 26.
UNIFORME_GRANDE,10000,uniforme_grande_n10000_v3,ProgramacaoDinamica,true,MEMORIA_INVIAVEL,,,,,,,,,,,,,,,,,,,,Soma total 4966817154 exige tabela indexada acima do limite de int (n=10000).
UNIFORME_GRANDE,10000,uniforme_grande_n10000_v3,Guloso,false,SUCESSO,2483408554,2483408600,46,0,false,46,,0.000001,,2.3736,2.2786,2.7545,0.1868,7,0.2482,10000,0,0,10000,
UNIFORME_GRANDE,10000,uniforme_grande_n10000_v3,KarmarkarKarp,false,SUCESSO,2483408577,2483408577,0,0,false,0,0.0000,0.000000,,6.1382,4.7617,9.0389,1.4412,7,2.3329,9999,0,0,1814,
UNIFORME_GRANDE,10000,uniforme_grande_n10000_v4,Backtracking,true,NAO_EXECUTADO,,,,,,,,,,,,,,,,,,,,Corte de seguranca da bateria padrao: algoritmo exponencial limitado a n <= 26.
UNIFORME_GRANDE,10000,uniforme_grande_n10000_v4,BranchAndBound,true,NAO_EXECUTADO,,,,,,,,,,,,,,,,,,,,Corte de seguranca da bateria padrao: algoritmo exponencial limitado a n <= 26.
UNIFORME_GRANDE,10000,uniforme_grande_n10000_v4,ProgramacaoDinamica,true,MEMORIA_INVIAVEL,,,,,,,,,,,,,,,,,,,,Soma total 4997997057 exige tabela indexada acima do limite de int (n=10000).
UNIFORME_GRANDE,10000,uniforme_grande_n10000_v4,Guloso,false,SUCESSO,2498998742,2498998315,427,1,false,426,42600.0000,0.000009,,2.7147,2.1821,2.9234,0.3177,7,0.2482,10000,0,0,10000,
UNIFORME_GRANDE,10000,uniforme_grande_n10000_v4,KarmarkarKarp,false,SUCESSO,2498998528,2498998529,1,1,false,0,0.0000,0.000000,,5.1797,4.9097,6.8382,0.7903,7,2.4379,9999,0,0,7,
VALORES_ENORMES,10,valores_enormes_n10_v0,Backtracking,true,SUCESSO,317941244,316982649,958595,958595,true,0,0.0000,0.150978,true,0.0046,0.0031,0.0069,0.0011,7,0.0002,1023,1023,0,10,
VALORES_ENORMES,10,valores_enormes_n10_v0,BranchAndBound,true,SUCESSO,316982649,317941244,958595,958595,true,0,0.0000,0.150978,true,0.0036,0.0030,0.0039,0.0004,7,0.0004,321,321,77,10,
VALORES_ENORMES,10,valores_enormes_n10_v0,ProgramacaoDinamica,true,MEMORIA_INVIAVEL,,,,,,,,,,,,,,,,,,,,"Tabela de PD exigiria 3492081417 celulas (n=10, somaTotal=634923893), acima do limite de 1073741824."
VALORES_ENORMES,10,valores_enormes_n10_v0,Guloso,false,SUCESSO,318906402,316017491,2888911,958595,true,1930316,201.3693,0.455001,false,0.0008,0.0007,0.0033,0.0009,7,0.0002,10,0,0,10,
VALORES_ENORMES,10,valores_enormes_n10_v0,KarmarkarKarp,false,SUCESSO,318631794,316292099,2339695,958595,true,1381100,144.0754,0.368500,false,0.0015,0.0013,0.0033,0.0010,7,0.0024,9,0,0,4,
VALORES_ENORMES,10,valores_enormes_n10_v1,Backtracking,true,SUCESSO,164845625,164660152,185473,185473,true,0,0.0000,0.056288,true,0.0050,0.0049,0.0076,0.0010,7,0.0002,1023,1023,0,10,
VALORES_ENORMES,10,valores_enormes_n10_v1,BranchAndBound,true,SUCESSO,164845625,164660152,185473,185473,true,0,0.0000,0.056288,true,0.0050,0.0049,0.0082,0.0012,7,0.0004,325,325,77,10,
VALORES_ENORMES,10,valores_enormes_n10_v1,ProgramacaoDinamica,true,MEMORIA_INVIAVEL,,,,,,,,,,,,,,,,,,,,"Tabela de PD exigiria 1812281779 celulas (n=10, somaTotal=329505777), acima do limite de 1073741824."
VALORES_ENORMES,10,valores_enormes_n10_v1,Guloso,false,SUCESSO,160543822,168961955,8418133,185473,true,8232660,4438.7377,2.554776,false,0.0008,0.0008,0.0018,0.0004,7,0.0002,10,0,0,10,
VALORES_ENORMES,10,valores_enormes_n10_v1,KarmarkarKarp,false,SUCESSO,165091975,164413802,678173,185473,true,492700,265.6451,0.205815,false,0.0025,0.0010,0.0026,0.0007,7,0.0024,9,0,0,3,
VALORES_ENORMES,10,valores_enormes_n10_v2,Backtracking,true,SUCESSO,273625940,273680972,55032,55032,true,0,0.0000,0.010055,true,0.0032,0.0031,0.0067,0.0013,7,0.0002,1023,1023,0,10,
VALORES_ENORMES,10,valores_enormes_n10_v2,BranchAndBound,true,SUCESSO,273680972,273625940,55032,55032,true,0,0.0000,0.010055,true,0.0021,0.0021,0.0025,0.0002,7,0.0004,275,275,84,10,
VALORES_ENORMES,10,valores_enormes_n10_v2,ProgramacaoDinamica,true,MEMORIA_INVIAVEL,,,,,,,,,,,,,,,,,,,,"Tabela de PD exigiria 3010188027 celulas (n=10, somaTotal=547306912), acima do limite de 1073741824."
VALORES_ENORMES,10,valores_enormes_n10_v2,Guloso,false,SUCESSO,278695696,268611216,10084480,55032,true,10029448,18224.7565,1.842564,false,0.0007,0.0006,0.0021,0.0005,7,0.0002,10,0,0,10,
VALORES_ENORMES,10,valores_enormes_n10_v2,KarmarkarKarp,false,SUCESSO,273601869,273705043,103174,55032,true,48142,87.4800,0.018851,false,0.0013,0.0010,0.0029,0.0007,7,0.0024,9,0,0,5,
VALORES_ENORMES,10,valores_enormes_n10_v3,Backtracking,true,SUCESSO,263764472,264625824,861352,861352,true,0,0.0000,0.163014,true,0.0032,0.0032,0.0045,0.0005,7,0.0002,1023,1023,0,10,
VALORES_ENORMES,10,valores_enormes_n10_v3,BranchAndBound,true,SUCESSO,263764472,264625824,861352,861352,true,0,0.0000,0.163014,true,0.0036,0.0034,0.0057,0.0010,7,0.0004,263,263,56,10,
VALORES_ENORMES,10,valores_enormes_n10_v3,ProgramacaoDinamica,true,MEMORIA_INVIAVEL,,,,,,,,,,,,,,,,,,,,"Tabela de PD exigiria 2906146639 celulas (n=10, somaTotal=528390296), acima do limite de 1073741824."
VALORES_ENORMES,10,valores_enormes_n10_v3,Guloso,false,SUCESSO,263764472,264625824,861352,861352,true,0,0.0000,0.163014,true,0.0006,0.0006,0.0016,0.0004,7,0.0002,10,0,0,10,
VALORES_ENORMES,10,valores_enormes_n10_v3,KarmarkarKarp,false,SUCESSO,263764472,264625824,861352,861352,true,0,0.0000,0.163014,true,0.0031,0.0012,0.0038,0.0010,7,0.0024,9,0,0,4,
VALORES_ENORMES,10,valores_enormes_n10_v4,Backtracking,true,SUCESSO,233637059,234502606,865547,865547,true,0,0.0000,0.184891,true,0.0050,0.0047,0.0078,0.0011,7,0.0002,1023,1023,0,10,
VALORES_ENORMES,10,valores_enormes_n10_v4,BranchAndBound,true,SUCESSO,234502606,233637059,865547,865547,true,0,0.0000,0.184891,true,0.0027,0.0026,0.0028,0.0001,7,0.0004,237,237,61,10,
VALORES_ENORMES,10,valores_enormes_n10_v4,ProgramacaoDinamica,true,MEMORIA_INVIAVEL,,,,,,,,,,,,,,,,,,,,"Tabela de PD exigiria 2574768163 celulas (n=10, somaTotal=468139665), acima do limite de 1073741824."
VALORES_ENORMES,10,valores_enormes_n10_v4,Guloso,false,SUCESSO,234817697,233321968,1495729,865547,true,630182,72.8074,0.319505,false,0.0007,0.0006,0.0021,0.0005,7,0.0002,10,0,0,10,
VALORES_ENORMES,10,valores_enormes_n10_v4,KarmarkarKarp,false,SUCESSO,234817697,233321968,1495729,865547,true,630182,72.8074,0.319505,false,0.0011,0.0010,0.0026,0.0007,7,0.0024,9,0,0,5,
VALORES_ENORMES,15,valores_enormes_n15_v0,Backtracking,true,SUCESSO,363996245,363984868,11377,11377,true,0,0.0000,0.001563,true,0.2580,0.1240,0.2797,0.0555,7,0.0002,32767,32767,0,15,
VALORES_ENORMES,15,valores_enormes_n15_v0,BranchAndBound,true,SUCESSO,363996245,363984868,11377,11377,true,0,0.0000,0.001563,true,0.0146,0.0137,0.0183,0.0017,7,0.0005,2155,2155,786,15,
VALORES_ENORMES,15,valores_enormes_n15_v0,ProgramacaoDinamica,true,MEMORIA_INVIAVEL,,,,,,,,,,,,,,,,,,,,"Tabela de PD exigiria 5823848912 celulas (n=15, somaTotal=727981113), acima do limite de 1073741824."
VALORES_ENORMES,15,valores_enormes_n15_v0,Guloso,false,SUCESSO,364072874,363908239,164635,11377,true,153258,1347.0862,0.022615,false,0.0016,0.0013,0.0045,0.0011,7,0.0002,15,0,0,15,
VALORES_ENORMES,15,valores_enormes_n15_v0,KarmarkarKarp,false,SUCESSO,364020445,363960668,59777,11377,true,48400,425.4197,0.008211,false,0.0038,0.0019,0.0041,0.0008,7,0.0034,14,0,0,4,
VALORES_ENORMES,15,valores_enormes_n15_v1,Backtracking,true,SUCESSO,398518822,398558751,39929,39929,true,0,0.0000,0.005009,true,0.1713,0.1694,0.1795,0.0043,7,0.0002,32767,32767,0,15,
VALORES_ENORMES,15,valores_enormes_n15_v1,BranchAndBound,true,SUCESSO,398558751,398518822,39929,39929,true,0,0.0000,0.005009,true,0.0277,0.0274,0.0306,0.0013,7,0.0005,2727,2727,1102,15,
VALORES_ENORMES,15,valores_enormes_n15_v1,ProgramacaoDinamica,true,MEMORIA_INVIAVEL,,,,,,,,,,,,,,,,,,,,"Tabela de PD exigiria 6376620592 celulas (n=15, somaTotal=797077573), acima do limite de 1073741824."
VALORES_ENORMES,15,valores_enormes_n15_v1,Guloso,false,SUCESSO,399578926,397498647,2080279,39929,true,2040350,5109.9452,0.260988,false,0.0011,0.0011,0.0028,0.0006,7,0.0002,15,0,0,15,
VALORES_ENORMES,15,valores_enormes_n15_v1,KarmarkarKarp,false,SUCESSO,398142947,398934626,791679,39929,true,751750,1882.7168,0.099323,false,0.0034,0.0031,0.0041,0.0003,7,0.0034,14,0,0,6,
VALORES_ENORMES,15,valores_enormes_n15_v2,Backtracking,true,SUCESSO,450525424,450498241,27183,27183,true,0,0.0000,0.003017,true,0.1767,0.1534,0.2406,0.0304,7,0.0002,32767,32767,0,15,
VALORES_ENORMES,15,valores_enormes_n15_v2,BranchAndBound,true,SUCESSO,450525424,450498241,27183,27183,true,0,0.0000,0.003017,true,0.0188,0.0183,0.0210,0.0010,7,0.0005,4517,4517,1599,15,
VALORES_ENORMES,15,valores_enormes_n15_v2,ProgramacaoDinamica,true,MEMORIA_INVIAVEL,,,,,,,,,,,,,,,,,,,,"Tabela de PD exigiria 7208189328 celulas (n=15, somaTotal=901023665), acima do limite de 1073741824."
VALORES_ENORMES,15,valores_enormes_n15_v2,Guloso,false,SUCESSO,455648811,445374854,10273957,27183,true,10246774,37695.5229,1.140254,false,0.0011,0.0010,0.0031,0.0008,7,0.0002,15,0,0,15,
VALORES_ENORMES,15,valores_enormes_n15_v2,KarmarkarKarp,false,SUCESSO,450492043,450531622,39579,27183,true,12396,45.6020,0.004393,false,0.0043,0.0024,0.0046,0.0007,7,0.0034,14,0,0,5,
VALORES_ENORMES,15,valores_enormes_n15_v3,Backtracking,true,SUCESSO,348070902,348043388,27514,27514,true,0,0.0000,0.003953,true,0.1597,0.1551,0.2210,0.0236,7,0.0002,32767,32767,0,15,
VALORES_ENORMES,15,valores_enormes_n15_v3,BranchAndBound,true,SUCESSO,348070902,348043388,27514,27514,true,0,0.0000,0.003953,true,0.0195,0.0162,0.0226,0.0019,7,0.0005,2513,2513,863,15,
VALORES_ENORMES,15,valores_enormes_n15_v3,ProgramacaoDinamica,true,MEMORIA_INVIAVEL,,,,,,,,,,,,,,,,,,,,"Tabela de PD exigiria 5568914336 celulas (n=15, somaTotal=696114290), acima do limite de 1073741824."
VALORES_ENORMES,15,valores_enormes_n15_v3,Guloso,false,SUCESSO,346306889,349807401,3500512,27514,true,3472998,12622.6576,0.502865,false,0.0010,0.0009,0.0022,0.0005,7,0.0002,15,0,0,15,
VALORES_ENORMES,15,valores_enormes_n15_v3,KarmarkarKarp,false,SUCESSO,348333973,347780317,553656,27514,true,526142,1912.2701,0.079535,false,0.0040,0.0036,0.0046,0.0003,7,0.0034,14,0,0,6,
VALORES_ENORMES,15,valores_enormes_n15_v4,Backtracking,true,SUCESSO,495192337,495206426,14089,14089,true,0,0.0000,0.001423,true,0.1677,0.1657,0.1709,0.0019,7,0.0002,32767,32767,0,15,
VALORES_ENORMES,15,valores_enormes_n15_v4,BranchAndBound,true,SUCESSO,495192337,495206426,14089,14089,true,0,0.0000,0.001423,true,0.0293,0.0287,0.0321,0.0011,7,0.0005,4087,4087,1750,15,
VALORES_ENORMES,15,valores_enormes_n15_v4,ProgramacaoDinamica,true,MEMORIA_INVIAVEL,,,,,,,,,,,,,,,,,,,,"Tabela de PD exigiria 7923190112 celulas (n=15, somaTotal=990398763), acima do limite de 1073741824."
VALORES_ENORMES,15,valores_enormes_n15_v4,Guloso,false,SUCESSO,494633005,495765758,1132753,14089,true,1118664,7939.9815,0.114373,false,0.0011,0.0011,0.0031,0.0007,7,0.0002,15,0,0,15,
VALORES_ENORMES,15,valores_enormes_n15_v4,KarmarkarKarp,false,SUCESSO,495036353,495362410,326057,14089,true,311968,2214.2664,0.032922,false,0.0035,0.0018,0.0037,0.0007,7,0.0034,14,0,0,5,
VALORES_ENORMES,20,valores_enormes_n20_v0,Backtracking,true,SUCESSO,485993355,485991591,1764,1764,true,0,0.0000,0.000181,true,3.5485,2.9697,4.2594,0.4946,7,0.0002,1048575,1048575,0,20,
VALORES_ENORMES,20,valores_enormes_n20_v0,BranchAndBound,true,SUCESSO,485991591,485993355,1764,1764,true,0,0.0000,0.000181,true,0.2121,0.1669,0.2568,0.0320,7,0.0006,35751,35751,13576,20,
VALORES_ENORMES,20,valores_enormes_n20_v0,ProgramacaoDinamica,true,MEMORIA_INVIAVEL,,,,,,,,,,,,,,,,,,,,"Tabela de PD exigiria 10205841954 celulas (n=20, somaTotal=971984946), acima do limite de 1073741824."
VALORES_ENORMES,20,valores_enormes_n20_v0,Guloso,false,SUCESSO,486981951,485002995,1978956,1764,true,1977192,112085.7143,0.203599,false,0.0020,0.0014,0.0036,0.0007,7,0.0003,20,0,0,20,
VALORES_ENORMES,20,valores_enormes_n20_v0,KarmarkarKarp,false,SUCESSO,486011696,485973250,38446,1764,true,36682,2079.4785,0.003955,false,0.0046,0.0044,0.0108,0.0023,7,0.0044,19,0,0,8,
VALORES_ENORMES,20,valores_enormes_n20_v1,Backtracking,true,SUCESSO,486986410,486986931,521,521,true,0,0.0000,0.000053,true,4.0548,2.9554,4.8831,0.8866,7,0.0002,1048575,1048575,0,20,
VALORES_ENORMES,20,valores_enormes_n20_v1,BranchAndBound,true,SUCESSO,486986410,486986931,521,521,true,0,0.0000,0.000053,true,0.2387,0.1538,0.2648,0.0355,7,0.0006,38671,38671,12142,20,
VALORES_ENORMES,20,valores_enormes_n20_v1,ProgramacaoDinamica,true,MEMORIA_INVIAVEL,,,,,,,,,,,,,,,,,,,,"Tabela de PD exigiria 10226720091 celulas (n=20, somaTotal=973973341), acima do limite de 1073741824."
VALORES_ENORMES,20,valores_enormes_n20_v1,Guloso,false,SUCESSO,487779516,486193825,1585691,521,true,1585170,304255.2783,0.162806,false,0.0027,0.0022,0.0043,0.0007,7,0.0003,20,0,0,20,
VALORES_ENORMES,20,valores_enormes_n20_v1,KarmarkarKarp,false,SUCESSO,487032412,486940929,91483,521,true,90962,17459.1171,0.009393,false,0.0048,0.0039,0.0065,0.0009,7,0.0044,19,0,0,8,
VALORES_ENORMES,20,valores_enormes_n20_v2,Backtracking,true,SUCESSO,492644432,492644626,194,194,true,0,0.0000,0.000020,true,3.5973,2.9779,4.6966,0.5980,7,0.0002,1048575,1048575,0,20,
VALORES_ENORMES,20,valores_enormes_n20_v2,BranchAndBound,true,SUCESSO,492644432,492644626,194,194,true,0,0.0000,0.000020,true,0.2871,0.2761,0.3825,0.0401,7,0.0006,47313,47313,19353,20,
VALORES_ENORMES,20,valores_enormes_n20_v2,ProgramacaoDinamica,true,MEMORIA_INVIAVEL,,,,,,,,,,,,,,,,,,,,"Tabela de PD exigiria 10345535130 celulas (n=20, somaTotal=985289058), acima do limite de 1073741824."
VALORES_ENORMES,20,valores_enormes_n20_v2,Guloso,false,SUCESSO,489554634,495734424,6179790,194,true,6179596,3185358.7629,0.627206,false,0.0018,0.0017,0.0034,0.0006,7,0.0003,20,0,0,20,
VALORES_ENORMES,20,valores_enormes_n20_v2,KarmarkarKarp,false,SUCESSO,492657271,492631787,25484,194,true,25290,13036.0825,0.002586,false,0.0043,0.0042,0.0053,0.0004,7,0.0044,19,0,0,6,
VALORES_ENORMES,20,valores_enormes_n20_v3,Backtracking,true,SUCESSO,522121120,522121075,45,45,true,0,0.0000,0.000004,true,5.1992,5.0216,5.4197,0.1267,7,0.0002,1048575,1048575,0,20,
VALORES_ENORMES,20,valores_enormes_n20_v3,BranchAndBound,true,SUCESSO,522121075,522121120,45,45,true,0,0.0000,0.000004,true,0.6811,0.4048,0.7530,0.1405,7,0.0006,99967,99967,36570,20,
VALORES_ENORMES,20,valores_enormes_n20_v3,ProgramacaoDinamica,true,MEMORIA_INVIAVEL,,,,,,,,,,,,,,,,,,,,"Tabela de PD exigiria 10964543058 celulas (n=20, somaTotal=1044242195), acima do limite de 1073741824."
VALORES_ENORMES,20,valores_enormes_n20_v3,Guloso,false,SUCESSO,524955220,519286975,5668245,45,true,5668200,12596000.0000,0.542809,false,0.0021,0.0020,0.0062,0.0016,7,0.0003,20,0,0,20,
VALORES_ENORMES,20,valores_enormes_n20_v3,KarmarkarKarp,false,SUCESSO,522103822,522138373,34551,45,true,34506,76680.0000,0.003309,false,0.0045,0.0045,0.0060,0.0006,7,0.0044,19,0,0,5,
VALORES_ENORMES,20,valores_enormes_n20_v4,Backtracking,true,SUCESSO,561820284,561819118,1166,1166,true,0,0.0000,0.000104,true,3.3838,2.9737,5.4338,1.0012,7,0.0002,1048575,1048575,0,20,
VALORES_ENORMES,20,valores_enormes_n20_v4,BranchAndBound,true,SUCESSO,561819118,561820284,1166,1166,true,0,0.0000,0.000104,true,0.3457,0.2686,0.4916,0.0930,7,0.0006,70183,70183,22972,20,
VALORES_ENORMES,20,valores_enormes_n20_v4,ProgramacaoDinamica,true,MEMORIA_INVIAVEL,,,,,,,,,,,,,,,,,,,,"Tabela de PD exigiria 11798213742 celulas (n=20, somaTotal=1123639402), acima do limite de 1073741824."
VALORES_ENORMES,20,valores_enormes_n20_v4,Guloso,false,SUCESSO,557976553,565662849,7686296,1166,true,7685130,659102.0583,0.684054,false,0.0022,0.0021,0.0049,0.0010,7,0.0003,20,0,0,20,
VALORES_ENORMES,20,valores_enormes_n20_v4,KarmarkarKarp,false,SUCESSO,561818046,561821356,3310,1166,true,2144,183.8765,0.000295,false,0.0069,0.0063,0.0078,0.0006,7,0.0044,19,0,0,5,
VALORES_ENORMES,22,valores_enormes_n22_v0,Backtracking,true,SUCESSO,521528475,521528479,4,4,true,0,0.0000,0.000000,true,13.3053,11.9209,16.9530,1.8268,7,0.0002,4194303,4194303,0,22,
VALORES_ENORMES,22,valores_enormes_n22_v0,BranchAndBound,true,SUCESSO,521528475,521528479,4,4,true,0,0.0000,0.000000,true,0.9264,0.8412,0.9635,0.0500,7,0.0006,159047,159047,63734,22,
VALORES_ENORMES,22,valores_enormes_n22_v0,ProgramacaoDinamica,true,MEMORIA_INVIAVEL,,,,,,,,,,,,,,,,,,,,"Tabela de PD exigiria 11995154994 celulas (n=22, somaTotal=1043056954), acima do limite de 1073741824."
VALORES_ENORMES,22,valores_enormes_n22_v0,Guloso,false,SUCESSO,521279466,521777488,498022,4,true,498018,12450450.0000,0.047746,false,0.0021,0.0019,0.0067,0.0019,7,0.0003,22,0,0,22,
VALORES_ENORMES,22,valores_enormes_n22_v0,KarmarkarKarp,false,SUCESSO,521418399,521638555,220156,4,true,220152,5503800.0000,0.021107,false,0.0069,0.0042,0.0087,0.0018,7,0.0048,21,0,0,4,
VALORES_ENORMES,22,valores_enormes_n22_v1,Backtracking,true,SUCESSO,513158639,513158742,103,103,true,0,0.0000,0.000010,true,18.5323,15.8764,19.2809,1.1172,7,0.0002,4194303,4194303,0,22,
VALORES_ENORMES,22,valores_enormes_n22_v1,BranchAndBound,true,SUCESSO,513158639,513158742,103,103,true,0,0.0000,0.000010,true,0.8536,0.8068,1.0960,0.1016,7,0.0006,148833,148833,56131,22,
VALORES_ENORMES,22,valores_enormes_n22_v1,ProgramacaoDinamica,true,MEMORIA_INVIAVEL,,,,,,,,,,,,,,,,,,,,"Tabela de PD exigiria 11802649893 celulas (n=22, somaTotal=1026317381), acima do limite de 1073741824."
VALORES_ENORMES,22,valores_enormes_n22_v1,Guloso,false,SUCESSO,513336571,512980810,355761,103,true,355658,345299.0291,0.034664,false,0.0026,0.0025,0.0027,0.0001,7,0.0003,22,0,0,22,
VALORES_ENORMES,22,valores_enormes_n22_v1,KarmarkarKarp,false,SUCESSO,513173372,513144009,29363,103,true,29260,28407.7670,0.002861,false,0.0024,0.0022,0.0060,0.0014,7,0.0048,21,0,0,5,
VALORES_ENORMES,22,valores_enormes_n22_v2,Backtracking,true,SUCESSO,649540080,649540039,41,41,true,0,0.0000,0.000003,true,16.2862,14.8089,17.7580,1.1932,7,0.0002,4194303,4194303,0,22,
VALORES_ENORMES,22,valores_enormes_n22_v2,BranchAndBound,true,SUCESSO,649540039,649540080,41,41,true,0,0.0000,0.000003,true,1.5301,1.4976,1.8990,0.1422,7,0.0006,396707,396707,135384,22,
VALORES_ENORMES,22,valores_enormes_n22_v2,ProgramacaoDinamica,true,MEMORIA_INVIAVEL,,,,,,,,,,,,,,,,,,,,"Tabela de PD exigiria 14939421380 celulas (n=22, somaTotal=1299080119), acima do limite de 1073741824."
VALORES_ENORMES,22,valores_enormes_n22_v2,Guloso,false,SUCESSO,645559613,653520506,7960893,41,true,7960852,19416712.1951,0.612810,false,0.0020,0.0019,0.0056,0.0013,7,0.0003,22,0,0,22,
VALORES_ENORMES,22,valores_enormes_n22_v2,KarmarkarKarp,false,SUCESSO,649518795,649561324,42529,41,true,42488,103629.2683,0.003274,false,0.0084,0.0064,0.0096,0.0012,7,0.0048,21,0,0,6,
VALORES_ENORMES,22,valores_enormes_n22_v3,Backtracking,true,SUCESSO,562182316,562182386,70,70,true,0,0.0000,0.000006,true,16.1382,12.3222,21.1531,3.3086,7,0.0002,4194303,4194303,0,22,
VALORES_ENORMES,22,valores_enormes_n22_v3,BranchAndBound,true,SUCESSO,562182316,562182386,70,70,true,0,0.0000,0.000006,true,0.6610,0.6567,0.7531,0.0370,7,0.0006,170491,170491,62222,22,
VALORES_ENORMES,22,valores_enormes_n22_v3,ProgramacaoDinamica,true,MEMORIA_INVIAVEL,,,,,,,,,,,,,,,,,,,,"Tabela de PD exigiria 12930194096 celulas (n=22, somaTotal=1124364702), acima do limite de 1073741824."
VALORES_ENORMES,22,valores_enormes_n22_v3,Guloso,false,SUCESSO,561071172,563293530,2222358,70,true,2222288,3174697.1429,0.197655,false,0.0033,0.0032,0.0036,0.0001,7,0.0003,22,0,0,22,
VALORES_ENORMES,22,valores_enormes_n22_v3,KarmarkarKarp,false,SUCESSO,562104914,562259788,154874,70,true,154804,221148.5714,0.013774,false,0.0047,0.0038,0.0085,0.0016,7,0.0048,21,0,0,8,
VALORES_ENORMES,22,valores_enormes_n22_v4,Backtracking,true,SUCESSO,503093840,503094001,161,161,true,0,0.0000,0.000016,true,15.9446,12.1357,20.6170,3.4523,7,0.0002,4194303,4194303,0,22,
VALORES_ENORMES,22,valores_enormes_n22_v4,BranchAndBound,true,SUCESSO,503094001,503093840,161,161,true,0,0.0000,0.000016,true,0.8016,0.6496,1.0363,0.1681,7,0.0006,170275,170275,53716,22,
VALORES_ENORMES,22,valores_enormes_n22_v4,ProgramacaoDinamica,true,MEMORIA_INVIAVEL,,,,,,,,,,,,,,,,,,,,"Tabela de PD exigiria 11571160183 celulas (n=22, somaTotal=1006187841), acima do limite de 1073741824."
VALORES_ENORMES,22,valores_enormes_n22_v4,Guloso,false,SUCESSO,503906136,502281705,1624431,161,true,1624270,1008863.3540,0.161444,false,0.0019,0.0017,0.0033,0.0006,7,0.0003,22,0,0,22,
VALORES_ENORMES,22,valores_enormes_n22_v4,KarmarkarKarp,false,SUCESSO,503090205,503097636,7431,161,true,7270,4515.5280,0.000739,false,0.0048,0.0043,0.0068,0.0010,7,0.0048,21,0,0,6,
VALORES_ENORMES,24,valores_enormes_n24_v0,Backtracking,true,SUCESSO,606295127,606295121,6,6,true,0,0.0000,0.000000,true,58.6362,52.4418,60.9440,3.0710,7,0.0002,16777215,16777215,0,24,
VALORES_ENORMES,24,valores_enormes_n24_v0,BranchAndBound,true,SUCESSO,606295127,606295121,6,6,true,0,0.0000,0.000000,true,5.3270,4.7427,6.0508,0.4612,7,0.0007,1173787,1173787,510586,24,
VALORES_ENORMES,24,valores_enormes_n24_v0,ProgramacaoDinamica,true,MEMORIA_INVIAVEL,,,,,,,,,,,,,,,,,,,,"Tabela de PD exigiria 15157378125 celulas (n=24, somaTotal=1212590248), acima do limite de 1073741824."
VALORES_ENORMES,24,valores_enormes_n24_v0,Guloso,false,SUCESSO,598762016,613828232,15066216,6,true,15066210,251103500.0000,1.242482,false,0.0030,0.0029,0.0047,0.0007,7,0.0003,24,0,0,24,
VALORES_ENORMES,24,valores_enormes_n24_v0,KarmarkarKarp,false,SUCESSO,606292260,606297988,5728,6,true,5722,95366.6667,0.000472,false,0.0062,0.0056,0.0078,0.0009,7,0.0052,23,0,0,7,
VALORES_ENORMES,24,valores_enormes_n24_v1,Backtracking,true,SUCESSO,630680025,630679886,139,139,true,0,0.0000,0.000011,true,58.2165,55.4415,62.4416,2.4659,7,0.0002,16777215,16777215,0,24,
VALORES_ENORMES,24,valores_enormes_n24_v1,BranchAndBound,true,SUCESSO,630680025,630679886,139,139,true,0,0.0000,0.000011,true,5.0027,4.4062,7.4231,1.1703,7,0.0007,1035589,1035589,334503,24,
VALORES_ENORMES,24,valores_enormes_n24_v1,ProgramacaoDinamica,true,MEMORIA_INVIAVEL,,,,,,,,,,,,,,,,,,,,"Tabela de PD exigiria 15766998900 celulas (n=24, somaTotal=1261359911), acima do limite de 1073741824."
VALORES_ENORMES,24,valores_enormes_n24_v1,Guloso,false,SUCESSO,629333033,632026878,2693845,139,true,2693706,1937917.9856,0.213567,false,0.0027,0.0026,0.0054,0.0010,7,0.0003,24,0,0,24,
VALORES_ENORMES,24,valores_enormes_n24_v1,KarmarkarKarp,false,SUCESSO,630684245,630675666,8579,139,true,8440,6071.9424,0.000680,false,0.0046,0.0037,0.0052,0.0006,7,0.0052,23,0,0,8,
VALORES_ENORMES,24,valores_enormes_n24_v2,Backtracking,true,SUCESSO,652592775,652592797,22,22,true,0,0.0000,0.000002,true,58.7218,50.0857,67.1733,6.5188,7,0.0002,16777215,16777215,0,24,
VALORES_ENORMES,24,valores_enormes_n24_v2,BranchAndBound,true,SUCESSO,652592797,652592775,22,22,true,0,0.0000,0.000002,true,3.4859,3.3170,3.7663,0.1560,7,0.0007,836445,836445,255717,24,
VALORES_ENORMES,24,valores_enormes_n24_v2,ProgramacaoDinamica,true,MEMORIA_INVIAVEL,,,,,,,,,,,,,,,,,,,,"Tabela de PD exigiria 16314819675 celulas (n=24, somaTotal=1305185572), acima do limite de 1073741824."
VALORES_ENORMES,24,valores_enormes_n24_v2,Guloso,false,SUCESSO,652450547,652735025,284478,22,true,284456,1292981.8182,0.021796,false,0.0020,0.0019,0.0032,0.0005,7,0.0003,24,0,0,24,
VALORES_ENORMES,24,valores_enormes_n24_v2,KarmarkarKarp,false,SUCESSO,652585404,652600168,14764,22,true,14742,67009.0909,0.001131,false,0.0050,0.0045,0.0119,0.0027,7,0.0052,23,0,0,6,
VALORES_ENORMES,24,valores_enormes_n24_v3,Backtracking,true,SUCESSO,504492043,504491957,86,86,true,0,0.0000,0.000009,true,57.8605,53.6343,61.1367,2.3203,7,0.0002,16777215,16777215,0,24,
VALORES_ENORMES,24,valores_enormes_n24_v3,BranchAndBound,true,SUCESSO,504492043,504491957,86,86,true,0,0.0000,0.000009,true,7.8084,6.3082,8.8422,0.8794,7,0.0007,1630613,1630613,488601,24,
VALORES_ENORMES,24,valores_enormes_n24_v3,ProgramacaoDinamica,true,MEMORIA_INVIAVEL,,,,,,,,,,,,,,,,,,,,"Tabela de PD exigiria 12612300025 celulas (n=24, somaTotal=1008984000), acima do limite de 1073741824."
VALORES_ENORMES,24,valores_enormes_n24_v3,Guloso,false,SUCESSO,504574562,504409438,165124,86,true,165038,191904.6512,0.016365,false,0.0029,0.0026,0.0050,0.0008,7,0.0003,24,0,0,24,
VALORES_ENORMES,24,valores_enormes_n24_v3,KarmarkarKarp,false,SUCESSO,504510445,504473555,36890,86,true,36804,42795.3488,0.003656,false,0.0056,0.0046,0.0077,0.0010,7,0.0052,23,0,0,6,
VALORES_ENORMES,24,valores_enormes_n24_v4,Backtracking,true,SUCESSO,540079532,540079566,34,34,true,0,0.0000,0.000003,true,60.3482,54.5021,73.5464,6.8994,7,0.0002,16777215,16777215,0,24,
VALORES_ENORMES,24,valores_enormes_n24_v4,BranchAndBound,true,SUCESSO,540079532,540079566,34,34,true,0,0.0000,0.000003,true,2.6657,2.5868,2.7581,0.0515,7,0.0007,402357,402357,166541,24,
VALORES_ENORMES,24,valores_enormes_n24_v4,ProgramacaoDinamica,true,MEMORIA_INVIAVEL,,,,,,,,,,,,,,,,,,,,"Tabela de PD exigiria 13501988750 celulas (n=24, somaTotal=1080159098), acima do limite de 1073741824."
VALORES_ENORMES,24,valores_enormes_n24_v4,Guloso,false,SUCESSO,541895510,538263588,3631922,34,true,3631888,10682023.5294,0.336240,false,0.0021,0.0020,0.0030,0.0003,7,0.0003,24,0,0,24,
VALORES_ENORMES,24,valores_enormes_n24_v4,KarmarkarKarp,false,SUCESSO,540058483,540100615,42132,34,true,42098,123817.6471,0.003901,false,0.0060,0.0056,0.0075,0.0008,7,0.0052,23,0,0,5,
VALORES_ENORMES,26,valores_enormes_n26_v0,Backtracking,true,SUCESSO,689180768,689180798,30,30,true,0,0.0000,0.000002,true,214.3323,204.8835,240.6521,11.9734,7,0.0003,67108863,67108863,0,26,
VALORES_ENORMES,26,valores_enormes_n26_v0,BranchAndBound,true,SUCESSO,689180768,689180798,30,30,true,0,0.0000,0.000002,true,12.2889,11.9387,14.0824,0.8309,7,0.0007,3124837,3124837,1073041,26,
VALORES_ENORMES,26,valores_enormes_n26_v0,ProgramacaoDinamica,true,MEMORIA_INVIAVEL,,,,,,,,,,,,,,,,,,,,"Tabela de PD exigiria 18607881168 celulas (n=26, somaTotal=1378361566), acima do limite de 1073741824."
VALORES_ENORMES,26,valores_enormes_n26_v0,Guloso,false,SUCESSO,689780129,688581437,1198692,30,true,1198662,3995540.0000,0.086965,false,0.0021,0.0021,0.0023,0.0001,7,0.0003,26,0,0,26,
VALORES_ENORMES,26,valores_enormes_n26_v0,KarmarkarKarp,false,SUCESSO,689220168,689141398,78770,30,true,78740,262466.6667,0.005715,false,0.0037,0.0033,0.0045,0.0005,7,0.0056,25,0,0,6,
VALORES_ENORMES,26,valores_enormes_n26_v1,Backtracking,true,SUCESSO,510113293,510113252,41,41,true,0,0.0000,0.000004,true,227.8901,205.7382,265.3346,21.8602,7,0.0003,67108863,67108863,0,26,
VALORES_ENORMES,26,valores_enormes_n26_v1,BranchAndBound,true,SUCESSO,510113252,510113293,41,41,true,0,0.0000,0.000004,true,12.3849,11.7335,14.0098,0.9493,7,0.0007,2718905,2718905,872813,26,
VALORES_ENORMES,26,valores_enormes_n26_v1,ProgramacaoDinamica,true,MEMORIA_INVIAVEL,,,,,,,,,,,,,,,,,,,,"Tabela de PD exigiria 13773058371 celulas (n=26, somaTotal=1020226545), acima do limite de 1073741824."
VALORES_ENORMES,26,valores_enormes_n26_v1,Guloso,false,SUCESSO,510643741,509582804,1060937,41,true,1060896,2587551.2195,0.103990,false,0.0032,0.0029,0.0057,0.0011,7,0.0003,26,0,0,26,
VALORES_ENORMES,26,valores_enormes_n26_v1,KarmarkarKarp,false,SUCESSO,510113679,510112866,813,41,true,772,1882.9268,0.000080,false,0.0066,0.0060,0.0084,0.0010,7,0.0056,25,0,0,6,
VALORES_ENORMES,26,valores_enormes_n26_v2,Backtracking,true,SUCESSO,652475429,652475440,11,11,true,0,0.0000,0.000001,true,251.6181,231.5152,288.0365,19.5214,7,0.0003,67108863,67108863,0,26,
VALORES_ENORMES,26,valores_enormes_n26_v2,BranchAndBound,true,SUCESSO,652475429,652475440,11,11,true,0,0.0000,0.000001,true,13.3808,12.6318,18.2002,2.4865,7,0.0007,3255327,3255327,1370938,26,
VALORES_ENORMES,26,valores_enormes_n26_v2,ProgramacaoDinamica,true,MEMORIA_INVIAVEL,,,,,,,,,,,,,,,,,,,,"Tabela de PD exigiria 17616836745 celulas (n=26, somaTotal=1304950869), acima do limite de 1073741824."
VALORES_ENORMES,26,valores_enormes_n26_v2,Guloso,false,SUCESSO,655598893,649351976,6246917,11,true,6246906,56790054.5455,0.478709,false,0.0022,0.0022,0.0023,0.0001,7,0.0003,26,0,0,26,
VALORES_ENORMES,26,valores_enormes_n26_v2,KarmarkarKarp,false,SUCESSO,652558621,652392248,166373,11,true,166362,1512381.8182,0.012749,false,0.0054,0.0051,0.0070,0.0008,7,0.0056,25,0,0,6,
VALORES_ENORMES,26,valores_enormes_n26_v3,Backtracking,true,SUCESSO,607407294,607407288,6,6,true,0,0.0000,0.000000,true,248.6970,225.9371,261.0621,10.9207,7,0.0003,67108863,67108863,0,26,
VALORES_ENORMES,26,valores_enormes_n26_v3,BranchAndBound,true,SUCESSO,607407294,607407288,6,6,true,0,0.0000,0.000000,true,16.4696,14.0913,21.1961,3.1079,7,0.0007,3542523,3542523,1066890,26,
VALORES_ENORMES,26,valores_enormes_n26_v3,ProgramacaoDinamica,true,MEMORIA_INVIAVEL,,,,,,,,,,,,,,,,,,,,"Tabela de PD exigiria 16399996884 celulas (n=26, somaTotal=1214814582), acima do limite de 1073741824."
VALORES_ENORMES,26,valores_enormes_n26_v3,Guloso,false,SUCESSO,604431709,610382873,5951164,6,true,5951158,99185966.6667,0.489882,false,0.0034,0.0031,0.0070,0.0014,7,0.0003,26,0,0,26,
VALORES_ENORMES,26,valores_enormes_n26_v3,KarmarkarKarp,false,SUCESSO,607381279,607433303,52024,6,true,52018,866966.6667,0.004282,false,0.0048,0.0037,0.0058,0.0007,7,0.0056,25,0,0,7,
VALORES_ENORMES,26,valores_enormes_n26_v4,Backtracking,true,SUCESSO,757688783,757688785,2,2,true,0,0.0000,0.000000,true,234.3400,213.9626,256.7503,13.8838,7,0.0003,67108863,67108863,0,26,
VALORES_ENORMES,26,valores_enormes_n26_v4,BranchAndBound,true,SUCESSO,757688785,757688783,2,2,true,0,0.0000,0.000000,true,13.6357,13.3301,20.8971,3.2172,7,0.0007,3481081,3481081,1314457,26,
VALORES_ENORMES,26,valores_enormes_n26_v4,ProgramacaoDinamica,true,MEMORIA_INVIAVEL,,,,,,,,,,,,,,,,,,,,"Tabela de PD exigiria 20457597195 celulas (n=26, somaTotal=1515377568), acima do limite de 1073741824."
VALORES_ENORMES,26,valores_enormes_n26_v4,Guloso,false,SUCESSO,757902487,757475081,427406,2,true,427404,21370200.0000,0.028205,false,0.0024,0.0021,0.0030,0.0003,7,0.0003,26,0,0,26,
VALORES_ENORMES,26,valores_enormes_n26_v4,KarmarkarKarp,false,SUCESSO,757695971,757681597,14374,2,true,14372,718600.0000,0.000949,false,0.0071,0.0062,0.0086,0.0011,7,0.0056,25,0,0,7,
VALORES_ENORMES,100,valores_enormes_n100_v0,Backtracking,true,NAO_EXECUTADO,,,,,,,,,,,,,,,,,,,,Corte de seguranca da bateria padrao: algoritmo exponencial limitado a n <= 26.
VALORES_ENORMES,100,valores_enormes_n100_v0,BranchAndBound,true,NAO_EXECUTADO,,,,,,,,,,,,,,,,,,,,Corte de seguranca da bateria padrao: algoritmo exponencial limitado a n <= 26.
VALORES_ENORMES,100,valores_enormes_n100_v0,ProgramacaoDinamica,true,MEMORIA_INVIAVEL,,,,,,,,,,,,,,,,,,,,Soma total 5124009080 exige tabela indexada acima do limite de int (n=100).
VALORES_ENORMES,100,valores_enormes_n100_v0,Guloso,false,SUCESSO,2562765514,2561243566,1521948,10,false,1521938,15219380.0000,0.029702,,0.0109,0.0106,0.0119,0.0005,7,0.0010,100,0,0,100,
VALORES_ENORMES,100,valores_enormes_n100_v0,KarmarkarKarp,false,SUCESSO,2562004535,2562004545,10,10,false,0,0.0000,0.000000,,0.0124,0.0119,0.0278,0.0061,7,0.0208,99,0,0,10,
VALORES_ENORMES,100,valores_enormes_n100_v1,Backtracking,true,NAO_EXECUTADO,,,,,,,,,,,,,,,,,,,,Corte de seguranca da bateria padrao: algoritmo exponencial limitado a n <= 26.
VALORES_ENORMES,100,valores_enormes_n100_v1,BranchAndBound,true,NAO_EXECUTADO,,,,,,,,,,,,,,,,,,,,Corte de seguranca da bateria padrao: algoritmo exponencial limitado a n <= 26.
VALORES_ENORMES,100,valores_enormes_n100_v1,ProgramacaoDinamica,true,MEMORIA_INVIAVEL,,,,,,,,,,,,,,,,,,,,Soma total 5628436101 exige tabela indexada acima do limite de int (n=100).
VALORES_ENORMES,100,valores_enormes_n100_v1,Guloso,false,SUCESSO,2814407331,2814028770,378561,29,false,378532,1305282.7586,0.006726,,0.0111,0.0108,0.0123,0.0005,7,0.0010,100,0,0,100,
VALORES_ENORMES,100,valores_enormes_n100_v1,KarmarkarKarp,false,SUCESSO,2814218036,2814218065,29,29,false,0,0.0000,0.000001,,0.0127,0.0120,0.0304,0.0077,7,0.0208,99,0,0,11,
VALORES_ENORMES,100,valores_enormes_n100_v2,Backtracking,true,NAO_EXECUTADO,,,,,,,,,,,,,,,,,,,,Corte de seguranca da bateria padrao: algoritmo exponencial limitado a n <= 26.
VALORES_ENORMES,100,valores_enormes_n100_v2,BranchAndBound,true,NAO_EXECUTADO,,,,,,,,,,,,,,,,,,,,Corte de seguranca da bateria padrao: algoritmo exponencial limitado a n <= 26.
VALORES_ENORMES,100,valores_enormes_n100_v2,ProgramacaoDinamica,true,MEMORIA_INVIAVEL,,,,,,,,,,,,,,,,,,,,Soma total 4923717933 exige tabela indexada acima do limite de int (n=100).
VALORES_ENORMES,100,valores_enormes_n100_v2,Guloso,false,SUCESSO,2461923379,2461794554,128825,17,false,128808,757694.1176,0.002616,,0.0132,0.0126,0.0162,0.0015,7,0.0010,100,0,0,100,
VALORES_ENORMES,100,valores_enormes_n100_v2,KarmarkarKarp,false,SUCESSO,2461858975,2461858958,17,17,false,0,0.0000,0.000000,,0.0130,0.0121,0.0331,0.0081,7,0.0208,99,0,0,9,
VALORES_ENORMES,100,valores_enormes_n100_v3,Backtracking,true,NAO_EXECUTADO,,,,,,,,,,,,,,,,,,,,Corte de seguranca da bateria padrao: algoritmo exponencial limitado a n <= 26.
VALORES_ENORMES,100,valores_enormes_n100_v3,BranchAndBound,true,NAO_EXECUTADO,,,,,,,,,,,,,,,,,,,,Corte de seguranca da bateria padrao: algoritmo exponencial limitado a n <= 26.
VALORES_ENORMES,100,valores_enormes_n100_v3,ProgramacaoDinamica,true,MEMORIA_INVIAVEL,,,,,,,,,,,,,,,,,,,,Soma total 5049521044 exige tabela indexada acima do limite de int (n=100).
VALORES_ENORMES,100,valores_enormes_n100_v3,Guloso,false,SUCESSO,2524824628,2524696416,128212,14,false,128198,915700.0000,0.002539,,0.0128,0.0124,0.0159,0.0012,7,0.0010,100,0,0,100,
VALORES_ENORMES,100,valores_enormes_n100_v3,KarmarkarKarp,false,SUCESSO,2524760529,2524760515,14,14,false,0,0.0000,0.000000,,0.0187,0.0162,0.0385,0.0091,7,0.0208,99,0,0,10,
VALORES_ENORMES,100,valores_enormes_n100_v4,Backtracking,true,NAO_EXECUTADO,,,,,,,,,,,,,,,,,,,,Corte de seguranca da bateria padrao: algoritmo exponencial limitado a n <= 26.
VALORES_ENORMES,100,valores_enormes_n100_v4,BranchAndBound,true,NAO_EXECUTADO,,,,,,,,,,,,,,,,,,,,Corte de seguranca da bateria padrao: algoritmo exponencial limitado a n <= 26.
VALORES_ENORMES,100,valores_enormes_n100_v4,ProgramacaoDinamica,true,MEMORIA_INVIAVEL,,,,,,,,,,,,,,,,,,,,Soma total 4990136971 exige tabela indexada acima do limite de int (n=100).
VALORES_ENORMES,100,valores_enormes_n100_v4,Guloso,false,SUCESSO,2494933387,2495203584,270197,25,false,270172,1080688.0000,0.005415,,0.0146,0.0142,0.0156,0.0005,7,0.0010,100,0,0,100,
VALORES_ENORMES,100,valores_enormes_n100_v4,KarmarkarKarp,false,SUCESSO,2495068473,2495068498,25,25,false,0,0.0000,0.000001,,0.0295,0.0154,0.0977,0.0287,7,0.0208,99,0,0,12,
VALORES_ENORMES,1000,valores_enormes_n1000_v0,Backtracking,true,NAO_EXECUTADO,,,,,,,,,,,,,,,,,,,,Corte de seguranca da bateria padrao: algoritmo exponencial limitado a n <= 26.
VALORES_ENORMES,1000,valores_enormes_n1000_v0,BranchAndBound,true,NAO_EXECUTADO,,,,,,,,,,,,,,,,,,,,Corte de seguranca da bateria padrao: algoritmo exponencial limitado a n <= 26.
VALORES_ENORMES,1000,valores_enormes_n1000_v0,ProgramacaoDinamica,true,MEMORIA_INVIAVEL,,,,,,,,,,,,,,,,,,,,Soma total 51453928750 exige tabela indexada acima do limite de int (n=1000).
VALORES_ENORMES,1000,valores_enormes_n1000_v0,Guloso,false,SUCESSO,25726958987,25726969763,10776,0,false,10776,,0.000021,,0.2149,0.2062,0.2635,0.0216,7,0.0213,1000,0,0,1000,
VALORES_ENORMES,1000,valores_enormes_n1000_v0,KarmarkarKarp,false,SUCESSO,25726964375,25726964375,0,0,false,0,0.0000,0.000000,,0.3390,0.2906,0.4729,0.0725,7,0.2308,999,0,0,52,
VALORES_ENORMES,1000,valores_enormes_n1000_v1,Backtracking,true,NAO_EXECUTADO,,,,,,,,,,,,,,,,,,,,Corte de seguranca da bateria padrao: algoritmo exponencial limitado a n <= 26.
VALORES_ENORMES,1000,valores_enormes_n1000_v1,BranchAndBound,true,NAO_EXECUTADO,,,,,,,,,,,,,,,,,,,,Corte de seguranca da bateria padrao: algoritmo exponencial limitado a n <= 26.
VALORES_ENORMES,1000,valores_enormes_n1000_v1,ProgramacaoDinamica,true,MEMORIA_INVIAVEL,,,,,,,,,,,,,,,,,,,,Soma total 50088122125 exige tabela indexada acima do limite de int (n=1000).
VALORES_ENORMES,1000,valores_enormes_n1000_v1,Guloso,false,SUCESSO,25043984950,25044137175,152225,1,false,152224,15222400.0000,0.000304,,0.1701,0.1677,0.2108,0.0179,7,0.0213,1000,0,0,1000,
VALORES_ENORMES,1000,valores_enormes_n1000_v1,KarmarkarKarp,false,SUCESSO,25044061062,25044061063,1,1,false,0,0.0000,0.000000,,0.5998,0.4906,0.6484,0.0641,7,0.2352,999,0,0,10,
VALORES_ENORMES,1000,valores_enormes_n1000_v2,Backtracking,true,NAO_EXECUTADO,,,,,,,,,,,,,,,,,,,,Corte de seguranca da bateria padrao: algoritmo exponencial limitado a n <= 26.
VALORES_ENORMES,1000,valores_enormes_n1000_v2,BranchAndBound,true,NAO_EXECUTADO,,,,,,,,,,,,,,,,,,,,Corte de seguranca da bateria padrao: algoritmo exponencial limitado a n <= 26.
VALORES_ENORMES,1000,valores_enormes_n1000_v2,ProgramacaoDinamica,true,MEMORIA_INVIAVEL,,,,,,,,,,,,,,,,,,,,Soma total 49359844143 exige tabela indexada acima do limite de int (n=1000).
VALORES_ENORMES,1000,valores_enormes_n1000_v2,Guloso,false,SUCESSO,24679989491,24679854652,134839,1,false,134838,13483800.0000,0.000273,,0.2201,0.2068,0.2312,0.0101,7,0.0213,1000,0,0,1000,
VALORES_ENORMES,1000,valores_enormes_n1000_v2,KarmarkarKarp,false,SUCESSO,24679922071,24679922072,1,1,false,0,0.0000,0.000000,,0.7369,0.5503,0.9887,0.1484,7,0.2352,999,0,0,11,
VALORES_ENORMES,1000,valores_enormes_n1000_v3,Backtracking,true,NAO_EXECUTADO,,,,,,,,,,,,,,,,,,,,Corte de seguranca da bateria padrao: algoritmo exponencial limitado a n <= 26.
VALORES_ENORMES,1000,valores_enormes_n1000_v3,BranchAndBound,true,NAO_EXECUTADO,,,,,,,,,,,,,,,,,,,,Corte de seguranca da bateria padrao: algoritmo exponencial limitado a n <= 26.
VALORES_ENORMES,1000,valores_enormes_n1000_v3,ProgramacaoDinamica,true,MEMORIA_INVIAVEL,,,,,,,,,,,,,,,,,,,,Soma total 50714088057 exige tabela indexada acima do limite de int (n=1000).
VALORES_ENORMES,1000,valores_enormes_n1000_v3,Guloso,false,SUCESSO,25356900096,25357187961,287865,1,false,287864,28786400.0000,0.000568,,0.2460,0.2203,0.2816,0.0235,7,0.0213,1000,0,0,1000,
VALORES_ENORMES,1000,valores_enormes_n1000_v3,KarmarkarKarp,false,SUCESSO,25357044029,25357044028,1,1,false,0,0.0000,0.000000,,0.7425,0.5152,1.2575,0.3006,7,0.2352,999,0,0,8,
VALORES_ENORMES,1000,valores_enormes_n1000_v4,Backtracking,true,NAO_EXECUTADO,,,,,,,,,,,,,,,,,,,,Corte de seguranca da bateria padrao: algoritmo exponencial limitado a n <= 26.
VALORES_ENORMES,1000,valores_enormes_n1000_v4,BranchAndBound,true,NAO_EXECUTADO,,,,,,,,,,,,,,,,,,,,Corte de seguranca da bateria padrao: algoritmo exponencial limitado a n <= 26.
VALORES_ENORMES,1000,valores_enormes_n1000_v4,ProgramacaoDinamica,true,MEMORIA_INVIAVEL,,,,,,,,,,,,,,,,,,,,Soma total 52298892716 exige tabela indexada acima do limite de int (n=1000).
VALORES_ENORMES,1000,valores_enormes_n1000_v4,Guloso,false,SUCESSO,26149480655,26149412061,68594,0,false,68594,,0.000131,,0.1819,0.1681,0.2091,0.0137,7,0.0213,1000,0,0,1000,
VALORES_ENORMES,1000,valores_enormes_n1000_v4,KarmarkarKarp,false,SUCESSO,26149446358,26149446358,0,0,false,0,0.0000,0.000000,,0.3267,0.2845,0.4888,0.0801,7,0.2303,999,0,0,73,
VALORES_ENORMES,10000,valores_enormes_n10000_v0,Backtracking,true,NAO_EXECUTADO,,,,,,,,,,,,,,,,,,,,Corte de seguranca da bateria padrao: algoritmo exponencial limitado a n <= 26.
VALORES_ENORMES,10000,valores_enormes_n10000_v0,BranchAndBound,true,NAO_EXECUTADO,,,,,,,,,,,,,,,,,,,,Corte de seguranca da bateria padrao: algoritmo exponencial limitado a n <= 26.
VALORES_ENORMES,10000,valores_enormes_n10000_v0,ProgramacaoDinamica,true,MEMORIA_INVIAVEL,,,,,,,,,,,,,,,,,,,,Soma total 505475876312 exige tabela indexada acima do limite de int (n=10000).
VALORES_ENORMES,10000,valores_enormes_n10000_v0,Guloso,false,SUCESSO,252737937891,252737938421,530,0,false,530,,0.000000,,3.0250,2.9082,3.2385,0.1221,7,0.2482,10000,0,0,10000,
VALORES_ENORMES,10000,valores_enormes_n10000_v0,KarmarkarKarp,false,SUCESSO,252737938156,252737938156,0,0,false,0,0.0000,0.000000,,6.2991,5.6141,7.9304,0.8991,7,2.3329,9999,0,0,1016,
VALORES_ENORMES,10000,valores_enormes_n10000_v1,Backtracking,true,NAO_EXECUTADO,,,,,,,,,,,,,,,,,,,,Corte de seguranca da bateria padrao: algoritmo exponencial limitado a n <= 26.
VALORES_ENORMES,10000,valores_enormes_n10000_v1,BranchAndBound,true,NAO_EXECUTADO,,,,,,,,,,,,,,,,,,,,Corte de seguranca da bateria padrao: algoritmo exponencial limitado a n <= 26.
VALORES_ENORMES,10000,valores_enormes_n10000_v1,ProgramacaoDinamica,true,MEMORIA_INVIAVEL,,,,,,,,,,,,,,,,,,,,Soma total 504074575768 exige tabela indexada acima do limite de int (n=10000).
VALORES_ENORMES,10000,valores_enormes_n10000_v1,Guloso,false,SUCESSO,252037279156,252037296612,17456,0,false,17456,,0.000003,,2.8692,2.5165,3.6784,0.3979,7,0.2482,10000,0,0,10000,
VALORES_ENORMES,10000,valores_enormes_n10000_v1,KarmarkarKarp,false,SUCESSO,252037287884,252037287884,0,0,false,0,0.0000,0.000000,,5.3246,4.5226,7.6128,1.1194,7,2.3327,9999,0,0,1351,
VALORES_ENORMES,10000,valores_enormes_n10000_v2,Backtracking,true,NAO_EXECUTADO,,,,,,,,,,,,,,,,,,,,Corte de seguranca da bateria padrao: algoritmo exponencial limitado a n <= 26.
VALORES_ENORMES,10000,valores_enormes_n10000_v2,BranchAndBound,true,NAO_EXECUTADO,,,,,,,,,,,,,,,,,,,,Corte de seguranca da bateria padrao: algoritmo exponencial limitado a n <= 26.
VALORES_ENORMES,10000,valores_enormes_n10000_v2,ProgramacaoDinamica,true,MEMORIA_INVIAVEL,,,,,,,,,,,,,,,,,,,,Soma total 504460054198 exige tabela indexada acima do limite de int (n=10000).
VALORES_ENORMES,10000,valores_enormes_n10000_v2,Guloso,false,SUCESSO,252230023552,252230030646,7094,0,false,7094,,0.000001,,2.8920,2.2811,3.0074,0.2446,7,0.2482,10000,0,0,10000,
VALORES_ENORMES,10000,valores_enormes_n10000_v2,KarmarkarKarp,false,SUCESSO,252230027099,252230027099,0,0,false,0,0.0000,0.000000,,7.0626,5.9408,10.6184,1.5291,7,2.3332,9999,0,0,1017,
VALORES_ENORMES,10000,valores_enormes_n10000_v3,Backtracking,true,NAO_EXECUTADO,,,,,,,,,,,,,,,,,,,,Corte de seguranca da bateria padrao: algoritmo exponencial limitado a n <= 26.
VALORES_ENORMES,10000,valores_enormes_n10000_v3,BranchAndBound,true,NAO_EXECUTADO,,,,,,,,,,,,,,,,,,,,Corte de seguranca da bateria padrao: algoritmo exponencial limitado a n <= 26.
VALORES_ENORMES,10000,valores_enormes_n10000_v3,ProgramacaoDinamica,true,MEMORIA_INVIAVEL,,,,,,,,,,,,,,,,,,,,Soma total 507889596764 exige tabela indexada acima do limite de int (n=10000).
VALORES_ENORMES,10000,valores_enormes_n10000_v3,Guloso,false,SUCESSO,253944797737,253944799027,1290,0,false,1290,,0.000000,,3.5618,2.6077,4.0352,0.5717,7,0.2482,10000,0,0,10000,
VALORES_ENORMES,10000,valores_enormes_n10000_v3,KarmarkarKarp,false,SUCESSO,253944798382,253944798382,0,0,false,0,0.0000,0.000000,,7.0619,4.7553,7.7913,1.2365,7,2.3331,9999,0,0,1102,
VALORES_ENORMES,10000,valores_enormes_n10000_v4,Backtracking,true,NAO_EXECUTADO,,,,,,,,,,,,,,,,,,,,Corte de seguranca da bateria padrao: algoritmo exponencial limitado a n <= 26.
VALORES_ENORMES,10000,valores_enormes_n10000_v4,BranchAndBound,true,NAO_EXECUTADO,,,,,,,,,,,,,,,,,,,,Corte de seguranca da bateria padrao: algoritmo exponencial limitado a n <= 26.
VALORES_ENORMES,10000,valores_enormes_n10000_v4,ProgramacaoDinamica,true,MEMORIA_INVIAVEL,,,,,,,,,,,,,,,,,,,,Soma total 509942959330 exige tabela indexada acima do limite de int (n=10000).
VALORES_ENORMES,10000,valores_enormes_n10000_v4,Guloso,false,SUCESSO,254971463001,254971496329,33328,0,false,33328,,0.000007,,2.4044,2.1794,2.8189,0.2284,7,0.2482,10000,0,0,10000,
VALORES_ENORMES,10000,valores_enormes_n10000_v4,KarmarkarKarp,false,SUCESSO,254971479665,254971479665,0,0,false,0,0.0000,0.000000,,5.4693,4.3539,6.8304,0.9306,7,2.3331,9999,0,0,1172,
PARTICAO_PERFEITA,10,particao_perfeita_n10_v0,Backtracking,true,SUCESSO,2164,2164,0,0,true,0,0.0000,0.000000,true,0.0005,0.0005,0.0005,0.0000,7,0.0002,99,99,0,10,
PARTICAO_PERFEITA,10,particao_perfeita_n10_v0,BranchAndBound,true,SUCESSO,2164,2164,0,0,true,0,0.0000,0.000000,true,0.0017,0.0016,0.0018,0.0001,7,0.0004,163,163,30,10,
PARTICAO_PERFEITA,10,particao_perfeita_n10_v0,ProgramacaoDinamica,true,SUCESSO,2164,2164,0,0,true,0,0.0000,0.000000,true,0.1541,0.1469,0.1575,0.0034,7,0.0231,21650,0,0,10,
PARTICAO_PERFEITA,10,particao_perfeita_n10_v0,Guloso,false,SUCESSO,2164,2164,0,0,true,0,0.0000,0.000000,true,0.0007,0.0006,0.0026,0.0007,7,0.0002,10,0,0,10,
PARTICAO_PERFEITA,10,particao_perfeita_n10_v0,KarmarkarKarp,false,SUCESSO,2164,2164,0,0,true,0,0.0000,0.000000,true,0.0010,0.0010,0.0011,0.0000,7,0.0024,9,0,0,3,
PARTICAO_PERFEITA,10,particao_perfeita_n10_v1,Backtracking,true,SUCESSO,3146,3146,0,0,true,0,0.0000,0.000000,true,0.0012,0.0010,0.0044,0.0012,7,0.0002,123,123,0,10,
PARTICAO_PERFEITA,10,particao_perfeita_n10_v1,BranchAndBound,true,SUCESSO,3146,3146,0,0,true,0,0.0000,0.000000,true,0.0033,0.0026,0.0035,0.0004,7,0.0004,181,181,39,10,
PARTICAO_PERFEITA,10,particao_perfeita_n10_v1,ProgramacaoDinamica,true,SUCESSO,3146,3146,0,0,true,0,0.0000,0.000000,true,0.2106,0.1976,0.2330,0.0141,7,0.0334,31470,0,0,10,
PARTICAO_PERFEITA,10,particao_perfeita_n10_v1,Guloso,false,SUCESSO,3146,3146,0,0,true,0,0.0000,0.000000,true,0.0006,0.0005,0.0009,0.0001,7,0.0002,10,0,0,10,
PARTICAO_PERFEITA,10,particao_perfeita_n10_v1,KarmarkarKarp,false,SUCESSO,3146,3146,0,0,true,0,0.0000,0.000000,true,0.0010,0.0009,0.0011,0.0001,7,0.0024,9,0,0,4,
PARTICAO_PERFEITA,10,particao_perfeita_n10_v2,Backtracking,true,SUCESSO,1703,1703,0,0,true,0,0.0000,0.000000,true,0.0004,0.0004,0.0006,0.0001,7,0.0002,67,67,0,10,
PARTICAO_PERFEITA,10,particao_perfeita_n10_v2,BranchAndBound,true,SUCESSO,1703,1703,0,0,true,0,0.0000,0.000000,true,0.0031,0.0022,0.0755,0.0274,7,0.0004,157,157,35,10,
PARTICAO_PERFEITA,10,particao_perfeita_n10_v2,ProgramacaoDinamica,true,SUCESSO,1703,1703,0,0,true,0,0.0000,0.000000,true,0.1615,0.1480,0.2326,0.0295,7,0.0183,17040,0,0,10,
PARTICAO_PERFEITA,10,particao_perfeita_n10_v2,Guloso,false,SUCESSO,1703,1703,0,0,true,0,0.0000,0.000000,true,0.0010,0.0008,0.0022,0.0005,7,0.0002,10,0,0,10,
PARTICAO_PERFEITA,10,particao_perfeita_n10_v2,KarmarkarKarp,false,SUCESSO,1703,1703,0,0,true,0,0.0000,0.000000,true,0.0013,0.0012,0.0015,0.0001,7,0.0024,9,0,0,3,
PARTICAO_PERFEITA,10,particao_perfeita_n10_v3,Backtracking,true,SUCESSO,2241,2241,0,0,true,0,0.0000,0.000000,true,0.0017,0.0014,0.0044,0.0011,7,0.0002,187,187,0,10,
PARTICAO_PERFEITA,10,particao_perfeita_n10_v3,BranchAndBound,true,SUCESSO,2241,2241,0,0,true,0,0.0000,0.000000,true,0.0019,0.0017,0.0022,0.0002,7,0.0004,193,193,39,10,
PARTICAO_PERFEITA,10,particao_perfeita_n10_v3,ProgramacaoDinamica,true,SUCESSO,2241,2241,0,0,true,0,0.0000,0.000000,true,0.2631,0.1961,1.3816,0.4255,7,0.0240,22420,0,0,10,
PARTICAO_PERFEITA,10,particao_perfeita_n10_v3,Guloso,false,SUCESSO,2241,2241,0,0,true,0,0.0000,0.000000,true,0.0005,0.0005,0.0027,0.0008,7,0.0002,10,0,0,10,
PARTICAO_PERFEITA,10,particao_perfeita_n10_v3,KarmarkarKarp,false,SUCESSO,2241,2241,0,0,true,0,0.0000,0.000000,true,0.0015,0.0011,0.0018,0.0002,7,0.0024,9,0,0,5,
PARTICAO_PERFEITA,10,particao_perfeita_n10_v4,Backtracking,true,SUCESSO,1727,1727,0,0,true,0,0.0000,0.000000,true,0.0012,0.0011,0.0013,0.0001,7,0.0002,307,307,0,10,
PARTICAO_PERFEITA,10,particao_perfeita_n10_v4,BranchAndBound,true,SUCESSO,1727,1727,0,0,true,0,0.0000,0.000000,true,0.0032,0.0026,0.0040,0.0005,7,0.0004,243,243,22,10,
PARTICAO_PERFEITA,10,particao_perfeita_n10_v4,ProgramacaoDinamica,true,SUCESSO,1727,1727,0,0,true,0,0.0000,0.000000,true,0.1874,0.1615,0.2704,0.0447,7,0.0185,17280,0,0,10,
PARTICAO_PERFEITA,10,particao_perfeita_n10_v4,Guloso,false,SUCESSO,1727,1727,0,0,true,0,0.0000,0.000000,true,0.0007,0.0007,0.0019,0.0004,7,0.0002,10,0,0,10,
PARTICAO_PERFEITA,10,particao_perfeita_n10_v4,KarmarkarKarp,false,SUCESSO,1727,1727,0,0,true,0,0.0000,0.000000,true,0.0014,0.0013,0.0019,0.0002,7,0.0024,9,0,0,5,
PARTICAO_PERFEITA,15,particao_perfeita_n15_v0,Backtracking,true,SUCESSO,3257,3257,0,0,true,0,0.0000,0.000000,true,0.0084,0.0082,0.0096,0.0005,7,0.0002,1410,1410,0,15,
PARTICAO_PERFEITA,15,particao_perfeita_n15_v0,BranchAndBound,true,SUCESSO,3257,3257,0,0,true,0,0.0000,0.000000,true,0.0080,0.0066,0.0090,0.0009,7,0.0005,717,717,173,15,
PARTICAO_PERFEITA,15,particao_perfeita_n15_v0,ProgramacaoDinamica,true,SUCESSO,3257,3257,0,0,true,0,0.0000,0.000000,true,0.3699,0.3587,0.4038,0.0174,7,0.0503,48870,0,0,15,
PARTICAO_PERFEITA,15,particao_perfeita_n15_v0,Guloso,false,SUCESSO,3233,3281,48,0,true,48,,0.736874,false,0.0012,0.0010,0.0014,0.0002,7,0.0002,15,0,0,15,
PARTICAO_PERFEITA,15,particao_perfeita_n15_v0,KarmarkarKarp,false,SUCESSO,3247,3267,20,0,true,20,,0.307031,false,0.0021,0.0020,0.0023,0.0001,7,0.0034,14,0,0,7,
PARTICAO_PERFEITA,15,particao_perfeita_n15_v1,Backtracking,true,SUCESSO,3304,3304,0,0,true,0,0.0000,0.000000,true,0.0147,0.0142,0.0151,0.0004,7,0.0002,2802,2802,0,15,
PARTICAO_PERFEITA,15,particao_perfeita_n15_v1,BranchAndBound,true,SUCESSO,3304,3304,0,0,true,0,0.0000,0.000000,true,0.0090,0.0088,0.0133,0.0016,7,0.0005,1253,1253,305,15,
PARTICAO_PERFEITA,15,particao_perfeita_n15_v1,ProgramacaoDinamica,true,SUCESSO,3304,3304,0,0,true,0,0.0000,0.000000,true,0.1703,0.1394,0.3101,0.0762,7,0.0510,49575,0,0,15,
PARTICAO_PERFEITA,15,particao_perfeita_n15_v1,Guloso,false,SUCESSO,3304,3304,0,0,true,0,0.0000,0.000000,true,0.0015,0.0013,0.0063,0.0018,7,0.0002,15,0,0,15,
PARTICAO_PERFEITA,15,particao_perfeita_n15_v1,KarmarkarKarp,false,SUCESSO,3304,3304,0,0,true,0,0.0000,0.000000,true,0.0022,0.0019,0.0023,0.0002,7,0.0034,14,0,0,7,
PARTICAO_PERFEITA,15,particao_perfeita_n15_v2,Backtracking,true,SUCESSO,1630,1630,0,0,true,0,0.0000,0.000000,true,0.0022,0.0021,0.0037,0.0006,7,0.0002,492,492,0,15,
PARTICAO_PERFEITA,15,particao_perfeita_n15_v2,BranchAndBound,true,SUCESSO,1630,1630,0,0,true,0,0.0000,0.000000,true,0.0062,0.0061,0.0062,0.0000,7,0.0005,1005,1005,175,15,
PARTICAO_PERFEITA,15,particao_perfeita_n15_v2,ProgramacaoDinamica,true,SUCESSO,1630,1630,0,0,true,0,0.0000,0.000000,true,0.0475,0.0412,0.0582,0.0058,7,0.0254,24465,0,0,15,
PARTICAO_PERFEITA,15,particao_perfeita_n15_v2,Guloso,false,SUCESSO,1630,1630,0,0,true,0,0.0000,0.000000,true,0.0014,0.0013,0.0016,0.0001,7,0.0002,15,0,0,15,
PARTICAO_PERFEITA,15,particao_perfeita_n15_v2,KarmarkarKarp,false,SUCESSO,1630,1630,0,0,true,0,0.0000,0.000000,true,0.0021,0.0017,0.0091,0.0027,7,0.0034,14,0,0,7,
PARTICAO_PERFEITA,15,particao_perfeita_n15_v3,Backtracking,true,SUCESSO,4170,4170,0,0,true,0,0.0000,0.000000,true,0.0647,0.0644,0.0882,0.0087,7,0.0002,16998,16998,0,15,
PARTICAO_PERFEITA,15,particao_perfeita_n15_v3,BranchAndBound,true,SUCESSO,4170,4170,0,0,true,0,0.0000,0.000000,true,0.0147,0.0142,0.0245,0.0038,7,0.0005,2083,2083,569,15,
PARTICAO_PERFEITA,15,particao_perfeita_n15_v3,ProgramacaoDinamica,true,SUCESSO,4170,4170,0,0,true,0,0.0000,0.000000,true,0.1875,0.1706,0.4418,0.1065,7,0.0642,62565,0,0,15,
PARTICAO_PERFEITA,15,particao_perfeita_n15_v3,Guloso,false,SUCESSO,4170,4170,0,0,true,0,0.0000,0.000000,true,0.0011,0.0011,0.0031,0.0007,7,0.0002,15,0,0,15,
PARTICAO_PERFEITA,15,particao_perfeita_n15_v3,KarmarkarKarp,false,SUCESSO,4170,4170,0,0,true,0,0.0000,0.000000,true,0.0030,0.0015,0.0033,0.0006,7,0.0034,14,0,0,9,
PARTICAO_PERFEITA,15,particao_perfeita_n15_v4,Backtracking,true,SUCESSO,3549,3549,0,0,true,0,0.0000,0.000000,true,0.0240,0.0239,0.0253,0.0006,7,0.0002,6262,6262,0,15,
PARTICAO_PERFEITA,15,particao_perfeita_n15_v4,BranchAndBound,true,SUCESSO,3549,3549,0,0,true,0,0.0000,0.000000,true,0.0052,0.0047,0.0056,0.0003,7,0.0005,473,473,133,15,
PARTICAO_PERFEITA,15,particao_perfeita_n15_v4,ProgramacaoDinamica,true,SUCESSO,3549,3549,0,0,true,0,0.0000,0.000000,true,0.1112,0.1095,0.1158,0.0025,7,0.0547,53250,0,0,15,
PARTICAO_PERFEITA,15,particao_perfeita_n15_v4,Guloso,false,SUCESSO,3586,3512,74,0,true,74,,1.042547,false,0.0013,0.0012,0.0016,0.0001,7,0.0002,15,0,0,15,
PARTICAO_PERFEITA,15,particao_perfeita_n15_v4,KarmarkarKarp,false,SUCESSO,3549,3549,0,0,true,0,0.0000,0.000000,true,0.0021,0.0018,0.0025,0.0002,7,0.0034,14,0,0,6,
PARTICAO_PERFEITA,20,particao_perfeita_n20_v0,Backtracking,true,SUCESSO,6034,6034,0,0,true,0,0.0000,0.000000,true,0.0413,0.0412,0.0649,0.0120,7,0.0002,14248,14248,0,20,
PARTICAO_PERFEITA,20,particao_perfeita_n20_v0,BranchAndBound,true,SUCESSO,6034,6034,0,0,true,0,0.0000,0.000000,true,0.2082,0.1948,0.3834,0.0668,7,0.0006,37856,37856,14545,20,
PARTICAO_PERFEITA,20,particao_perfeita_n20_v0,ProgramacaoDinamica,true,SUCESSO,6034,6034,0,0,true,0,0.0000,0.000000,true,0.3538,0.3059,0.4283,0.0404,7,0.1215,120700,0,0,20,
PARTICAO_PERFEITA,20,particao_perfeita_n20_v0,Guloso,false,SUCESSO,6034,6034,0,0,true,0,0.0000,0.000000,true,0.0023,0.0022,0.0023,0.0000,7,0.0003,20,0,0,20,
PARTICAO_PERFEITA,20,particao_perfeita_n20_v0,KarmarkarKarp,false,SUCESSO,6034,6034,0,0,true,0,0.0000,0.000000,true,0.0025,0.0025,0.0026,0.0001,7,0.0044,19,0,0,10,
PARTICAO_PERFEITA,20,particao_perfeita_n20_v1,Backtracking,true,SUCESSO,5095,5095,0,0,true,0,0.0000,0.000000,true,0.0848,0.0840,0.0859,0.0006,7,0.0002,19462,19462,0,20,
PARTICAO_PERFEITA,20,particao_perfeita_n20_v1,BranchAndBound,true,SUCESSO,5095,5095,0,0,true,0,0.0000,0.000000,true,0.0096,0.0094,0.0136,0.0015,7,0.0006,1842,1842,592,20,
PARTICAO_PERFEITA,20,particao_perfeita_n20_v1,ProgramacaoDinamica,true,SUCESSO,5095,5095,0,0,true,0,0.0000,0.000000,true,0.2932,0.2743,0.4817,0.0869,7,0.1026,101920,0,0,20,
PARTICAO_PERFEITA,20,particao_perfeita_n20_v1,Guloso,false,SUCESSO,5095,5095,0,0,true,0,0.0000,0.000000,true,0.0016,0.0015,0.0055,0.0015,7,0.0003,20,0,0,20,
PARTICAO_PERFEITA,20,particao_perfeita_n20_v1,KarmarkarKarp,false,SUCESSO,5095,5095,0,0,true,0,0.0000,0.000000,true,0.0030,0.0026,0.0031,0.0002,7,0.0044,19,0,0,9,
PARTICAO_PERFEITA,20,particao_perfeita_n20_v2,Backtracking,true,SUCESSO,4245,4245,0,0,true,0,0.0000,0.000000,true,0.0799,0.0757,0.0881,0.0045,7,0.0002,18305,18305,0,20,
PARTICAO_PERFEITA,20,particao_perfeita_n20_v2,BranchAndBound,true,SUCESSO,4245,4245,0,0,true,0,0.0000,0.000000,true,0.0118,0.0116,0.0124,0.0003,7,0.0006,1398,1398,414,20,
PARTICAO_PERFEITA,20,particao_perfeita_n20_v2,ProgramacaoDinamica,true,SUCESSO,4245,4245,0,0,true,0,0.0000,0.000000,true,0.2471,0.2176,0.2815,0.0278,7,0.0857,84920,0,0,20,
PARTICAO_PERFEITA,20,particao_perfeita_n20_v2,Guloso,false,SUCESSO,4245,4245,0,0,true,0,0.0000,0.000000,true,0.0024,0.0021,0.0668,0.0243,7,0.0003,20,0,0,20,
PARTICAO_PERFEITA,20,particao_perfeita_n20_v2,KarmarkarKarp,false,SUCESSO,4245,4245,0,0,true,0,0.0000,0.000000,true,0.0026,0.0023,0.0030,0.0003,7,0.0044,19,0,0,10,
PARTICAO_PERFEITA,20,particao_perfeita_n20_v3,Backtracking,true,SUCESSO,4658,4658,0,0,true,0,0.0000,0.000000,true,0.0212,0.0190,0.0301,0.0046,7,0.0002,6664,6664,0,20,
PARTICAO_PERFEITA,20,particao_perfeita_n20_v3,BranchAndBound,true,SUCESSO,4658,4658,0,0,true,0,0.0000,0.000000,true,0.0168,0.0156,0.0184,0.0009,7,0.0006,2262,2262,713,20,
PARTICAO_PERFEITA,20,particao_perfeita_n20_v3,ProgramacaoDinamica,true,SUCESSO,4658,4658,0,0,true,0,0.0000,0.000000,true,0.3442,0.3256,0.3818,0.0217,7,0.0940,93180,0,0,20,
PARTICAO_PERFEITA,20,particao_perfeita_n20_v3,Guloso,false,SUCESSO,4658,4658,0,0,true,0,0.0000,0.000000,true,0.0020,0.0019,0.0056,0.0013,7,0.0003,20,0,0,20,
PARTICAO_PERFEITA,20,particao_perfeita_n20_v3,KarmarkarKarp,false,SUCESSO,4658,4658,0,0,true,0,0.0000,0.000000,true,0.0021,0.0019,0.0024,0.0002,7,0.0044,19,0,0,11,
PARTICAO_PERFEITA,20,particao_perfeita_n20_v4,Backtracking,true,SUCESSO,5516,5516,0,0,true,0,0.0000,0.000000,true,0.1145,0.1121,0.1874,0.0275,7,0.0002,39848,39848,0,20,
PARTICAO_PERFEITA,20,particao_perfeita_n20_v4,BranchAndBound,true,SUCESSO,5516,5516,0,0,true,0,0.0000,0.000000,true,0.0139,0.0136,0.0145,0.0003,7,0.0006,2998,2998,1148,20,
PARTICAO_PERFEITA,20,particao_perfeita_n20_v4,ProgramacaoDinamica,true,SUCESSO,5516,5516,0,0,true,0,0.0000,0.000000,true,0.2662,0.2614,0.2921,0.0116,7,0.1111,110340,0,0,20,
PARTICAO_PERFEITA,20,particao_perfeita_n20_v4,Guloso,false,SUCESSO,5516,5516,0,0,true,0,0.0000,0.000000,true,0.0016,0.0015,0.0039,0.0009,7,0.0003,20,0,0,20,
PARTICAO_PERFEITA,20,particao_perfeita_n20_v4,KarmarkarKarp,false,SUCESSO,5516,5516,0,0,true,0,0.0000,0.000000,true,0.0026,0.0023,0.0063,0.0015,7,0.0044,19,0,0,8,
PARTICAO_PERFEITA,22,particao_perfeita_n22_v0,Backtracking,true,SUCESSO,5997,5997,0,0,true,0,0.0000,0.000000,true,0.1533,0.1493,0.1551,0.0021,7,0.0002,30681,30681,0,22,
PARTICAO_PERFEITA,22,particao_perfeita_n22_v0,BranchAndBound,true,SUCESSO,5997,5997,0,0,true,0,0.0000,0.000000,true,0.0238,0.0194,0.0270,0.0022,7,0.0006,4034,4034,1346,22,
PARTICAO_PERFEITA,22,particao_perfeita_n22_v0,ProgramacaoDinamica,true,SUCESSO,5997,5997,0,0,true,0,0.0000,0.000000,true,0.4108,0.3679,0.4184,0.0211,7,0.1322,131956,0,0,22,
PARTICAO_PERFEITA,22,particao_perfeita_n22_v0,Guloso,false,SUCESSO,5997,5997,0,0,true,0,0.0000,0.000000,true,0.0019,0.0018,0.0033,0.0005,7,0.0003,22,0,0,22,
PARTICAO_PERFEITA,22,particao_perfeita_n22_v0,KarmarkarKarp,false,SUCESSO,5997,5997,0,0,true,0,0.0000,0.000000,true,0.0026,0.0024,0.0028,0.0001,7,0.0048,21,0,0,8,
PARTICAO_PERFEITA,22,particao_perfeita_n22_v1,Backtracking,true,SUCESSO,4888,4888,0,0,true,0,0.0000,0.000000,true,0.1900,0.1862,0.2069,0.0080,7,0.0002,44933,44933,0,22,
PARTICAO_PERFEITA,22,particao_perfeita_n22_v1,BranchAndBound,true,SUCESSO,4888,4888,0,0,true,0,0.0000,0.000000,true,0.0224,0.0175,0.0316,0.0044,7,0.0006,3366,3366,676,22,
PARTICAO_PERFEITA,22,particao_perfeita_n22_v1,ProgramacaoDinamica,true,SUCESSO,4888,4888,0,0,true,0,0.0000,0.000000,true,0.2724,0.2572,0.2974,0.0140,7,0.1080,107558,0,0,22,
PARTICAO_PERFEITA,22,particao_perfeita_n22_v1,Guloso,false,SUCESSO,4888,4888,0,0,true,0,0.0000,0.000000,true,0.0020,0.0019,0.0024,0.0002,7,0.0003,22,0,0,22,
PARTICAO_PERFEITA,22,particao_perfeita_n22_v1,KarmarkarKarp,false,SUCESSO,4888,4888,0,0,true,0,0.0000,0.000000,true,0.0025,0.0024,0.0037,0.0005,7,0.0048,21,0,0,7,
PARTICAO_PERFEITA,22,particao_perfeita_n22_v2,Backtracking,true,SUCESSO,5803,5803,0,0,true,0,0.0000,0.000000,true,0.4087,0.3415,0.4194,0.0270,7,0.0002,92039,92039,0,22,
PARTICAO_PERFEITA,22,particao_perfeita_n22_v2,BranchAndBound,true,SUCESSO,5803,5803,0,0,true,0,0.0000,0.000000,true,0.0089,0.0086,0.0109,0.0008,7,0.0006,1689,1689,533,22,
PARTICAO_PERFEITA,22,particao_perfeita_n22_v2,ProgramacaoDinamica,true,SUCESSO,5803,5803,0,0,true,0,0.0000,0.000000,true,0.3154,0.3075,0.3613,0.0181,7,0.1280,127688,0,0,22,
PARTICAO_PERFEITA,22,particao_perfeita_n22_v2,Guloso,false,SUCESSO,5803,5803,0,0,true,0,0.0000,0.000000,true,0.0024,0.0023,0.0026,0.0001,7,0.0003,22,0,0,22,
PARTICAO_PERFEITA,22,particao_perfeita_n22_v2,KarmarkarKarp,false,SUCESSO,5803,5803,0,0,true,0,0.0000,0.000000,true,0.0022,0.0021,0.0024,0.0001,7,0.0048,21,0,0,9,
PARTICAO_PERFEITA,22,particao_perfeita_n22_v3,Backtracking,true,SUCESSO,4341,4341,0,0,true,0,0.0000,0.000000,true,0.1679,0.1566,0.2281,0.0243,7,0.0002,35323,35323,0,22,
PARTICAO_PERFEITA,22,particao_perfeita_n22_v3,BranchAndBound,true,SUCESSO,4341,4341,0,0,true,0,0.0000,0.000000,true,0.0373,0.0343,0.0398,0.0019,7,0.0006,6630,6630,1855,22,
PARTICAO_PERFEITA,22,particao_perfeita_n22_v3,ProgramacaoDinamica,true,SUCESSO,4341,4341,0,0,true,0,0.0000,0.000000,true,0.3234,0.2830,0.3733,0.0298,7,0.0959,95524,0,0,22,
PARTICAO_PERFEITA,22,particao_perfeita_n22_v3,Guloso,false,SUCESSO,4341,4341,0,0,true,0,0.0000,0.000000,true,0.0023,0.0022,0.0052,0.0011,7,0.0003,22,0,0,22,
PARTICAO_PERFEITA,22,particao_perfeita_n22_v3,KarmarkarKarp,false,SUCESSO,4341,4341,0,0,true,0,0.0000,0.000000,true,0.0028,0.0023,0.0030,0.0003,7,0.0048,21,0,0,9,
PARTICAO_PERFEITA,22,particao_perfeita_n22_v4,Backtracking,true,SUCESSO,4875,4875,0,0,true,0,0.0000,0.000000,true,0.0476,0.0427,0.0519,0.0032,7,0.0002,10218,10218,0,22,
PARTICAO_PERFEITA,22,particao_perfeita_n22_v4,BranchAndBound,true,SUCESSO,4875,4875,0,0,true,0,0.0000,0.000000,true,0.0249,0.0247,0.0256,0.0003,7,0.0006,5887,5887,2138,22,
PARTICAO_PERFEITA,22,particao_perfeita_n22_v4,ProgramacaoDinamica,true,SUCESSO,4875,4875,0,0,true,0,0.0000,0.000000,true,0.3520,0.3284,0.3979,0.0226,7,0.1077,107272,0,0,22,
PARTICAO_PERFEITA,22,particao_perfeita_n22_v4,Guloso,false,SUCESSO,4875,4875,0,0,true,0,0.0000,0.000000,true,0.0026,0.0023,0.0027,0.0002,7,0.0003,22,0,0,22,
PARTICAO_PERFEITA,22,particao_perfeita_n22_v4,KarmarkarKarp,false,SUCESSO,4875,4875,0,0,true,0,0.0000,0.000000,true,0.0023,0.0021,0.0037,0.0006,7,0.0048,21,0,0,11,
PARTICAO_PERFEITA,24,particao_perfeita_n24_v0,Backtracking,true,SUCESSO,6878,6878,0,0,true,0,0.0000,0.000000,true,1.4089,1.2623,1.5199,0.0760,7,0.0002,298995,298995,0,24,
PARTICAO_PERFEITA,24,particao_perfeita_n24_v0,BranchAndBound,true,SUCESSO,6878,6878,0,0,true,0,0.0000,0.000000,true,0.0934,0.0629,0.1005,0.0125,7,0.0007,5409,5409,1818,24,
PARTICAO_PERFEITA,24,particao_perfeita_n24_v0,ProgramacaoDinamica,true,SUCESSO,6878,6878,0,0,true,0,0.0000,0.000000,true,0.5475,0.4330,0.8179,0.1339,7,0.1647,165096,0,0,24,
PARTICAO_PERFEITA,24,particao_perfeita_n24_v0,Guloso,false,SUCESSO,6878,6878,0,0,true,0,0.0000,0.000000,true,0.0025,0.0024,0.0027,0.0001,7,0.0003,24,0,0,24,
PARTICAO_PERFEITA,24,particao_perfeita_n24_v0,KarmarkarKarp,false,SUCESSO,6878,6878,0,0,true,0,0.0000,0.000000,true,0.0024,0.0022,0.0025,0.0001,7,0.0052,23,0,0,12,
PARTICAO_PERFEITA,24,particao_perfeita_n24_v1,Backtracking,true,SUCESSO,6083,6083,0,0,true,0,0.0000,0.000000,true,0.6781,0.2601,5.5821,1.9372,7,0.0002,62215,62215,0,24,
PARTICAO_PERFEITA,24,particao_perfeita_n24_v1,BranchAndBound,true,SUCESSO,6083,6083,0,0,true,0,0.0000,0.000000,true,0.0096,0.0094,0.0119,0.0009,7,0.0007,1804,1804,514,24,
PARTICAO_PERFEITA,24,particao_perfeita_n24_v1,ProgramacaoDinamica,true,SUCESSO,6083,6083,0,0,true,0,0.0000,0.000000,true,0.4684,0.4462,0.4869,0.0159,7,0.1458,146016,0,0,24,
PARTICAO_PERFEITA,24,particao_perfeita_n24_v1,Guloso,false,SUCESSO,6083,6083,0,0,true,0,0.0000,0.000000,true,0.0040,0.0039,0.0065,0.0009,7,0.0003,24,0,0,24,
PARTICAO_PERFEITA,24,particao_perfeita_n24_v1,KarmarkarKarp,false,SUCESSO,6083,6083,0,0,true,0,0.0000,0.000000,true,0.0033,0.0032,0.0040,0.0003,7,0.0052,23,0,0,8,
PARTICAO_PERFEITA,24,particao_perfeita_n24_v2,Backtracking,true,SUCESSO,6530,6530,0,0,true,0,0.0000,0.000000,true,0.5574,0.3409,0.6743,0.1025,7,0.0002,120451,120451,0,24,
PARTICAO_PERFEITA,24,particao_perfeita_n24_v2,BranchAndBound,true,SUCESSO,6530,6530,0,0,true,0,0.0000,0.000000,true,0.0383,0.0367,0.0418,0.0018,7,0.0007,6888,6888,2544,24,
PARTICAO_PERFEITA,24,particao_perfeita_n24_v2,ProgramacaoDinamica,true,SUCESSO,6530,6530,0,0,true,0,0.0000,0.000000,true,0.3964,0.3620,0.6035,0.0838,7,0.1565,156744,0,0,24,
PARTICAO_PERFEITA,24,particao_perfeita_n24_v2,Guloso,false,SUCESSO,6530,6530,0,0,true,0,0.0000,0.000000,true,0.0027,0.0027,0.0034,0.0003,7,0.0003,24,0,0,24,
PARTICAO_PERFEITA,24,particao_perfeita_n24_v2,KarmarkarKarp,false,SUCESSO,6530,6530,0,0,true,0,0.0000,0.000000,true,0.0033,0.0032,0.0034,0.0001,7,0.0052,23,0,0,8,
PARTICAO_PERFEITA,24,particao_perfeita_n24_v3,Backtracking,true,SUCESSO,6734,6734,0,0,true,0,0.0000,0.000000,true,0.4542,0.3438,0.5627,0.0872,7,0.0002,113637,113637,0,24,
PARTICAO_PERFEITA,24,particao_perfeita_n24_v3,BranchAndBound,true,SUCESSO,6734,6734,0,0,true,0,0.0000,0.000000,true,0.0125,0.0119,0.0150,0.0013,7,0.0007,2609,2609,885,24,
PARTICAO_PERFEITA,24,particao_perfeita_n24_v3,ProgramacaoDinamica,true,SUCESSO,6734,6734,0,0,true,0,0.0000,0.000000,true,0.6125,0.5888,0.6679,0.0272,7,0.1613,161640,0,0,24,
PARTICAO_PERFEITA,24,particao_perfeita_n24_v3,Guloso,false,SUCESSO,6734,6734,0,0,true,0,0.0000,0.000000,true,0.0026,0.0023,0.0071,0.0017,7,0.0003,24,0,0,24,
PARTICAO_PERFEITA,24,particao_perfeita_n24_v3,KarmarkarKarp,false,SUCESSO,6734,6734,0,0,true,0,0.0000,0.000000,true,0.0080,0.0071,0.0113,0.0017,7,0.0052,23,0,0,10,
PARTICAO_PERFEITA,24,particao_perfeita_n24_v4,Backtracking,true,SUCESSO,5845,5845,0,0,true,0,0.0000,0.000000,true,0.1088,0.1085,0.1258,0.0065,7,0.0002,38411,38411,0,24,
PARTICAO_PERFEITA,24,particao_perfeita_n24_v4,BranchAndBound,true,SUCESSO,5845,5845,0,0,true,0,0.0000,0.000000,true,0.0072,0.0071,0.0109,0.0014,7,0.0007,1210,1210,376,24,
PARTICAO_PERFEITA,24,particao_perfeita_n24_v4,ProgramacaoDinamica,true,SUCESSO,5845,5845,0,0,true,0,0.0000,0.000000,true,0.4407,0.4247,0.5516,0.0544,7,0.1401,140304,0,0,24,
PARTICAO_PERFEITA,24,particao_perfeita_n24_v4,Guloso,false,SUCESSO,5845,5845,0,0,true,0,0.0000,0.000000,true,0.0024,0.0023,0.0027,0.0001,7,0.0003,24,0,0,24,
PARTICAO_PERFEITA,24,particao_perfeita_n24_v4,KarmarkarKarp,false,SUCESSO,5845,5845,0,0,true,0,0.0000,0.000000,true,0.0072,0.0061,0.0090,0.0012,7,0.0052,23,0,0,12,
PARTICAO_PERFEITA,26,particao_perfeita_n26_v0,Backtracking,true,SUCESSO,5909,5909,0,0,true,0,0.0000,0.000000,true,0.1442,0.1416,0.1701,0.0114,7,0.0003,28619,28619,0,26,
PARTICAO_PERFEITA,26,particao_perfeita_n26_v0,BranchAndBound,true,SUCESSO,5909,5909,0,0,true,0,0.0000,0.000000,true,0.0295,0.0276,0.0297,0.0009,7,0.0007,3250,3250,827,26,
PARTICAO_PERFEITA,26,particao_perfeita_n26_v0,ProgramacaoDinamica,true,SUCESSO,5909,5909,0,0,true,0,0.0000,0.000000,true,0.5106,0.4351,0.5274,0.0335,7,0.1529,153660,0,0,26,
PARTICAO_PERFEITA,26,particao_perfeita_n26_v0,Guloso,false,SUCESSO,5909,5909,0,0,true,0,0.0000,0.000000,true,0.0033,0.0032,0.0065,0.0012,7,0.0003,26,0,0,26,
PARTICAO_PERFEITA,26,particao_perfeita_n26_v0,KarmarkarKarp,false,SUCESSO,5909,5909,0,0,true,0,0.0000,0.000000,true,0.0053,0.0049,0.0070,0.0008,7,0.0056,25,0,0,13,
PARTICAO_PERFEITA,26,particao_perfeita_n26_v1,Backtracking,true,SUCESSO,5051,5051,0,0,true,0,0.0000,0.000000,true,0.8564,0.6397,0.8929,0.1091,7,0.0003,196105,196105,0,26,
PARTICAO_PERFEITA,26,particao_perfeita_n26_v1,BranchAndBound,true,SUCESSO,5051,5051,0,0,true,0,0.0000,0.000000,true,0.0169,0.0161,0.0193,0.0013,7,0.0007,2419,2419,671,26,
PARTICAO_PERFEITA,26,particao_perfeita_n26_v1,ProgramacaoDinamica,true,SUCESSO,5051,5051,0,0,true,0,0.0000,0.000000,true,0.4617,0.3767,0.5214,0.0559,7,0.1309,131352,0,0,26,
PARTICAO_PERFEITA,26,particao_perfeita_n26_v1,Guloso,false,SUCESSO,5051,5051,0,0,true,0,0.0000,0.000000,true,0.0030,0.0029,0.0060,0.0011,7,0.0003,26,0,0,26,
PARTICAO_PERFEITA,26,particao_perfeita_n26_v1,KarmarkarKarp,false,SUCESSO,5051,5051,0,0,true,0,0.0000,0.000000,true,0.0078,0.0045,0.0087,0.0017,7,0.0056,25,0,0,10,
PARTICAO_PERFEITA,26,particao_perfeita_n26_v2,Backtracking,true,SUCESSO,5651,5651,0,0,true,0,0.0000,0.000000,true,0.6915,0.4466,0.9146,0.1443,7,0.0003,152510,152510,0,26,
PARTICAO_PERFEITA,26,particao_perfeita_n26_v2,BranchAndBound,true,SUCESSO,5651,5651,0,0,true,0,0.0000,0.000000,true,0.0356,0.0333,0.0435,0.0037,7,0.0007,6315,6315,2309,26,
PARTICAO_PERFEITA,26,particao_perfeita_n26_v2,ProgramacaoDinamica,true,SUCESSO,5651,5651,0,0,true,0,0.0000,0.000000,true,0.4522,0.4232,0.5407,0.0441,7,0.1463,146952,0,0,26,
PARTICAO_PERFEITA,26,particao_perfeita_n26_v2,Guloso,false,SUCESSO,5651,5651,0,0,true,0,0.0000,0.000000,true,0.0026,0.0025,0.0027,0.0001,7,0.0003,26,0,0,26,
PARTICAO_PERFEITA,26,particao_perfeita_n26_v2,KarmarkarKarp,false,SUCESSO,5651,5651,0,0,true,0,0.0000,0.000000,true,0.0071,0.0054,0.0106,0.0020,7,0.0056,25,0,0,8,
PARTICAO_PERFEITA,26,particao_perfeita_n26_v3,Backtracking,true,SUCESSO,8550,8550,0,0,true,0,0.0000,0.000000,true,1.9746,1.5375,2.0740,0.1954,7,0.0003,449018,449018,0,26,
PARTICAO_PERFEITA,26,particao_perfeita_n26_v3,BranchAndBound,true,SUCESSO,8550,8550,0,0,true,0,0.0000,0.000000,true,0.0359,0.0355,0.0377,0.0008,7,0.0007,9165,9165,2994,26,
PARTICAO_PERFEITA,26,particao_perfeita_n26_v3,ProgramacaoDinamica,true,SUCESSO,8550,8550,0,0,true,0,0.0000,0.000000,true,0.6275,0.5711,0.7333,0.0657,7,0.2209,222326,0,0,26,
PARTICAO_PERFEITA,26,particao_perfeita_n26_v3,Guloso,false,SUCESSO,8550,8550,0,0,true,0,0.0000,0.000000,true,0.0030,0.0026,0.0036,0.0003,7,0.0003,26,0,0,26,
PARTICAO_PERFEITA,26,particao_perfeita_n26_v3,KarmarkarKarp,false,SUCESSO,8550,8550,0,0,true,0,0.0000,0.000000,true,0.0051,0.0044,0.0061,0.0007,7,0.0056,25,0,0,13,
PARTICAO_PERFEITA,26,particao_perfeita_n26_v4,Backtracking,true,SUCESSO,7332,7332,0,0,true,0,0.0000,0.000000,true,0.9763,0.9251,1.4738,0.1945,7,0.0003,326403,326403,0,26,
PARTICAO_PERFEITA,26,particao_perfeita_n26_v4,BranchAndBound,true,SUCESSO,7332,7332,0,0,true,0,0.0000,0.000000,true,0.0362,0.0347,0.0495,0.0051,7,0.0007,5714,5714,1915,26,
PARTICAO_PERFEITA,26,particao_perfeita_n26_v4,ProgramacaoDinamica,true,SUCESSO,7332,7332,0,0,true,0,0.0000,0.000000,true,0.6310,0.6107,0.6966,0.0297,7,0.1896,190658,0,0,26,
PARTICAO_PERFEITA,26,particao_perfeita_n26_v4,Guloso,false,SUCESSO,7332,7332,0,0,true,0,0.0000,0.000000,true,0.0029,0.0026,0.0032,0.0002,7,0.0003,26,0,0,26,
PARTICAO_PERFEITA,26,particao_perfeita_n26_v4,KarmarkarKarp,false,SUCESSO,7332,7332,0,0,true,0,0.0000,0.000000,true,0.0055,0.0047,0.0064,0.0006,7,0.0056,25,0,0,11,
PARTICAO_PERFEITA,100,particao_perfeita_n100_v0,Backtracking,true,NAO_EXECUTADO,,,,,,,,,,,,,,,,,,,,Corte de seguranca da bateria padrao: algoritmo exponencial limitado a n <= 26.
PARTICAO_PERFEITA,100,particao_perfeita_n100_v0,BranchAndBound,true,NAO_EXECUTADO,,,,,,,,,,,,,,,,,,,,Corte de seguranca da bateria padrao: algoritmo exponencial limitado a n <= 26.
PARTICAO_PERFEITA,100,particao_perfeita_n100_v0,ProgramacaoDinamica,true,SUCESSO,31285,31285,0,0,true,0,0.0000,0.000000,true,6.8544,5.7356,9.0428,1.0025,7,3.0159,3128600,0,0,100,
PARTICAO_PERFEITA,100,particao_perfeita_n100_v0,Guloso,false,SUCESSO,31285,31285,0,0,true,0,0.0000,0.000000,true,0.0119,0.0111,0.0125,0.0006,7,0.0010,100,0,0,100,
PARTICAO_PERFEITA,100,particao_perfeita_n100_v0,KarmarkarKarp,false,SUCESSO,31285,31285,0,0,true,0,0.0000,0.000000,true,0.0103,0.0100,0.0277,0.0070,7,0.0207,99,0,0,42,
PARTICAO_PERFEITA,100,particao_perfeita_n100_v1,Backtracking,true,NAO_EXECUTADO,,,,,,,,,,,,,,,,,,,,Corte de seguranca da bateria padrao: algoritmo exponencial limitado a n <= 26.
PARTICAO_PERFEITA,100,particao_perfeita_n100_v1,BranchAndBound,true,NAO_EXECUTADO,,,,,,,,,,,,,,,,,,,,Corte de seguranca da bateria padrao: algoritmo exponencial limitado a n <= 26.
PARTICAO_PERFEITA,100,particao_perfeita_n100_v1,ProgramacaoDinamica,true,SUCESSO,22842,22842,0,0,true,0,0.0000,0.000000,true,5.3734,4.6619,7.2209,0.9858,7,2.2029,2284300,0,0,100,
PARTICAO_PERFEITA,100,particao_perfeita_n100_v1,Guloso,false,SUCESSO,22842,22842,0,0,true,0,0.0000,0.000000,true,0.0141,0.0139,0.0149,0.0003,7,0.0010,100,0,0,100,
PARTICAO_PERFEITA,100,particao_perfeita_n100_v1,KarmarkarKarp,false,SUCESSO,22842,22842,0,0,true,0,0.0000,0.000000,true,0.0215,0.0153,0.0322,0.0073,7,0.0207,99,0,0,38,
PARTICAO_PERFEITA,100,particao_perfeita_n100_v2,Backtracking,true,NAO_EXECUTADO,,,,,,,,,,,,,,,,,,,,Corte de seguranca da bateria padrao: algoritmo exponencial limitado a n <= 26.
PARTICAO_PERFEITA,100,particao_perfeita_n100_v2,BranchAndBound,true,NAO_EXECUTADO,,,,,,,,,,,,,,,,,,,,Corte de seguranca da bateria padrao: algoritmo exponencial limitado a n <= 26.
PARTICAO_PERFEITA,100,particao_perfeita_n100_v2,ProgramacaoDinamica,true,SUCESSO,27675,27675,0,0,true,0,0.0000,0.000000,true,6.3056,5.1244,7.4226,0.8188,7,2.6684,2767600,0,0,100,
PARTICAO_PERFEITA,100,particao_perfeita_n100_v2,Guloso,false,SUCESSO,27675,27675,0,0,true,0,0.0000,0.000000,true,0.0110,0.0108,0.0156,0.0017,7,0.0010,100,0,0,100,
PARTICAO_PERFEITA,100,particao_perfeita_n100_v2,KarmarkarKarp,false,SUCESSO,27675,27675,0,0,true,0,0.0000,0.000000,true,0.0106,0.0102,0.0214,0.0047,7,0.0207,99,0,0,33,
PARTICAO_PERFEITA,100,particao_perfeita_n100_v3,Backtracking,true,NAO_EXECUTADO,,,,,,,,,,,,,,,,,,,,Corte de seguranca da bateria padrao: algoritmo exponencial limitado a n <= 26.
PARTICAO_PERFEITA,100,particao_perfeita_n100_v3,BranchAndBound,true,NAO_EXECUTADO,,,,,,,,,,,,,,,,,,,,Corte de seguranca da bateria padrao: algoritmo exponencial limitado a n <= 26.
PARTICAO_PERFEITA,100,particao_perfeita_n100_v3,ProgramacaoDinamica,true,SUCESSO,24011,24011,0,0,true,0,0.0000,0.000000,true,5.0688,4.6048,6.4419,0.7504,7,2.3154,2401200,0,0,100,
PARTICAO_PERFEITA,100,particao_perfeita_n100_v3,Guloso,false,SUCESSO,24011,24011,0,0,true,0,0.0000,0.000000,true,0.0111,0.0107,0.0139,0.0011,7,0.0010,100,0,0,100,
PARTICAO_PERFEITA,100,particao_perfeita_n100_v3,KarmarkarKarp,false,SUCESSO,24011,24011,0,0,true,0,0.0000,0.000000,true,0.0103,0.0102,0.0281,0.0068,7,0.0207,99,0,0,42,
PARTICAO_PERFEITA,100,particao_perfeita_n100_v4,Backtracking,true,NAO_EXECUTADO,,,,,,,,,,,,,,,,,,,,Corte de seguranca da bateria padrao: algoritmo exponencial limitado a n <= 26.
PARTICAO_PERFEITA,100,particao_perfeita_n100_v4,BranchAndBound,true,NAO_EXECUTADO,,,,,,,,,,,,,,,,,,,,Corte de seguranca da bateria padrao: algoritmo exponencial limitado a n <= 26.
PARTICAO_PERFEITA,100,particao_perfeita_n100_v4,ProgramacaoDinamica,true,SUCESSO,28045,28045,0,0,true,0,0.0000,0.000000,true,6.3703,4.8840,6.7572,0.8015,7,2.7038,2804600,0,0,100,
PARTICAO_PERFEITA,100,particao_perfeita_n100_v4,Guloso,false,SUCESSO,28045,28045,0,0,true,0,0.0000,0.000000,true,0.0182,0.0145,0.0223,0.0033,7,0.0010,100,0,0,100,
PARTICAO_PERFEITA,100,particao_perfeita_n100_v4,KarmarkarKarp,false,SUCESSO,28045,28045,0,0,true,0,0.0000,0.000000,true,0.0160,0.0137,0.0309,0.0061,7,0.0207,99,0,0,33,
PARTICAO_PERFEITA,1000,particao_perfeita_n1000_v0,Backtracking,true,NAO_EXECUTADO,,,,,,,,,,,,,,,,,,,,Corte de seguranca da bateria padrao: algoritmo exponencial limitado a n <= 26.
PARTICAO_PERFEITA,1000,particao_perfeita_n1000_v0,BranchAndBound,true,NAO_EXECUTADO,,,,,,,,,,,,,,,,,,,,Corte de seguranca da bateria padrao: algoritmo exponencial limitado a n <= 26.
PARTICAO_PERFEITA,1000,particao_perfeita_n1000_v0,ProgramacaoDinamica,true,SUCESSO,254230,254230,0,0,true,0,0.0000,0.000000,true,528.1436,489.7324,627.7363,47.4515,7,242.7172,254231000,0,0,1000,
PARTICAO_PERFEITA,1000,particao_perfeita_n1000_v0,Guloso,false,SUCESSO,254230,254230,0,0,true,0,0.0000,0.000000,true,0.2205,0.2130,0.2390,0.0096,7,0.0213,1000,0,0,1000,
PARTICAO_PERFEITA,1000,particao_perfeita_n1000_v0,KarmarkarKarp,false,SUCESSO,254230,254230,0,0,true,0,0.0000,0.000000,true,0.3168,0.3044,0.4048,0.0369,7,0.2301,999,0,0,368,
PARTICAO_PERFEITA,1000,particao_perfeita_n1000_v1,Backtracking,true,NAO_EXECUTADO,,,,,,,,,,,,,,,,,,,,Corte de seguranca da bateria padrao: algoritmo exponencial limitado a n <= 26.
PARTICAO_PERFEITA,1000,particao_perfeita_n1000_v1,BranchAndBound,true,NAO_EXECUTADO,,,,,,,,,,,,,,,,,,,,Corte de seguranca da bateria padrao: algoritmo exponencial limitado a n <= 26.
PARTICAO_PERFEITA,1000,particao_perfeita_n1000_v1,ProgramacaoDinamica,true,SUCESSO,250294,250294,0,0,true,0,0.0000,0.000000,true,461.8976,450.4515,523.5647,30.2144,7,238.9598,250295000,0,0,1000,
PARTICAO_PERFEITA,1000,particao_perfeita_n1000_v1,Guloso,false,SUCESSO,250294,250294,0,0,true,0,0.0000,0.000000,true,0.2117,0.2000,0.2395,0.0121,7,0.0213,1000,0,0,1000,
PARTICAO_PERFEITA,1000,particao_perfeita_n1000_v1,KarmarkarKarp,false,SUCESSO,250294,250294,0,0,true,0,0.0000,0.000000,true,0.1782,0.1736,0.3510,0.0637,7,0.2300,999,0,0,357,
PARTICAO_PERFEITA,1000,particao_perfeita_n1000_v2,Backtracking,true,NAO_EXECUTADO,,,,,,,,,,,,,,,,,,,,Corte de seguranca da bateria padrao: algoritmo exponencial limitado a n <= 26.
PARTICAO_PERFEITA,1000,particao_perfeita_n1000_v2,BranchAndBound,true,NAO_EXECUTADO,,,,,,,,,,,,,,,,,,,,Corte de seguranca da bateria padrao: algoritmo exponencial limitado a n <= 26.
PARTICAO_PERFEITA,1000,particao_perfeita_n1000_v2,ProgramacaoDinamica,true,SUCESSO,241426,241426,0,0,true,0,0.0000,0.000000,true,450.4553,422.1055,467.7070,16.2960,7,230.4979,241427000,0,0,1000,
PARTICAO_PERFEITA,1000,particao_perfeita_n1000_v2,Guloso,false,SUCESSO,241426,241426,0,0,true,0,0.0000,0.000000,true,0.2269,0.2216,0.2434,0.0074,7,0.0213,1000,0,0,1000,
PARTICAO_PERFEITA,1000,particao_perfeita_n1000_v2,KarmarkarKarp,false,SUCESSO,241426,241426,0,0,true,0,0.0000,0.000000,true,0.4261,0.3017,0.4907,0.0638,7,0.2300,999,0,0,493,
PARTICAO_PERFEITA,1000,particao_perfeita_n1000_v3,Backtracking,true,NAO_EXECUTADO,,,,,,,,,,,,,,,,,,,,Corte de seguranca da bateria padrao: algoritmo exponencial limitado a n <= 26.
PARTICAO_PERFEITA,1000,particao_perfeita_n1000_v3,BranchAndBound,true,NAO_EXECUTADO,,,,,,,,,,,,,,,,,,,,Corte de seguranca da bateria padrao: algoritmo exponencial limitado a n <= 26.
PARTICAO_PERFEITA,1000,particao_perfeita_n1000_v3,ProgramacaoDinamica,true,SUCESSO,240881,240881,0,0,true,0,0.0000,0.000000,true,505.0561,439.0172,541.5101,41.9748,7,229.9786,240882000,0,0,1000,
PARTICAO_PERFEITA,1000,particao_perfeita_n1000_v3,Guloso,false,SUCESSO,240881,240881,0,0,true,0,0.0000,0.000000,true,0.1898,0.1726,0.2275,0.0196,7,0.0213,1000,0,0,1000,
PARTICAO_PERFEITA,1000,particao_perfeita_n1000_v3,KarmarkarKarp,false,SUCESSO,240881,240881,0,0,true,0,0.0000,0.000000,true,0.2126,0.1953,0.2389,0.0169,7,0.2302,999,0,0,340,
PARTICAO_PERFEITA,1000,particao_perfeita_n1000_v4,Backtracking,true,NAO_EXECUTADO,,,,,,,,,,,,,,,,,,,,Corte de seguranca da bateria padrao: algoritmo exponencial limitado a n <= 26.
PARTICAO_PERFEITA,1000,particao_perfeita_n1000_v4,BranchAndBound,true,NAO_EXECUTADO,,,,,,,,,,,,,,,,,,,,Corte de seguranca da bateria padrao: algoritmo exponencial limitado a n <= 26.
PARTICAO_PERFEITA,1000,particao_perfeita_n1000_v4,ProgramacaoDinamica,true,SUCESSO,253796,253796,0,0,true,0,0.0000,0.000000,true,518.9050,463.5436,907.3632,153.5180,7,242.3048,253797000,0,0,1000,
PARTICAO_PERFEITA,1000,particao_perfeita_n1000_v4,Guloso,false,SUCESSO,253796,253796,0,0,true,0,0.0000,0.000000,true,0.1757,0.1691,0.2305,0.0261,7,0.0213,1000,0,0,1000,
PARTICAO_PERFEITA,1000,particao_perfeita_n1000_v4,KarmarkarKarp,false,SUCESSO,253796,253796,0,0,true,0,0.0000,0.000000,true,0.2149,0.1809,0.3066,0.0436,7,0.2300,999,0,0,449,
PARTICAO_PERFEITA,10000,particao_perfeita_n10000_v0,Backtracking,true,NAO_EXECUTADO,,,,,,,,,,,,,,,,,,,,Corte de seguranca da bateria padrao: algoritmo exponencial limitado a n <= 26.
PARTICAO_PERFEITA,10000,particao_perfeita_n10000_v0,BranchAndBound,true,NAO_EXECUTADO,,,,,,,,,,,,,,,,,,,,Corte de seguranca da bateria padrao: algoritmo exponencial limitado a n <= 26.
PARTICAO_PERFEITA,10000,particao_perfeita_n10000_v0,ProgramacaoDinamica,true,MEMORIA_INVIAVEL,,,,,,,,,,,,,,,,,,,,"Tabela de PD exigiria 25290158763 celulas (n=10000, somaTotal=5057524), acima do limite de 1073741824."
PARTICAO_PERFEITA,10000,particao_perfeita_n10000_v0,Guloso,false,SUCESSO,2528762,2528762,0,0,false,0,0.0000,0.000000,,3.0082,2.6542,4.2939,0.6352,7,0.2482,10000,0,0,10000,
PARTICAO_PERFEITA,10000,particao_perfeita_n10000_v0,KarmarkarKarp,false,SUCESSO,2528762,2528762,0,0,false,0,0.0000,0.000000,,8.9759,7.4315,10.3912,1.0317,7,2.3328,9999,0,0,3482,
PARTICAO_PERFEITA,10000,particao_perfeita_n10000_v1,Backtracking,true,NAO_EXECUTADO,,,,,,,,,,,,,,,,,,,,Corte de seguranca da bateria padrao: algoritmo exponencial limitado a n <= 26.
PARTICAO_PERFEITA,10000,particao_perfeita_n10000_v1,BranchAndBound,true,NAO_EXECUTADO,,,,,,,,,,,,,,,,,,,,Corte de seguranca da bateria padrao: algoritmo exponencial limitado a n <= 26.
PARTICAO_PERFEITA,10000,particao_perfeita_n10000_v1,ProgramacaoDinamica,true,MEMORIA_INVIAVEL,,,,,,,,,,,,,,,,,,,,"Tabela de PD exigiria 25140353784 celulas (n=10000, somaTotal=5027566), acima do limite de 1073741824."
PARTICAO_PERFEITA,10000,particao_perfeita_n10000_v1,Guloso,false,SUCESSO,2513783,2513783,0,0,false,0,0.0000,0.000000,,2.9635,2.6598,3.2960,0.2035,7,0.2482,10000,0,0,10000,
PARTICAO_PERFEITA,10000,particao_perfeita_n10000_v1,KarmarkarKarp,false,SUCESSO,2513783,2513783,0,0,false,0,0.0000,0.000000,,8.6410,7.3923,9.6839,0.8820,7,2.3331,9999,0,0,4410,
PARTICAO_PERFEITA,10000,particao_perfeita_n10000_v2,Backtracking,true,NAO_EXECUTADO,,,,,,,,,,,,,,,,,,,,Corte de seguranca da bateria padrao: algoritmo exponencial limitado a n <= 26.
PARTICAO_PERFEITA,10000,particao_perfeita_n10000_v2,BranchAndBound,true,NAO_EXECUTADO,,,,,,,,,,,,,,,,,,,,Corte de seguranca da bateria padrao: algoritmo exponencial limitado a n <= 26.
PARTICAO_PERFEITA,10000,particao_perfeita_n10000_v2,ProgramacaoDinamica,true,MEMORIA_INVIAVEL,,,,,,,,,,,,,,,,,,,,"Tabela de PD exigiria 25195509299 celulas (n=10000, somaTotal=5038596), acima do limite de 1073741824."
PARTICAO_PERFEITA,10000,particao_perfeita_n10000_v2,Guloso,false,SUCESSO,2519298,2519298,0,0,false,0,0.0000,0.000000,,2.7795,2.3070,3.0636,0.2698,7,0.2482,10000,0,0,10000,
PARTICAO_PERFEITA,10000,particao_perfeita_n10000_v2,KarmarkarKarp,false,SUCESSO,2519298,2519298,0,0,false,0,0.0000,0.000000,,6.9798,3.4629,8.1967,1.8907,7,2.3330,9999,0,0,3498,
PARTICAO_PERFEITA,10000,particao_perfeita_n10000_v3,Backtracking,true,NAO_EXECUTADO,,,,,,,,,,,,,,,,,,,,Corte de seguranca da bateria padrao: algoritmo exponencial limitado a n <= 26.
PARTICAO_PERFEITA,10000,particao_perfeita_n10000_v3,BranchAndBound,true,NAO_EXECUTADO,,,,,,,,,,,,,,,,,,,,Corte de seguranca da bateria padrao: algoritmo exponencial limitado a n <= 26.
PARTICAO_PERFEITA,10000,particao_perfeita_n10000_v3,ProgramacaoDinamica,true,MEMORIA_INVIAVEL,,,,,,,,,,,,,,,,,,,,"Tabela de PD exigiria 25188448593 celulas (n=10000, somaTotal=5037184), acima do limite de 1073741824."
PARTICAO_PERFEITA,10000,particao_perfeita_n10000_v3,Guloso,false,SUCESSO,2518592,2518592,0,0,false,0,0.0000,0.000000,,2.4319,2.0732,3.1122,0.4369,7,0.2482,10000,0,0,10000,
PARTICAO_PERFEITA,10000,particao_perfeita_n10000_v3,KarmarkarKarp,false,SUCESSO,2518592,2518592,0,0,false,0,0.0000,0.000000,,5.3604,3.2122,8.0327,1.4887,7,2.3330,9999,0,0,2838,
PARTICAO_PERFEITA,10000,particao_perfeita_n10000_v4,Backtracking,true,NAO_EXECUTADO,,,,,,,,,,,,,,,,,,,,Corte de seguranca da bateria padrao: algoritmo exponencial limitado a n <= 26.
PARTICAO_PERFEITA,10000,particao_perfeita_n10000_v4,BranchAndBound,true,NAO_EXECUTADO,,,,,,,,,,,,,,,,,,,,Corte de seguranca da bateria padrao: algoritmo exponencial limitado a n <= 26.
PARTICAO_PERFEITA,10000,particao_perfeita_n10000_v4,ProgramacaoDinamica,true,MEMORIA_INVIAVEL,,,,,,,,,,,,,,,,,,,,"Tabela de PD exigiria 24850954847 celulas (n=10000, somaTotal=4969692), acima do limite de 1073741824."
PARTICAO_PERFEITA,10000,particao_perfeita_n10000_v4,Guloso,false,SUCESSO,2484846,2484846,0,0,false,0,0.0000,0.000000,,2.5692,2.2999,3.1938,0.2982,7,0.2482,10000,0,0,10000,
PARTICAO_PERFEITA,10000,particao_perfeita_n10000_v4,KarmarkarKarp,false,SUCESSO,2484846,2484846,0,0,false,0,0.0000,0.000000,,5.8805,3.8267,7.8130,1.3188,7,2.3329,9999,0,0,3519,
DOMINANTE,10,dominante_n10_v0,Backtracking,true,SUCESSO,797,467,330,330,true,0,0.0000,26.107595,true,0.0033,0.0032,0.0047,0.0005,7,0.0002,1023,1023,0,10,
DOMINANTE,10,dominante_n10_v0,BranchAndBound,true,SUCESSO,797,467,330,330,true,0,0.0000,26.107595,true,0.0026,0.0021,0.0059,0.0013,7,0.0004,259,259,56,10,
DOMINANTE,10,dominante_n10_v0,ProgramacaoDinamica,true,SUCESSO,467,797,330,330,true,0,0.0000,26.107595,true,0.0216,0.0200,0.0394,0.0086,7,0.0071,6330,0,0,10,
DOMINANTE,10,dominante_n10_v0,Guloso,false,SUCESSO,797,467,330,330,true,0,0.0000,26.107595,true,0.0007,0.0006,0.0097,0.0034,7,0.0002,10,0,0,10,
DOMINANTE,10,dominante_n10_v0,KarmarkarKarp,false,SUCESSO,797,467,330,330,true,0,0.0000,26.107595,true,0.0039,0.0014,0.0044,0.0010,7,0.0024,9,0,0,1,
DOMINANTE,10,dominante_n10_v1,Backtracking,true,SUCESSO,402,380,22,22,true,0,0.0000,2.813299,true,0.0031,0.0031,0.0043,0.0004,7,0.0002,1023,1023,0,10,
DOMINANTE,10,dominante_n10_v1,BranchAndBound,true,SUCESSO,402,380,22,22,true,0,0.0000,2.813299,true,0.0018,0.0018,0.0020,0.0001,7,0.0004,281,281,45,10,
DOMINANTE,10,dominante_n10_v1,ProgramacaoDinamica,true,SUCESSO,380,402,22,22,true,0,0.0000,2.813299,true,0.0102,0.0081,0.0111,0.0010,7,0.0045,3920,0,0,10,
DOMINANTE,10,dominante_n10_v1,Guloso,false,SUCESSO,402,380,22,22,true,0,0.0000,2.813299,true,0.0005,0.0004,0.0020,0.0006,7,0.0002,10,0,0,10,
DOMINANTE,10,dominante_n10_v1,KarmarkarKarp,false,SUCESSO,402,380,22,22,true,0,0.0000,2.813299,true,0.0022,0.0014,0.0063,0.0019,7,0.0024,9,0,0,1,
DOMINANTE,10,dominante_n10_v2,Backtracking,true,SUCESSO,463,455,8,8,true,0,0.0000,0.871460,true,0.0046,0.0045,0.0047,0.0001,7,0.0002,1023,1023,0,10,
DOMINANTE,10,dominante_n10_v2,BranchAndBound,true,SUCESSO,463,455,8,8,true,0,0.0000,0.871460,true,0.0022,0.0021,0.0040,0.0007,7,0.0004,245,245,63,10,
DOMINANTE,10,dominante_n10_v2,ProgramacaoDinamica,true,SUCESSO,455,463,8,8,true,0,0.0000,0.871460,true,0.0133,0.0121,0.0184,0.0021,7,0.0052,4600,0,0,10,
DOMINANTE,10,dominante_n10_v2,Guloso,false,SUCESSO,463,455,8,8,true,0,0.0000,0.871460,true,0.0008,0.0007,0.0039,0.0012,7,0.0002,10,0,0,10,
DOMINANTE,10,dominante_n10_v2,KarmarkarKarp,false,SUCESSO,463,455,8,8,true,0,0.0000,0.871460,true,0.0022,0.0009,0.0036,0.0009,7,0.0024,9,0,0,1,
DOMINANTE,10,dominante_n10_v3,Backtracking,true,SUCESSO,396,346,50,50,true,0,0.0000,6.738544,true,0.0046,0.0031,0.0069,0.0013,7,0.0002,1023,1023,0,10,
DOMINANTE,10,dominante_n10_v3,BranchAndBound,true,SUCESSO,396,346,50,50,true,0,0.0000,6.738544,true,0.0022,0.0016,0.0026,0.0004,7,0.0004,259,259,56,10,
DOMINANTE,10,dominante_n10_v3,ProgramacaoDinamica,true,SUCESSO,346,396,50,50,true,0,0.0000,6.738544,true,0.0072,0.0069,0.0082,0.0005,7,0.0043,3720,0,0,10,
DOMINANTE,10,dominante_n10_v3,Guloso,false,SUCESSO,396,346,50,50,true,0,0.0000,6.738544,true,0.0007,0.0006,0.0028,0.0008,7,0.0002,10,0,0,10,
DOMINANTE,10,dominante_n10_v3,KarmarkarKarp,false,SUCESSO,396,346,50,50,true,0,0.0000,6.738544,true,0.0018,0.0009,0.0023,0.0006,7,0.0024,9,0,0,1,
DOMINANTE,10,dominante_n10_v4,Backtracking,true,SUCESSO,458,421,37,37,true,0,0.0000,4.209329,true,0.0049,0.0048,0.0070,0.0008,7,0.0002,1023,1023,0,10,
DOMINANTE,10,dominante_n10_v4,BranchAndBound,true,SUCESSO,458,421,37,37,true,0,0.0000,4.209329,true,0.0029,0.0025,0.0057,0.0011,7,0.0004,287,287,46,10,
DOMINANTE,10,dominante_n10_v4,ProgramacaoDinamica,true,SUCESSO,421,458,37,37,true,0,0.0000,4.209329,true,0.0121,0.0098,0.0130,0.0011,7,0.0050,4400,0,0,10,
DOMINANTE,10,dominante_n10_v4,Guloso,false,SUCESSO,458,421,37,37,true,0,0.0000,4.209329,true,0.0008,0.0006,0.0024,0.0006,7,0.0002,10,0,0,10,
DOMINANTE,10,dominante_n10_v4,KarmarkarKarp,false,SUCESSO,458,421,37,37,true,0,0.0000,4.209329,true,0.0034,0.0012,0.0046,0.0014,7,0.0024,9,0,0,1,
DOMINANTE,15,dominante_n15_v0,Backtracking,true,SUCESSO,1301,881,420,420,true,0,0.0000,19.248396,true,0.1625,0.1336,0.1692,0.0122,7,0.0002,32767,32767,0,15,
DOMINANTE,15,dominante_n15_v0,BranchAndBound,true,SUCESSO,1301,881,420,420,true,0,0.0000,19.248396,true,0.0068,0.0067,0.0093,0.0009,7,0.0005,879,879,262,15,
DOMINANTE,15,dominante_n15_v0,ProgramacaoDinamica,true,SUCESSO,881,1301,420,420,true,0,0.0000,19.248396,true,0.0252,0.0239,0.0467,0.0090,7,0.0172,16380,0,0,15,
DOMINANTE,15,dominante_n15_v0,Guloso,false,SUCESSO,1301,881,420,420,true,0,0.0000,19.248396,true,0.0012,0.0011,0.0026,0.0005,7,0.0002,15,0,0,15,
DOMINANTE,15,dominante_n15_v0,KarmarkarKarp,false,SUCESSO,1301,881,420,420,true,0,0.0000,19.248396,true,0.0031,0.0026,0.0045,0.0006,7,0.0035,14,0,0,1,
DOMINANTE,15,dominante_n15_v1,Backtracking,true,SUCESSO,974,835,139,139,true,0,0.0000,7.683803,true,0.1239,0.1236,0.1466,0.0092,7,0.0002,32767,32767,0,15,
DOMINANTE,15,dominante_n15_v1,BranchAndBound,true,SUCESSO,974,835,139,139,true,0,0.0000,7.683803,true,0.0051,0.0049,0.0071,0.0009,7,0.0005,917,917,257,15,
DOMINANTE,15,dominante_n15_v1,ProgramacaoDinamica,true,SUCESSO,835,974,139,139,true,0,0.0000,7.683803,true,0.0256,0.0197,0.0321,0.0048,7,0.0144,13575,0,0,15,
DOMINANTE,15,dominante_n15_v1,Guloso,false,SUCESSO,974,835,139,139,true,0,0.0000,7.683803,true,0.0013,0.0011,0.0033,0.0008,7,0.0002,15,0,0,15,
DOMINANTE,15,dominante_n15_v1,KarmarkarKarp,false,SUCESSO,974,835,139,139,true,0,0.0000,7.683803,true,0.0033,0.0022,0.0038,0.0005,7,0.0035,14,0,0,1,
DOMINANTE,15,dominante_n15_v2,Backtracking,true,SUCESSO,830,735,95,95,true,0,0.0000,6.070288,true,0.1645,0.1589,0.1694,0.0044,7,0.0002,32767,32767,0,15,
DOMINANTE,15,dominante_n15_v2,BranchAndBound,true,SUCESSO,830,735,95,95,true,0,0.0000,6.070288,true,0.0049,0.0047,0.0071,0.0010,7,0.0005,859,859,262,15,
DOMINANTE,15,dominante_n15_v2,ProgramacaoDinamica,true,SUCESSO,735,830,95,95,true,0,0.0000,6.070288,true,0.0192,0.0172,0.0309,0.0064,7,0.0124,11745,0,0,15,
DOMINANTE,15,dominante_n15_v2,Guloso,false,SUCESSO,830,735,95,95,true,0,0.0000,6.070288,true,0.0012,0.0010,0.0027,0.0006,7,0.0002,15,0,0,15,
DOMINANTE,15,dominante_n15_v2,KarmarkarKarp,false,SUCESSO,830,735,95,95,true,0,0.0000,6.070288,true,0.0038,0.0036,0.0049,0.0005,7,0.0035,14,0,0,1,
DOMINANTE,15,dominante_n15_v3,Backtracking,true,SUCESSO,1122,794,328,328,true,0,0.0000,17.118998,true,0.1655,0.1531,0.1771,0.0076,7,0.0002,32767,32767,0,15,
DOMINANTE,15,dominante_n15_v3,BranchAndBound,true,SUCESSO,1122,794,328,328,true,0,0.0000,17.118998,true,0.0074,0.0066,0.1269,0.0450,7,0.0005,891,891,234,15,
DOMINANTE,15,dominante_n15_v3,ProgramacaoDinamica,true,SUCESSO,794,1122,328,328,true,0,0.0000,17.118998,true,0.0350,0.0339,0.0542,0.0080,7,0.0151,14385,0,0,15,
DOMINANTE,15,dominante_n15_v3,Guloso,false,SUCESSO,1122,794,328,328,true,0,0.0000,17.118998,true,0.0013,0.0012,0.0045,0.0012,7,0.0002,15,0,0,15,
DOMINANTE,15,dominante_n15_v3,KarmarkarKarp,false,SUCESSO,1122,794,328,328,true,0,0.0000,17.118998,true,0.0039,0.0022,0.0043,0.0007,7,0.0035,14,0,0,1,
DOMINANTE,15,dominante_n15_v4,Backtracking,true,SUCESSO,921,517,404,404,true,0,0.0000,28.094576,true,0.1701,0.1630,0.1932,0.0107,7,0.0002,32767,32767,0,15,
DOMINANTE,15,dominante_n15_v4,BranchAndBound,true,SUCESSO,921,517,404,404,true,0,0.0000,28.094576,true,0.0096,0.0095,0.0129,0.0012,7,0.0005,1229,1229,225,15,
DOMINANTE,15,dominante_n15_v4,ProgramacaoDinamica,true,SUCESSO,517,921,404,404,true,0,0.0000,28.094576,true,0.0312,0.0292,0.0479,0.0066,7,0.0115,10800,0,0,15,
DOMINANTE,15,dominante_n15_v4,Guloso,false,SUCESSO,921,517,404,404,true,0,0.0000,28.094576,true,0.0014,0.0013,0.0029,0.0006,7,0.0002,15,0,0,15,
DOMINANTE,15,dominante_n15_v4,KarmarkarKarp,false,SUCESSO,921,517,404,404,true,0,0.0000,28.094576,true,0.0034,0.0031,0.0038,0.0003,7,0.0035,14,0,0,1,
DOMINANTE,20,dominante_n20_v0,Backtracking,true,SUCESSO,1252,1098,154,154,true,0,0.0000,6.553191,true,4.3209,4.2067,5.9592,0.6471,7,0.0002,1048575,1048575,0,20,
DOMINANTE,20,dominante_n20_v0,BranchAndBound,true,SUCESSO,1252,1098,154,154,true,0,0.0000,6.553191,true,0.0191,0.0187,0.0199,0.0004,7,0.0006,2271,2271,612,20,
DOMINANTE,20,dominante_n20_v0,ProgramacaoDinamica,true,SUCESSO,1098,1252,154,154,true,0,0.0000,6.553191,true,0.0545,0.0471,0.0750,0.0112,7,0.0241,23520,0,0,20,
DOMINANTE,20,dominante_n20_v0,Guloso,false,SUCESSO,1252,1098,154,154,true,0,0.0000,6.553191,true,0.0021,0.0019,0.0063,0.0016,7,0.0003,20,0,0,20,
DOMINANTE,20,dominante_n20_v0,KarmarkarKarp,false,SUCESSO,1252,1098,154,154,true,0,0.0000,6.553191,true,0.0040,0.0038,0.0056,0.0008,7,0.0047,19,0,0,1,
DOMINANTE,20,dominante_n20_v1,Backtracking,true,SUCESSO,1402,1051,351,351,true,0,0.0000,14.309009,true,4.0666,2.9876,5.3221,0.9884,7,0.0002,1048575,1048575,0,20,
DOMINANTE,20,dominante_n20_v1,BranchAndBound,true,SUCESSO,1402,1051,351,351,true,0,0.0000,14.309009,true,0.0110,0.0109,0.0120,0.0004,7,0.0006,2221,2221,781,20,
DOMINANTE,20,dominante_n20_v1,ProgramacaoDinamica,true,SUCESSO,1051,1402,351,351,true,0,0.0000,14.309009,true,0.0627,0.0603,0.0822,0.0082,7,0.0253,24540,0,0,20,
DOMINANTE,20,dominante_n20_v1,Guloso,false,SUCESSO,1402,1051,351,351,true,0,0.0000,14.309009,true,0.0019,0.0018,0.0053,0.0013,7,0.0003,20,0,0,20,
DOMINANTE,20,dominante_n20_v1,KarmarkarKarp,false,SUCESSO,1402,1051,351,351,true,0,0.0000,14.309009,true,0.0043,0.0035,0.0048,0.0005,7,0.0047,19,0,0,1,
DOMINANTE,20,dominante_n20_v2,Backtracking,true,SUCESSO,1321,1106,215,215,true,0,0.0000,8.858673,true,4.1610,3.2757,4.5215,0.4306,7,0.0002,1048575,1048575,0,20,
DOMINANTE,20,dominante_n20_v2,BranchAndBound,true,SUCESSO,1321,1106,215,215,true,0,0.0000,8.858673,true,0.0150,0.0143,0.0178,0.0012,7,0.0006,2173,2173,753,20,
DOMINANTE,20,dominante_n20_v2,ProgramacaoDinamica,true,SUCESSO,1106,1321,215,215,true,0,0.0000,8.858673,true,0.0615,0.0411,0.0960,0.0182,7,0.0249,24280,0,0,20,
DOMINANTE,20,dominante_n20_v2,Guloso,false,SUCESSO,1321,1106,215,215,true,0,0.0000,8.858673,true,0.0017,0.0015,0.0052,0.0013,7,0.0003,20,0,0,20,
DOMINANTE,20,dominante_n20_v2,KarmarkarKarp,false,SUCESSO,1321,1106,215,215,true,0,0.0000,8.858673,true,0.0066,0.0056,0.0100,0.0017,7,0.0047,19,0,0,1,
DOMINANTE,20,dominante_n20_v3,Backtracking,true,SUCESSO,1305,987,318,318,true,0,0.0000,13.874346,true,4.0412,3.4354,5.2161,0.6759,7,0.0002,1048575,1048575,0,20,
DOMINANTE,20,dominante_n20_v3,BranchAndBound,true,SUCESSO,1305,987,318,318,true,0,0.0000,13.874346,true,0.0159,0.0153,0.0185,0.0011,7,0.0006,2183,2183,740,20,
DOMINANTE,20,dominante_n20_v3,ProgramacaoDinamica,true,SUCESSO,987,1305,318,318,true,0,0.0000,13.874346,true,0.0349,0.0334,0.0521,0.0069,7,0.0237,22940,0,0,20,
DOMINANTE,20,dominante_n20_v3,Guloso,false,SUCESSO,1305,987,318,318,true,0,0.0000,13.874346,true,0.0021,0.0019,0.0045,0.0009,7,0.0003,20,0,0,20,
DOMINANTE,20,dominante_n20_v3,KarmarkarKarp,false,SUCESSO,1305,987,318,318,true,0,0.0000,13.874346,true,0.0049,0.0045,0.0070,0.0008,7,0.0047,19,0,0,1,
DOMINANTE,20,dominante_n20_v4,Backtracking,true,SUCESSO,1285,933,352,352,true,0,0.0000,15.870153,true,4.1644,3.8640,5.0942,0.4831,7,0.0002,1048575,1048575,0,20,
DOMINANTE,20,dominante_n20_v4,BranchAndBound,true,SUCESSO,1285,933,352,352,true,0,0.0000,15.870153,true,0.0134,0.0128,0.0151,0.0008,7,0.0006,2143,2143,768,20,
DOMINANTE,20,dominante_n20_v4,ProgramacaoDinamica,true,SUCESSO,933,1285,352,352,true,0,0.0000,15.870153,true,0.0343,0.0328,0.0613,0.0103,7,0.0229,22200,0,0,20,
DOMINANTE,20,dominante_n20_v4,Guloso,false,SUCESSO,1285,933,352,352,true,0,0.0000,15.870153,true,0.0018,0.0017,0.0055,0.0014,7,0.0003,20,0,0,20,
DOMINANTE,20,dominante_n20_v4,KarmarkarKarp,false,SUCESSO,1285,933,352,352,true,0,0.0000,15.870153,true,0.0049,0.0045,0.0099,0.0019,7,0.0047,19,0,0,1,
DOMINANTE,22,dominante_n22_v0,Backtracking,true,SUCESSO,1354,1260,94,94,true,0,0.0000,3.596021,true,16.7076,14.1314,18.0535,1.5111,7,0.0002,4194303,4194303,0,22,
DOMINANTE,22,dominante_n22_v0,BranchAndBound,true,SUCESSO,1354,1260,94,94,true,0,0.0000,3.596021,true,0.0197,0.0190,0.0232,0.0014,7,0.0006,2797,2797,1003,22,
DOMINANTE,22,dominante_n22_v0,ProgramacaoDinamica,true,SUCESSO,1260,1354,94,94,true,0,0.0000,3.596021,true,0.0664,0.0512,0.0857,0.0118,7,0.0294,28776,0,0,22,
DOMINANTE,22,dominante_n22_v0,Guloso,false,SUCESSO,1354,1260,94,94,true,0,0.0000,3.596021,true,0.0026,0.0023,0.0038,0.0005,7,0.0003,22,0,0,22,
DOMINANTE,22,dominante_n22_v0,KarmarkarKarp,false,SUCESSO,1354,1260,94,94,true,0,0.0000,3.596021,true,0.0054,0.0045,0.0070,0.0009,7,0.0051,21,0,0,1,
DOMINANTE,22,dominante_n22_v1,Backtracking,true,SUCESSO,1463,1193,270,270,true,0,0.0000,10.165663,true,16.5606,12.6366,18.5877,1.8323,7,0.0002,4194303,4194303,0,22,
DOMINANTE,22,dominante_n22_v1,BranchAndBound,true,SUCESSO,1463,1193,270,270,true,0,0.0000,10.165663,true,0.0140,0.0137,0.0215,0.0030,7,0.0006,2913,2913,973,22,
DOMINANTE,22,dominante_n22_v1,ProgramacaoDinamica,true,SUCESSO,1193,1463,270,270,true,0,0.0000,10.165663,true,0.0966,0.0808,0.1394,0.0201,7,0.0299,29238,0,0,22,
DOMINANTE,22,dominante_n22_v1,Guloso,false,SUCESSO,1463,1193,270,270,true,0,0.0000,10.165663,true,0.0026,0.0022,0.0060,0.0013,7,0.0003,22,0,0,22,
DOMINANTE,22,dominante_n22_v1,KarmarkarKarp,false,SUCESSO,1463,1193,270,270,true,0,0.0000,10.165663,true,0.0059,0.0050,0.0079,0.0011,7,0.0051,21,0,0,1,
DOMINANTE,22,dominante_n22_v2,Backtracking,true,SUCESSO,1275,947,328,328,true,0,0.0000,14.761476,true,16.3529,14.8209,19.8678,1.8661,7,0.0002,4194303,4194303,0,22,
DOMINANTE,22,dominante_n22_v2,BranchAndBound,true,SUCESSO,1275,947,328,328,true,0,0.0000,14.761476,true,0.0237,0.0200,0.0307,0.0038,7,0.0006,3183,3183,1146,22,
DOMINANTE,22,dominante_n22_v2,ProgramacaoDinamica,true,SUCESSO,947,1275,328,328,true,0,0.0000,14.761476,true,0.0366,0.0354,0.0538,0.0071,7,0.0250,24464,0,0,22,
DOMINANTE,22,dominante_n22_v2,Guloso,false,SUCESSO,1275,947,328,328,true,0,0.0000,14.761476,true,0.0026,0.0020,0.0028,0.0003,7,0.0003,22,0,0,22,
DOMINANTE,22,dominante_n22_v2,KarmarkarKarp,false,SUCESSO,1275,947,328,328,true,0,0.0000,14.761476,true,0.0059,0.0047,0.0072,0.0010,7,0.0051,21,0,0,1,
DOMINANTE,22,dominante_n22_v3,Backtracking,true,SUCESSO,1275,1054,221,221,true,0,0.0000,9.489051,true,16.6350,15.4535,18.9259,1.3277,7,0.0002,4194303,4194303,0,22,
DOMINANTE,22,dominante_n22_v3,BranchAndBound,true,SUCESSO,1275,1054,221,221,true,0,0.0000,9.489051,true,0.0156,0.0154,0.0240,0.0031,7,0.0006,3139,3139,890,22,
DOMINANTE,22,dominante_n22_v3,ProgramacaoDinamica,true,SUCESSO,1054,1275,221,221,true,0,0.0000,9.489051,true,0.0478,0.0409,0.0660,0.0101,7,0.0262,25630,0,0,22,
DOMINANTE,22,dominante_n22_v3,Guloso,false,SUCESSO,1275,1054,221,221,true,0,0.0000,9.489051,true,0.0021,0.0020,0.0028,0.0003,7,0.0003,22,0,0,22,
DOMINANTE,22,dominante_n22_v3,KarmarkarKarp,false,SUCESSO,1275,1054,221,221,true,0,0.0000,9.489051,true,0.0039,0.0035,0.0076,0.0015,7,0.0051,21,0,0,1,
DOMINANTE,22,dominante_n22_v4,Backtracking,true,SUCESSO,1434,1224,210,210,true,0,0.0000,7.900677,true,16.6140,14.6565,18.0794,1.0768,7,0.0002,4194303,4194303,0,22,
DOMINANTE,22,dominante_n22_v4,BranchAndBound,true,SUCESSO,1434,1224,210,210,true,0,0.0000,7.900677,true,0.0222,0.0160,0.0238,0.0034,7,0.0006,3087,3087,1002,22,
DOMINANTE,22,dominante_n22_v4,ProgramacaoDinamica,true,SUCESSO,1224,1434,210,210,true,0,0.0000,7.900677,true,0.0677,0.0457,0.1953,0.0511,7,0.0299,29260,0,0,22,
DOMINANTE,22,dominante_n22_v4,Guloso,false,SUCESSO,1434,1224,210,210,true,0,0.0000,7.900677,true,0.0026,0.0024,0.0038,0.0005,7,0.0003,22,0,0,22,
DOMINANTE,22,dominante_n22_v4,KarmarkarKarp,false,SUCESSO,1434,1224,210,210,true,0,0.0000,7.900677,true,0.0063,0.0049,0.0078,0.0012,7,0.0051,21,0,0,1,
DOMINANTE,24,dominante_n24_v0,Backtracking,true,SUCESSO,1071,1023,48,48,true,0,0.0000,2.292264,true,70.8688,60.8505,80.8768,7.3317,7,0.0002,16777215,16777215,0,24,
DOMINANTE,24,dominante_n24_v0,BranchAndBound,true,SUCESSO,1071,1023,48,48,true,0,0.0000,2.292264,true,0.0311,0.0307,0.0335,0.0012,7,0.0007,3627,3627,1342,24,
DOMINANTE,24,dominante_n24_v0,ProgramacaoDinamica,true,SUCESSO,1023,1071,48,48,true,0,0.0000,2.292264,true,0.0406,0.0375,0.0674,0.0110,7,0.0256,25152,0,0,24,
DOMINANTE,24,dominante_n24_v0,Guloso,false,SUCESSO,1071,1023,48,48,true,0,0.0000,2.292264,true,0.0029,0.0026,0.0047,0.0009,7,0.0003,24,0,0,24,
DOMINANTE,24,dominante_n24_v0,KarmarkarKarp,false,SUCESSO,1071,1023,48,48,true,0,0.0000,2.292264,true,0.0047,0.0040,0.0055,0.0006,7,0.0057,23,0,0,1,
DOMINANTE,24,dominante_n24_v1,Backtracking,true,SUCESSO,1676,1189,487,487,true,0,0.0000,16.998255,true,60.5283,56.0908,71.4735,5.2303,7,0.0002,16777215,16777215,0,24,
DOMINANTE,24,dominante_n24_v1,BranchAndBound,true,SUCESSO,1676,1189,487,487,true,0,0.0000,16.998255,true,0.0446,0.0444,0.0816,0.0139,7,0.0007,5381,5381,1551,24,
DOMINANTE,24,dominante_n24_v1,ProgramacaoDinamica,true,SUCESSO,1189,1676,487,487,true,0,0.0000,16.998255,true,0.0653,0.0578,0.0805,0.0075,7,0.0350,34392,0,0,24,
DOMINANTE,24,dominante_n24_v1,Guloso,false,SUCESSO,1676,1189,487,487,true,0,0.0000,16.998255,true,0.0020,0.0019,0.0032,0.0005,7,0.0003,24,0,0,24,
DOMINANTE,24,dominante_n24_v1,KarmarkarKarp,false,SUCESSO,1676,1189,487,487,true,0,0.0000,16.998255,true,0.0045,0.0036,0.0057,0.0009,7,0.0057,23,0,0,1,
DOMINANTE,24,dominante_n24_v2,Backtracking,true,SUCESSO,1523,1217,306,306,true,0,0.0000,11.167883,true,65.6524,59.1289,68.6850,3.4018,7,0.0002,16777215,16777215,0,24,
DOMINANTE,24,dominante_n24_v2,BranchAndBound,true,SUCESSO,1523,1217,306,306,true,0,0.0000,11.167883,true,0.0185,0.0183,0.0199,0.0006,7,0.0007,3875,3875,1412,24,
DOMINANTE,24,dominante_n24_v2,ProgramacaoDinamica,true,SUCESSO,1217,1523,306,306,true,0,0.0000,11.167883,true,0.0878,0.0782,0.0957,0.0066,7,0.0335,32904,0,0,24,
DOMINANTE,24,dominante_n24_v2,Guloso,false,SUCESSO,1523,1217,306,306,true,0,0.0000,11.167883,true,0.0028,0.0025,0.0041,0.0005,7,0.0003,24,0,0,24,
DOMINANTE,24,dominante_n24_v2,KarmarkarKarp,false,SUCESSO,1523,1217,306,306,true,0,0.0000,11.167883,true,0.0045,0.0042,0.0069,0.0010,7,0.0057,23,0,0,1,
DOMINANTE,24,dominante_n24_v3,Backtracking,true,SUCESSO,1554,1329,225,225,true,0,0.0000,7.804370,true,64.5736,56.3224,74.1984,6.2062,7,0.0002,16777215,16777215,0,24,
DOMINANTE,24,dominante_n24_v3,BranchAndBound,true,SUCESSO,1554,1329,225,225,true,0,0.0000,7.804370,true,0.0294,0.0290,0.0327,0.0013,7,0.0007,4001,4001,1279,24,
DOMINANTE,24,dominante_n24_v3,ProgramacaoDinamica,true,SUCESSO,1329,1554,225,225,true,0,0.0000,7.804370,true,0.0870,0.0766,0.0952,0.0075,7,0.0352,34608,0,0,24,
DOMINANTE,24,dominante_n24_v3,Guloso,false,SUCESSO,1554,1329,225,225,true,0,0.0000,7.804370,true,0.0022,0.0021,0.0035,0.0005,7,0.0003,24,0,0,24,
DOMINANTE,24,dominante_n24_v3,KarmarkarKarp,false,SUCESSO,1554,1329,225,225,true,0,0.0000,7.804370,true,0.0066,0.0049,0.0077,0.0010,7,0.0057,23,0,0,1,
DOMINANTE,24,dominante_n24_v4,Backtracking,true,SUCESSO,1531,1109,422,422,true,0,0.0000,15.984848,true,63.1932,60.5913,65.7648,1.7489,7,0.0002,16777215,16777215,0,24,
DOMINANTE,24,dominante_n24_v4,BranchAndBound,true,SUCESSO,1531,1109,422,422,true,0,0.0000,15.984848,true,0.0221,0.0200,0.0290,0.0042,7,0.0007,4259,4259,1340,24,
DOMINANTE,24,dominante_n24_v4,ProgramacaoDinamica,true,SUCESSO,1109,1531,422,422,true,0,0.0000,15.984848,true,0.0610,0.0501,0.0676,0.0057,7,0.0323,31704,0,0,24,
DOMINANTE,24,dominante_n24_v4,Guloso,false,SUCESSO,1531,1109,422,422,true,0,0.0000,15.984848,true,0.0025,0.0024,0.0037,0.0005,7,0.0003,24,0,0,24,
DOMINANTE,24,dominante_n24_v4,KarmarkarKarp,false,SUCESSO,1531,1109,422,422,true,0,0.0000,15.984848,true,0.0062,0.0046,0.0075,0.0010,7,0.0057,23,0,0,1,
DOMINANTE,26,dominante_n26_v0,Backtracking,true,SUCESSO,1450,1377,73,73,true,0,0.0000,2.582243,true,262.9510,219.6841,265.1446,19.4762,7,0.0003,67108863,67108863,0,26,
DOMINANTE,26,dominante_n26_v0,BranchAndBound,true,SUCESSO,1450,1377,73,73,true,0,0.0000,2.582243,true,0.0310,0.0229,0.0453,0.0070,7,0.0007,4971,4971,1912,26,
DOMINANTE,26,dominante_n26_v0,ProgramacaoDinamica,true,SUCESSO,1377,1450,73,73,true,0,0.0000,2.582243,true,0.0796,0.0726,0.0809,0.0038,7,0.0372,36764,0,0,26,
DOMINANTE,26,dominante_n26_v0,Guloso,false,SUCESSO,1450,1377,73,73,true,0,0.0000,2.582243,true,0.0036,0.0033,0.0038,0.0002,7,0.0003,26,0,0,26,
DOMINANTE,26,dominante_n26_v0,KarmarkarKarp,false,SUCESSO,1450,1377,73,73,true,0,0.0000,2.582243,true,0.0064,0.0056,0.0092,0.0013,7,0.0061,25,0,0,1,
DOMINANTE,26,dominante_n26_v1,Backtracking,true,SUCESSO,1487,1467,20,20,true,0,0.0000,0.677048,true,255.9550,242.5281,268.1491,9.1537,7,0.0003,67108863,67108863,0,26,
DOMINANTE,26,dominante_n26_v1,BranchAndBound,true,SUCESSO,1487,1467,20,20,true,0,0.0000,0.677048,true,0.0224,0.0221,0.0238,0.0006,7,0.0007,5057,5057,1897,26,
DOMINANTE,26,dominante_n26_v1,ProgramacaoDinamica,true,SUCESSO,1467,1487,20,20,true,0,0.0000,0.677048,true,0.0806,0.0582,0.2549,0.0695,7,0.0388,38428,0,0,26,
DOMINANTE,26,dominante_n26_v1,Guloso,false,SUCESSO,1487,1467,20,20,true,0,0.0000,0.677048,true,0.0021,0.0020,0.0053,0.0012,7,0.0003,26,0,0,26,
DOMINANTE,26,dominante_n26_v1,KarmarkarKarp,false,SUCESSO,1487,1467,20,20,true,0,0.0000,0.677048,true,0.0047,0.0039,0.0051,0.0004,7,0.0061,25,0,0,1,
DOMINANTE,26,dominante_n26_v2,Backtracking,true,SUCESSO,1797,1519,278,278,true,0,0.0000,8.383595,true,255.9826,220.3167,283.0891,23.4140,7,0.0003,67108863,67108863,0,26,
DOMINANTE,26,dominante_n26_v2,BranchAndBound,true,SUCESSO,1797,1519,278,278,true,0,0.0000,8.383595,true,0.0211,0.0209,0.0322,0.0043,7,0.0007,4801,4801,1897,26,
DOMINANTE,26,dominante_n26_v2,ProgramacaoDinamica,true,SUCESSO,1519,1797,278,278,true,0,0.0000,8.383595,true,0.0809,0.0732,0.0937,0.0071,7,0.0435,43134,0,0,26,
DOMINANTE,26,dominante_n26_v2,Guloso,false,SUCESSO,1797,1519,278,278,true,0,0.0000,8.383595,true,0.0019,0.0018,0.0026,0.0003,7,0.0003,26,0,0,26,
DOMINANTE,26,dominante_n26_v2,KarmarkarKarp,false,SUCESSO,1797,1519,278,278,true,0,0.0000,8.383595,true,0.0051,0.0040,0.0055,0.0007,7,0.0061,25,0,0,1,
DOMINANTE,26,dominante_n26_v3,Backtracking,true,SUCESSO,1786,1526,260,260,true,0,0.0000,7.850242,true,205.6426,200.7924,228.1343,11.4351,7,0.0003,67108863,67108863,0,26,
DOMINANTE,26,dominante_n26_v3,BranchAndBound,true,SUCESSO,1786,1526,260,260,true,0,0.0000,7.850242,true,0.0241,0.0236,0.0266,0.0011,7,0.0007,5251,5251,1842,26,
DOMINANTE,26,dominante_n26_v3,ProgramacaoDinamica,true,SUCESSO,1526,1786,260,260,true,0,0.0000,7.850242,true,0.0700,0.0634,0.3168,0.0939,7,0.0435,43082,0,0,26,
DOMINANTE,26,dominante_n26_v3,Guloso,false,SUCESSO,1786,1526,260,260,true,0,0.0000,7.850242,true,0.0022,0.0021,0.0040,0.0007,7,0.0003,26,0,0,26,
DOMINANTE,26,dominante_n26_v3,KarmarkarKarp,false,SUCESSO,1786,1526,260,260,true,0,0.0000,7.850242,true,0.0051,0.0040,0.0056,0.0007,7,0.0061,25,0,0,1,
DOMINANTE,26,dominante_n26_v4,Backtracking,true,SUCESSO,1135,1118,17,17,true,0,0.0000,0.754549,true,201.2060,196.4332,214.3573,5.7085,7,0.0003,67108863,67108863,0,26,
DOMINANTE,26,dominante_n26_v4,BranchAndBound,true,SUCESSO,1135,1118,17,17,true,0,0.0000,0.754549,true,0.0259,0.0256,0.0277,0.0007,7,0.0007,5135,5135,1656,26,
DOMINANTE,26,dominante_n26_v4,ProgramacaoDinamica,true,SUCESSO,1118,1135,17,17,true,0,0.0000,0.754549,true,0.0779,0.0680,0.1038,0.0119,7,0.0297,29302,0,0,26,
DOMINANTE,26,dominante_n26_v4,Guloso,false,SUCESSO,1135,1118,17,17,true,0,0.0000,0.754549,true,0.0024,0.0022,0.0038,0.0006,7,0.0003,26,0,0,26,
DOMINANTE,26,dominante_n26_v4,KarmarkarKarp,false,SUCESSO,1135,1118,17,17,true,0,0.0000,0.754549,true,0.0054,0.0047,0.0066,0.0007,7,0.0061,25,0,0,1,
DOMINANTE,100,dominante_n100_v0,Backtracking,true,NAO_EXECUTADO,,,,,,,,,,,,,,,,,,,,Corte de seguranca da bateria padrao: algoritmo exponencial limitado a n <= 26.
DOMINANTE,100,dominante_n100_v0,BranchAndBound,true,NAO_EXECUTADO,,,,,,,,,,,,,,,,,,,,Corte de seguranca da bateria padrao: algoritmo exponencial limitado a n <= 26.
DOMINANTE,100,dominante_n100_v0,ProgramacaoDinamica,true,SUCESSO,4737,4943,206,206,true,0,0.0000,2.128099,true,0.7990,0.7272,1.0411,0.1170,7,0.4691,484100,0,0,100,
DOMINANTE,100,dominante_n100_v0,Guloso,false,SUCESSO,4943,4737,206,206,true,0,0.0000,2.128099,true,0.0103,0.0102,0.0116,0.0006,7,0.0010,100,0,0,100,
DOMINANTE,100,dominante_n100_v0,KarmarkarKarp,false,SUCESSO,4943,4737,206,206,true,0,0.0000,2.128099,true,0.0282,0.0197,0.0630,0.0173,7,0.0228,99,0,0,1,
DOMINANTE,100,dominante_n100_v1,Backtracking,true,NAO_EXECUTADO,,,,,,,,,,,,,,,,,,,,Corte de seguranca da bateria padrao: algoritmo exponencial limitado a n <= 26.
DOMINANTE,100,dominante_n100_v1,BranchAndBound,true,NAO_EXECUTADO,,,,,,,,,,,,,,,,,,,,Corte de seguranca da bateria padrao: algoritmo exponencial limitado a n <= 26.
DOMINANTE,100,dominante_n100_v1,ProgramacaoDinamica,true,SUCESSO,4975,5344,369,369,true,0,0.0000,3.575928,true,0.8733,0.8129,0.9131,0.0364,7,0.4992,516000,0,0,100,
DOMINANTE,100,dominante_n100_v1,Guloso,false,SUCESSO,5344,4975,369,369,true,0,0.0000,3.575928,true,0.0110,0.0108,0.0123,0.0005,7,0.0010,100,0,0,100,
DOMINANTE,100,dominante_n100_v1,KarmarkarKarp,false,SUCESSO,5344,4975,369,369,true,0,0.0000,3.575928,true,0.0149,0.0139,0.0341,0.0079,7,0.0228,99,0,0,1,
DOMINANTE,100,dominante_n100_v2,Backtracking,true,NAO_EXECUTADO,,,,,,,,,,,,,,,,,,,,Corte de seguranca da bateria padrao: algoritmo exponencial limitado a n <= 26.
DOMINANTE,100,dominante_n100_v2,BranchAndBound,true,NAO_EXECUTADO,,,,,,,,,,,,,,,,,,,,Corte de seguranca da bateria padrao: algoritmo exponencial limitado a n <= 26.
DOMINANTE,100,dominante_n100_v2,ProgramacaoDinamica,true,SUCESSO,5129,5206,77,77,true,0,0.0000,0.745041,true,0.9037,0.7834,1.1328,0.1360,7,0.5000,516800,0,0,100,
DOMINANTE,100,dominante_n100_v2,Guloso,false,SUCESSO,5206,5129,77,77,true,0,0.0000,0.745041,true,0.0117,0.0105,0.0122,0.0008,7,0.0010,100,0,0,100,
DOMINANTE,100,dominante_n100_v2,KarmarkarKarp,false,SUCESSO,5206,5129,77,77,true,0,0.0000,0.745041,true,0.0142,0.0136,0.0277,0.0056,7,0.0228,99,0,0,1,
DOMINANTE,100,dominante_n100_v3,Backtracking,true,NAO_EXECUTADO,,,,,,,,,,,,,,,,,,,,Corte de seguranca da bateria padrao: algoritmo exponencial limitado a n <= 26.
DOMINANTE,100,dominante_n100_v3,BranchAndBound,true,NAO_EXECUTADO,,,,,,,,,,,,,,,,,,,,Corte de seguranca da bateria padrao: algoritmo exponencial limitado a n <= 26.
DOMINANTE,100,dominante_n100_v3,ProgramacaoDinamica,true,SUCESSO,4817,5247,430,430,true,0,0.0000,4.272655,true,0.8234,0.7657,0.9850,0.0733,7,0.4876,503300,0,0,100,
DOMINANTE,100,dominante_n100_v3,Guloso,false,SUCESSO,5247,4817,430,430,true,0,0.0000,4.272655,true,0.0141,0.0130,0.0164,0.0012,7,0.0010,100,0,0,100,
DOMINANTE,100,dominante_n100_v3,KarmarkarKarp,false,SUCESSO,5247,4817,430,430,true,0,0.0000,4.272655,true,0.0255,0.0177,0.0464,0.0112,7,0.0228,99,0,0,1,
DOMINANTE,100,dominante_n100_v4,Backtracking,true,NAO_EXECUTADO,,,,,,,,,,,,,,,,,,,,Corte de seguranca da bateria padrao: algoritmo exponencial limitado a n <= 26.
DOMINANTE,100,dominante_n100_v4,BranchAndBound,true,NAO_EXECUTADO,,,,,,,,,,,,,,,,,,,,Corte de seguranca da bateria padrao: algoritmo exponencial limitado a n <= 26.
DOMINANTE,100,dominante_n100_v4,ProgramacaoDinamica,true,SUCESSO,5037,5505,468,468,true,0,0.0000,4.439385,true,0.9059,0.8368,0.9684,0.0458,7,0.5100,527200,0,0,100,
DOMINANTE,100,dominante_n100_v4,Guloso,false,SUCESSO,5505,5037,468,468,true,0,0.0000,4.439385,true,0.0104,0.0099,0.0141,0.0015,7,0.0010,100,0,0,100,
DOMINANTE,100,dominante_n100_v4,KarmarkarKarp,false,SUCESSO,5505,5037,468,468,true,0,0.0000,4.439385,true,0.0206,0.0147,0.0517,0.0130,7,0.0228,99,0,0,1,
DOMINANTE,1000,dominante_n1000_v0,Backtracking,true,NAO_EXECUTADO,,,,,,,,,,,,,,,,,,,,Corte de seguranca da bateria padrao: algoritmo exponencial limitado a n <= 26.
DOMINANTE,1000,dominante_n1000_v0,BranchAndBound,true,NAO_EXECUTADO,,,,,,,,,,,,,,,,,,,,Corte de seguranca da bateria padrao: algoritmo exponencial limitado a n <= 26.
DOMINANTE,1000,dominante_n1000_v0,ProgramacaoDinamica,true,SUCESSO,50598,50663,65,65,true,0,0.0000,0.064191,true,89.1741,76.5208,122.4280,16.0560,7,48.3549,50631000,0,0,1000,
DOMINANTE,1000,dominante_n1000_v0,Guloso,false,SUCESSO,50663,50598,65,65,true,0,0.0000,0.064191,true,0.1670,0.1615,0.1867,0.0095,7,0.0213,1000,0,0,1000,
DOMINANTE,1000,dominante_n1000_v0,KarmarkarKarp,false,SUCESSO,50663,50598,65,65,true,0,0.0000,0.064191,true,0.3330,0.2994,0.4092,0.0402,7,0.2452,999,0,0,1,
DOMINANTE,1000,dominante_n1000_v1,Backtracking,true,NAO_EXECUTADO,,,,,,,,,,,,,,,,,,,,Corte de seguranca da bateria padrao: algoritmo exponencial limitado a n <= 26.
DOMINANTE,1000,dominante_n1000_v1,BranchAndBound,true,NAO_EXECUTADO,,,,,,,,,,,,,,,,,,,,Corte de seguranca da bateria padrao: algoritmo exponencial limitado a n <= 26.
DOMINANTE,1000,dominante_n1000_v1,ProgramacaoDinamica,true,SUCESSO,50996,51483,487,487,true,0,0.0000,0.475219,true,73.1842,70.3378,81.1073,4.0280,7,48.9353,51240000,0,0,1000,
DOMINANTE,1000,dominante_n1000_v1,Guloso,false,SUCESSO,51483,50996,487,487,true,0,0.0000,0.475219,true,0.1656,0.1640,0.1712,0.0024,7,0.0213,1000,0,0,1000,
DOMINANTE,1000,dominante_n1000_v1,KarmarkarKarp,false,SUCESSO,51483,50996,487,487,true,0,0.0000,0.475219,true,0.2774,0.2701,0.2819,0.0052,7,0.2452,999,0,0,1,
DOMINANTE,1000,dominante_n1000_v2,Backtracking,true,NAO_EXECUTADO,,,,,,,,,,,,,,,,,,,,Corte de seguranca da bateria padrao: algoritmo exponencial limitado a n <= 26.
DOMINANTE,1000,dominante_n1000_v2,BranchAndBound,true,NAO_EXECUTADO,,,,,,,,,,,,,,,,,,,,Corte de seguranca da bateria padrao: algoritmo exponencial limitado a n <= 26.
DOMINANTE,1000,dominante_n1000_v2,ProgramacaoDinamica,true,SUCESSO,52405,52698,293,293,true,0,0.0000,0.278774,true,78.6135,76.2228,83.4182,2.2227,7,50.1878,52552000,0,0,1000,
DOMINANTE,1000,dominante_n1000_v2,Guloso,false,SUCESSO,52698,52405,293,293,true,0,0.0000,0.278774,true,0.1628,0.1619,0.1755,0.0048,7,0.0213,1000,0,0,1000,
DOMINANTE,1000,dominante_n1000_v2,KarmarkarKarp,false,SUCESSO,52698,52405,293,293,true,0,0.0000,0.278774,true,0.3039,0.2766,0.3658,0.0308,7,0.2452,999,0,0,1,
DOMINANTE,1000,dominante_n1000_v3,Backtracking,true,NAO_EXECUTADO,,,,,,,,,,,,,,,,,,,,Corte de seguranca da bateria padrao: algoritmo exponencial limitado a n <= 26.
DOMINANTE,1000,dominante_n1000_v3,BranchAndBound,true,NAO_EXECUTADO,,,,,,,,,,,,,,,,,,,,Corte de seguranca da bateria padrao: algoritmo exponencial limitado a n <= 26.
DOMINANTE,1000,dominante_n1000_v3,ProgramacaoDinamica,true,SUCESSO,50449,50696,247,247,true,0,0.0000,0.244204,true,73.2396,68.7286,76.4406,3.1291,7,48.3015,50573000,0,0,1000,
DOMINANTE,1000,dominante_n1000_v3,Guloso,false,SUCESSO,50696,50449,247,247,true,0,0.0000,0.244204,true,0.1685,0.1597,0.2493,0.0332,7,0.0213,1000,0,0,1000,
DOMINANTE,1000,dominante_n1000_v3,KarmarkarKarp,false,SUCESSO,50696,50449,247,247,true,0,0.0000,0.244204,true,0.2676,0.2655,0.2967,0.0111,7,0.2452,999,0,0,1,
DOMINANTE,1000,dominante_n1000_v4,Backtracking,true,NAO_EXECUTADO,,,,,,,,,,,,,,,,,,,,Corte de seguranca da bateria padrao: algoritmo exponencial limitado a n <= 26.
DOMINANTE,1000,dominante_n1000_v4,BranchAndBound,true,NAO_EXECUTADO,,,,,,,,,,,,,,,,,,,,Corte de seguranca da bateria padrao: algoritmo exponencial limitado a n <= 26.
DOMINANTE,1000,dominante_n1000_v4,ProgramacaoDinamica,true,SUCESSO,49412,49613,201,201,true,0,0.0000,0.202979,true,69.3585,67.4692,73.8614,1.9882,7,47.2934,49513000,0,0,1000,
DOMINANTE,1000,dominante_n1000_v4,Guloso,false,SUCESSO,49613,49412,201,201,true,0,0.0000,0.202979,true,0.1712,0.1669,0.2281,0.0220,7,0.0213,1000,0,0,1000,
DOMINANTE,1000,dominante_n1000_v4,KarmarkarKarp,false,SUCESSO,49613,49412,201,201,true,0,0.0000,0.202979,true,0.2732,0.2671,0.3729,0.0382,7,0.2452,999,0,0,1,
DOMINANTE,10000,dominante_n10000_v0,Backtracking,true,NAO_EXECUTADO,,,,,,,,,,,,,,,,,,,,Corte de seguranca da bateria padrao: algoritmo exponencial limitado a n <= 26.
DOMINANTE,10000,dominante_n10000_v0,BranchAndBound,true,NAO_EXECUTADO,,,,,,,,,,,,,,,,,,,,Corte de seguranca da bateria padrao: algoritmo exponencial limitado a n <= 26.
DOMINANTE,10000,dominante_n10000_v0,ProgramacaoDinamica,true,MEMORIA_INVIAVEL,,,,,,,,,,,,,,,,,,,,"Tabela de PD exigiria 5078877837 celulas (n=10000, somaTotal=1015673), acima do limite de 1073741824."
DOMINANTE,10000,dominante_n10000_v0,Guloso,false,SUCESSO,507925,507748,177,177,false,0,0.0000,0.017427,,2.3176,1.9180,3.3809,0.4700,7,0.2482,10000,0,0,10000,
DOMINANTE,10000,dominante_n10000_v0,KarmarkarKarp,false,SUCESSO,507925,507748,177,177,false,0,0.0000,0.017427,,3.7334,3.6068,5.3683,0.7498,7,2.5070,9999,0,0,1,
DOMINANTE,10000,dominante_n10000_v1,Backtracking,true,NAO_EXECUTADO,,,,,,,,,,,,,,,,,,,,Corte de seguranca da bateria padrao: algoritmo exponencial limitado a n <= 26.
DOMINANTE,10000,dominante_n10000_v1,BranchAndBound,true,NAO_EXECUTADO,,,,,,,,,,,,,,,,,,,,Corte de seguranca da bateria padrao: algoritmo exponencial limitado a n <= 26.
DOMINANTE,10000,dominante_n10000_v1,ProgramacaoDinamica,true,MEMORIA_INVIAVEL,,,,,,,,,,,,,,,,,,,,"Tabela de PD exigiria 5106490598 celulas (n=10000, somaTotal=1021195), acima do limite de 1073741824."
DOMINANTE,10000,dominante_n10000_v1,Guloso,false,SUCESSO,510841,510354,487,487,false,0,0.0000,0.047689,,1.9548,1.9148,2.0485,0.0497,7,0.2482,10000,0,0,10000,
DOMINANTE,10000,dominante_n10000_v1,KarmarkarKarp,false,SUCESSO,510841,510354,487,487,false,0,0.0000,0.047689,,5.9824,3.9024,6.5898,1.0887,7,2.5070,9999,0,0,1,
DOMINANTE,10000,dominante_n10000_v2,Backtracking,true,NAO_EXECUTADO,,,,,,,,,,,,,,,,,,,,Corte de seguranca da bateria padrao: algoritmo exponencial limitado a n <= 26.
DOMINANTE,10000,dominante_n10000_v2,BranchAndBound,true,NAO_EXECUTADO,,,,,,,,,,,,,,,,,,,,Corte de seguranca da bateria padrao: algoritmo exponencial limitado a n <= 26.
DOMINANTE,10000,dominante_n10000_v2,ProgramacaoDinamica,true,MEMORIA_INVIAVEL,,,,,,,,,,,,,,,,,,,,"Tabela de PD exigiria 5064426392 celulas (n=10000, somaTotal=1012783), acima do limite de 1073741824."
DOMINANTE,10000,dominante_n10000_v2,Guloso,false,SUCESSO,506501,506282,219,219,false,0,0.0000,0.021624,,2.1730,1.9611,2.5870,0.2235,7,0.2482,10000,0,0,10000,
DOMINANTE,10000,dominante_n10000_v2,KarmarkarKarp,false,SUCESSO,506501,506282,219,219,false,0,0.0000,0.021624,,4.0064,3.7125,4.1959,0.1958,7,2.5070,9999,0,0,1,
DOMINANTE,10000,dominante_n10000_v3,Backtracking,true,NAO_EXECUTADO,,,,,,,,,,,,,,,,,,,,Corte de seguranca da bateria padrao: algoritmo exponencial limitado a n <= 26.
DOMINANTE,10000,dominante_n10000_v3,BranchAndBound,true,NAO_EXECUTADO,,,,,,,,,,,,,,,,,,,,Corte de seguranca da bateria padrao: algoritmo exponencial limitado a n <= 26.
DOMINANTE,10000,dominante_n10000_v3,ProgramacaoDinamica,true,MEMORIA_INVIAVEL,,,,,,,,,,,,,,,,,,,,"Tabela de PD exigiria 5013831333 celulas (n=10000, somaTotal=1002664), acima do limite de 1073741824."
DOMINANTE,10000,dominante_n10000_v3,Guloso,false,SUCESSO,501419,501245,174,174,false,0,0.0000,0.017354,,2.3364,2.1399,2.9636,0.3143,7,0.2482,10000,0,0,10000,
DOMINANTE,10000,dominante_n10000_v3,KarmarkarKarp,false,SUCESSO,501419,501245,174,174,false,0,0.0000,0.017354,,4.2630,3.7863,6.1865,0.8557,7,2.5070,9999,0,0,1,
DOMINANTE,10000,dominante_n10000_v4,Backtracking,true,NAO_EXECUTADO,,,,,,,,,,,,,,,,,,,,Corte de seguranca da bateria padrao: algoritmo exponencial limitado a n <= 26.
DOMINANTE,10000,dominante_n10000_v4,BranchAndBound,true,NAO_EXECUTADO,,,,,,,,,,,,,,,,,,,,Corte de seguranca da bateria padrao: algoritmo exponencial limitado a n <= 26.
DOMINANTE,10000,dominante_n10000_v4,ProgramacaoDinamica,true,MEMORIA_INVIAVEL,,,,,,,,,,,,,,,,,,,,"Tabela de PD exigiria 5027382688 celulas (n=10000, somaTotal=1005374), acima do limite de 1073741824."
DOMINANTE,10000,dominante_n10000_v4,Guloso,false,SUCESSO,502707,502667,40,40,false,0,0.0000,0.003979,,1.9762,1.9204,2.2529,0.1286,7,0.2482,10000,0,0,10000,
DOMINANTE,10000,dominante_n10000_v4,KarmarkarKarp,false,SUCESSO,502707,502667,40,40,false,0,0.0000,0.003979,,4.8597,3.9373,5.6074,0.5667,7,2.5070,9999,0,0,1,
