perfil,tamanho,instancia,algoritmo,exato,status,soma_a,soma_b,diferenca,diferenca_referencia,referencia_comprovada,gap_absoluto,gap_percentual,desequilibrio_relativo_pct,atingiu_otimo,tempo_ms,tempo_min_ms,tempo_max_ms,tempo_desvio_padrao_ms,repeticoes_medicao,memoria_alocada_mb,estados_explorados,chamadas_recursivas,podas,profundidade_maxima,observacao
UNIFORME_PEQUENO,10,uniforme_pequeno_n10_v0,Backtracking,true,SUCESSO,245,245,0,0,true,0,0.0000,0.000000,true,1.0450,1.0450,1.0450,0.0000,1,0.0155,123,123,0,10,
UNIFORME_PEQUENO,10,uniforme_pequeno_n10_v0,BranchAndBound,true,SUCESSO,245,245,0,0,true,0,0.0000,0.000000,true,1.3833,1.3833,1.3833,0.0000,1,0.0266,160,160,33,10,
UNIFORME_PEQUENO,10,uniforme_pequeno_n10_v0,ProgramacaoDinamica,true,SUCESSO,245,245,0,0,true,0,0.0000,0.000000,true,0.2295,0.2295,0.2295,0.0000,1,0.0033,2460,0,0,10,
UNIFORME_PEQUENO,10,uniforme_pequeno_n10_v0,Guloso,false,SUCESSO,245,245,0,0,true,0,0.0000,0.000000,true,0.5484,0.5484,0.5484,0.0000,1,0.0110,10,0,0,10,
UNIFORME_PEQUENO,10,uniforme_pequeno_n10_v0,KarmarkarKarp,false,SUCESSO,245,245,0,0,true,0,0.0000,0.000000,true,3.0181,3.0181,3.0181,0.0000,1,0.0629,9,0,0,4,
UNIFORME_PEQUENO,10,uniforme_pequeno_n10_v1,Backtracking,true,SUCESSO,268,264,4,4,true,0,0.0000,0.751880,true,0.2345,0.2345,0.2345,0.0000,1,0.0002,1023,1023,0,10,
UNIFORME_PEQUENO,10,uniforme_pequeno_n10_v1,BranchAndBound,true,SUCESSO,268,264,4,4,true,0,0.0000,0.751880,true,0.1591,0.1591,0.1591,0.0000,1,0.0004,341,341,75,10,
UNIFORME_PEQUENO,10,uniforme_pequeno_n10_v1,ProgramacaoDinamica,true,SUCESSO,264,268,4,4,true,0,0.0000,0.751880,true,0.2010,0.2010,0.2010,0.0000,1,0.0032,2670,0,0,10,
UNIFORME_PEQUENO,10,uniforme_pequeno_n10_v1,Guloso,false,SUCESSO,270,262,8,4,true,4,100.0000,1.503759,false,0.0250,0.0250,0.0250,0.0000,1,0.0002,10,0,0,10,
UNIFORME_PEQUENO,10,uniforme_pequeno_n10_v1,KarmarkarKarp,false,SUCESSO,259,273,14,4,true,10,250.0000,2.631579,false,0.1336,0.1336,0.1336,0.0000,1,0.0024,9,0,0,4,
UNIFORME_PEQUENO,15,uniforme_pequeno_n15_v0,Backtracking,true,SUCESSO,427,427,0,0,true,0,0.0000,0.000000,true,0.0717,0.0717,0.0717,0.0000,1,0.0002,2035,2035,0,15,
UNIFORME_PEQUENO,15,uniforme_pequeno_n15_v0,BranchAndBound,true,SUCESSO,427,427,0,0,true,0,0.0000,0.000000,true,0.0597,0.0597,0.0597,0.0000,1,0.0005,426,426,109,15,
UNIFORME_PEQUENO,15,uniforme_pequeno_n15_v0,ProgramacaoDinamica,true,SUCESSO,427,427,0,0,true,0,0.0000,0.000000,true,0.4624,0.4624,0.4624,0.0000,1,0.0071,6420,0,0,15,
UNIFORME_PEQUENO,15,uniforme_pequeno_n15_v0,Guloso,false,SUCESSO,433,421,12,0,true,12,,1.405152,false,0.0386,0.0386,0.0386,0.0000,1,0.0002,15,0,0,15,
UNIFORME_PEQUENO,15,uniforme_pequeno_n15_v0,KarmarkarKarp,false,SUCESSO,427,427,0,0,true,0,0.0000,0.000000,true,0.1264,0.1264,0.1264,0.0000,1,0.0034,14,0,0,4,
UNIFORME_PEQUENO,15,uniforme_pequeno_n15_v1,Backtracking,true,SUCESSO,278,277,1,1,true,0,0.0000,0.180180,true,0.9295,0.9295,0.9295,0.0000,1,0.0002,32767,32767,0,15,
UNIFORME_PEQUENO,15,uniforme_pequeno_n15_v1,BranchAndBound,true,SUCESSO,278,277,1,1,true,0,0.0000,0.180180,true,0.1409,0.1409,0.1409,0.0000,1,0.0005,2791,2791,1210,15,
UNIFORME_PEQUENO,15,uniforme_pequeno_n15_v1,ProgramacaoDinamica,true,SUCESSO,277,278,1,1,true,0,0.0000,0.180180,true,0.3358,0.3358,0.3358,0.0000,1,0.0047,4170,0,0,15,
UNIFORME_PEQUENO,15,uniforme_pequeno_n15_v1,Guloso,false,SUCESSO,280,275,5,1,true,4,400.0000,0.900901,false,0.0474,0.0474,0.0474,0.0000,1,0.0002,15,0,0,15,
UNIFORME_PEQUENO,15,uniforme_pequeno_n15_v1,KarmarkarKarp,false,SUCESSO,277,278,1,1,true,0,0.0000,0.180180,true,0.1417,0.1417,0.1417,0.0000,1,0.0034,14,0,0,5,
UNIFORME_PEQUENO,20,uniforme_pequeno_n20_v0,Backtracking,true,SUCESSO,445,446,1,1,true,0,0.0000,0.112233,true,8.8061,8.8061,8.8061,0.0000,1,0.0002,1048575,1048575,0,20,
UNIFORME_PEQUENO,20,uniforme_pequeno_n20_v0,BranchAndBound,true,SUCESSO,446,445,1,1,true,0,0.0000,0.112233,true,0.7468,0.7468,0.7468,0.0000,1,0.0006,39081,39081,17569,20,
UNIFORME_PEQUENO,20,uniforme_pequeno_n20_v0,ProgramacaoDinamica,true,SUCESSO,445,446,1,1,true,0,0.0000,0.112233,true,0.6117,0.6117,0.6117,0.0000,1,0.0096,8920,0,0,20,
UNIFORME_PEQUENO,20,uniforme_pequeno_n20_v0,Guloso,false,SUCESSO,446,445,1,1,true,0,0.0000,0.112233,true,0.0367,0.0367,0.0367,0.0000,1,0.0003,20,0,0,20,
UNIFORME_PEQUENO,20,uniforme_pequeno_n20_v0,KarmarkarKarp,false,SUCESSO,445,446,1,1,true,0,0.0000,0.112233,true,0.1012,0.1012,0.1012,0.0000,1,0.0044,19,0,0,7,
UNIFORME_PEQUENO,20,uniforme_pequeno_n20_v1,Backtracking,true,SUCESSO,551,551,0,0,true,0,0.0000,0.000000,true,0.0307,0.0307,0.0307,0.0000,1,0.0002,6119,6119,0,20,
UNIFORME_PEQUENO,20,uniforme_pequeno_n20_v1,BranchAndBound,true,SUCESSO,551,551,0,0,true,0,0.0000,0.000000,true,0.1296,0.1296,0.1296,0.0000,1,0.0006,1204,1204,383,20,
UNIFORME_PEQUENO,20,uniforme_pequeno_n20_v1,ProgramacaoDinamica,true,SUCESSO,551,551,0,0,true,0,0.0000,0.000000,true,0.7692,0.7692,0.7692,0.0000,1,0.0116,11040,0,0,20,
UNIFORME_PEQUENO,20,uniforme_pequeno_n20_v1,Guloso,false,SUCESSO,551,551,0,0,true,0,0.0000,0.000000,true,0.0319,0.0319,0.0319,0.0000,1,0.0003,20,0,0,20,
UNIFORME_PEQUENO,20,uniforme_pequeno_n20_v1,KarmarkarKarp,false,SUCESSO,551,551,0,0,true,0,0.0000,0.000000,true,0.1029,0.1029,0.1029,0.0000,1,0.0044,19,0,0,5,
UNIFORME_PEQUENO,22,uniforme_pequeno_n22_v0,Backtracking,true,SUCESSO,557,557,0,0,true,0,0.0000,0.000000,true,0.0539,0.0539,0.0539,0.0000,1,0.0002,14684,14684,0,22,
UNIFORME_PEQUENO,22,uniforme_pequeno_n22_v0,BranchAndBound,true,SUCESSO,557,557,0,0,true,0,0.0000,0.000000,true,0.0791,0.0791,0.0791,0.0000,1,0.0006,1210,1210,380,22,
UNIFORME_PEQUENO,22,uniforme_pequeno_n22_v0,ProgramacaoDinamica,true,SUCESSO,557,557,0,0,true,0,0.0000,0.000000,true,1.0204,1.0204,1.0204,0.0000,1,0.0129,12276,0,0,22,
UNIFORME_PEQUENO,22,uniforme_pequeno_n22_v0,Guloso,false,SUCESSO,557,557,0,0,true,0,0.0000,0.000000,true,0.1068,0.1068,0.1068,0.0000,1,0.0003,22,0,0,22,
UNIFORME_PEQUENO,22,uniforme_pequeno_n22_v0,KarmarkarKarp,false,SUCESSO,557,557,0,0,true,0,0.0000,0.000000,true,0.2782,0.2782,0.2782,0.0000,1,0.0048,21,0,0,7,
UNIFORME_PEQUENO,22,uniforme_pequeno_n22_v1,Backtracking,true,SUCESSO,458,457,1,1,true,0,0.0000,0.109290,true,12.8559,12.8559,12.8559,0.0000,1,0.0002,4194303,4194303,0,22,
UNIFORME_PEQUENO,22,uniforme_pequeno_n22_v1,BranchAndBound,true,SUCESSO,457,458,1,1,true,0,0.0000,0.109290,true,2.6082,2.6082,2.6082,0.0000,1,0.0006,141475,141475,63334,22,
UNIFORME_PEQUENO,22,uniforme_pequeno_n22_v1,ProgramacaoDinamica,true,SUCESSO,457,458,1,1,true,0,0.0000,0.109290,true,0.8393,0.8393,0.8393,0.0000,1,0.0108,10076,0,0,22,
UNIFORME_PEQUENO,22,uniforme_pequeno_n22_v1,Guloso,false,SUCESSO,457,458,1,1,true,0,0.0000,0.109290,true,0.0328,0.0328,0.0328,0.0000,1,0.0003,22,0,0,22,
UNIFORME_PEQUENO,22,uniforme_pequeno_n22_v1,KarmarkarKarp,false,SUCESSO,457,458,1,1,true,0,0.0000,0.109290,true,0.1702,0.1702,0.1702,0.0000,1,0.0048,21,0,0,6,
UNIFORME_PEQUENO,24,uniforme_pequeno_n24_v0,Backtracking,true,SUCESSO,581,581,0,0,true,0,0.0000,0.000000,true,0.0580,0.0580,0.0580,0.0000,1,0.0002,16107,16107,0,24,
UNIFORME_PEQUENO,24,uniforme_pequeno_n24_v0,BranchAndBound,true,SUCESSO,581,581,0,0,true,0,0.0000,0.000000,true,0.0693,0.0693,0.0693,0.0000,1,0.0007,1539,1539,514,24,
UNIFORME_PEQUENO,24,uniforme_pequeno_n24_v0,ProgramacaoDinamica,true,SUCESSO,581,581,0,0,true,0,0.0000,0.000000,true,0.9797,0.9797,0.9797,0.0000,1,0.0146,13968,0,0,24,
UNIFORME_PEQUENO,24,uniforme_pequeno_n24_v0,Guloso,false,SUCESSO,581,581,0,0,true,0,0.0000,0.000000,true,0.0340,0.0340,0.0340,0.0000,1,0.0003,24,0,0,24,
UNIFORME_PEQUENO,24,uniforme_pequeno_n24_v0,KarmarkarKarp,false,SUCESSO,581,581,0,0,true,0,0.0000,0.000000,true,0.1549,0.1549,0.1549,0.0000,1,0.0052,23,0,0,7,
UNIFORME_PEQUENO,24,uniforme_pequeno_n24_v1,Backtracking,true,SUCESSO,570,570,0,0,true,0,0.0000,0.000000,true,0.0569,0.0569,0.0569,0.0000,1,0.0002,7932,7932,0,24,
UNIFORME_PEQUENO,24,uniforme_pequeno_n24_v1,BranchAndBound,true,SUCESSO,570,570,0,0,true,0,0.0000,0.000000,true,0.0845,0.0845,0.0845,0.0000,1,0.0007,1843,1843,521,24,
UNIFORME_PEQUENO,24,uniforme_pequeno_n24_v1,ProgramacaoDinamica,true,SUCESSO,570,570,0,0,true,0,0.0000,0.000000,true,0.2136,0.2136,0.2136,0.0000,1,0.0144,13704,0,0,24,
UNIFORME_PEQUENO,24,uniforme_pequeno_n24_v1,Guloso,false,SUCESSO,571,569,2,0,true,2,,0.175439,false,0.0409,0.0409,0.0409,0.0000,1,0.0003,24,0,0,24,
UNIFORME_PEQUENO,24,uniforme_pequeno_n24_v1,KarmarkarKarp,false,SUCESSO,570,570,0,0,true,0,0.0000,0.000000,true,0.1068,0.1068,0.1068,0.0000,1,0.0052,23,0,0,9,
UNIFORME_PEQUENO,26,uniforme_pequeno_n26_v0,Backtracking,true,SUCESSO,628,628,0,0,true,0,0.0000,0.000000,true,0.0513,0.0513,0.0513,0.0000,1,0.0003,14092,14092,0,26,
UNIFORME_PEQUENO,26,uniforme_pequeno_n26_v0,BranchAndBound,true,SUCESSO,628,628,0,0,true,0,0.0000,0.000000,true,0.0608,0.0608,0.0608,0.0000,1,0.0007,2424,2424,657,26,
UNIFORME_PEQUENO,26,uniforme_pequeno_n26_v0,ProgramacaoDinamica,true,SUCESSO,628,628,0,0,true,0,0.0000,0.000000,true,0.1604,0.1604,0.1604,0.0000,1,0.0170,16354,0,0,26,
UNIFORME_PEQUENO,26,uniforme_pequeno_n26_v0,Guloso,false,SUCESSO,629,627,2,0,true,2,,0.159236,false,0.0338,0.0338,0.0338,0.0000,1,0.0003,26,0,0,26,
UNIFORME_PEQUENO,26,uniforme_pequeno_n26_v0,KarmarkarKarp,false,SUCESSO,628,628,0,0,true,0,0.0000,0.000000,true,0.1669,0.1669,0.1669,0.0000,1,0.0056,25,0,0,6,
UNIFORME_PEQUENO,26,uniforme_pequeno_n26_v1,Backtracking,true,SUCESSO,754,754,0,0,true,0,0.0000,0.000000,true,0.0784,0.0784,0.0784,0.0000,1,0.0003,24317,24317,0,26,
UNIFORME_PEQUENO,26,uniforme_pequeno_n26_v1,BranchAndBound,true,SUCESSO,754,754,0,0,true,0,0.0000,0.000000,true,0.0406,0.0406,0.0406,0.0000,1,0.0007,1858,1858,637,26,
UNIFORME_PEQUENO,26,uniforme_pequeno_n26_v1,ProgramacaoDinamica,true,SUCESSO,754,754,0,0,true,0,0.0000,0.000000,true,0.1845,0.1845,0.1845,0.0000,1,0.0203,19630,0,0,26,
UNIFORME_PEQUENO,26,uniforme_pequeno_n26_v1,Guloso,false,SUCESSO,754,754,0,0,true,0,0.0000,0.000000,true,0.0363,0.0363,0.0363,0.0000,1,0.0003,26,0,0,26,
UNIFORME_PEQUENO,26,uniforme_pequeno_n26_v1,KarmarkarKarp,false,SUCESSO,754,754,0,0,true,0,0.0000,0.000000,true,0.1654,0.1654,0.1654,0.0000,1,0.0056,25,0,0,9,
UNIFORME_PEQUENO,28,uniforme_pequeno_n28_v0,Backtracking,true,SUCESSO,695,695,0,0,true,0,0.0000,0.000000,true,0.2917,0.2917,0.2917,0.0000,1,0.0003,65531,65531,0,28,
UNIFORME_PEQUENO,28,uniforme_pequeno_n28_v0,BranchAndBound,true,SUCESSO,695,695,0,0,true,0,0.0000,0.000000,true,0.0547,0.0547,0.0547,0.0000,1,0.0008,2598,2598,912,28,
UNIFORME_PEQUENO,28,uniforme_pequeno_n28_v0,ProgramacaoDinamica,true,SUCESSO,695,695,0,0,true,0,0.0000,0.000000,true,0.1642,0.1642,0.1642,0.0000,1,0.0200,19488,0,0,28,
UNIFORME_PEQUENO,28,uniforme_pequeno_n28_v0,Guloso,false,SUCESSO,697,693,4,0,true,4,,0.287770,false,0.0301,0.0301,0.0301,0.0000,1,0.0003,28,0,0,28,
UNIFORME_PEQUENO,28,uniforme_pequeno_n28_v0,KarmarkarKarp,false,SUCESSO,695,695,0,0,true,0,0.0000,0.000000,true,0.1008,0.1008,0.1008,0.0000,1,0.0060,27,0,0,8,
UNIFORME_PEQUENO,28,uniforme_pequeno_n28_v1,Backtracking,true,SUCESSO,679,679,0,0,true,0,0.0000,0.000000,true,0.0448,0.0448,0.0448,0.0000,1,0.0003,12271,12271,0,28,
UNIFORME_PEQUENO,28,uniforme_pequeno_n28_v1,BranchAndBound,true,SUCESSO,679,679,0,0,true,0,0.0000,0.000000,true,0.0484,0.0484,0.0484,0.0000,1,0.0008,2577,2577,919,28,
UNIFORME_PEQUENO,28,uniforme_pequeno_n28_v1,ProgramacaoDinamica,true,SUCESSO,679,679,0,0,true,0,0.0000,0.000000,true,0.3275,0.3275,0.3275,0.0000,1,0.0195,19040,0,0,28,
UNIFORME_PEQUENO,28,uniforme_pequeno_n28_v1,Guloso,false,SUCESSO,677,681,4,0,true,4,,0.294551,false,0.0460,0.0460,0.0460,0.0000,1,0.0003,28,0,0,28,
UNIFORME_PEQUENO,28,uniforme_pequeno_n28_v1,KarmarkarKarp,false,SUCESSO,679,679,0,0,true,0,0.0000,0.000000,true,0.1237,0.1237,0.1237,0.0000,1,0.0060,27,0,0,6,
UNIFORME_PEQUENO,30,uniforme_pequeno_n30_v0,Backtracking,true,SUCESSO,894,894,0,0,true,0,0.0000,0.000000,true,1.4162,1.4162,1.4162,0.0000,1,0.0003,310798,310798,0,30,
UNIFORME_PEQUENO,30,uniforme_pequeno_n30_v0,BranchAndBound,true,SUCESSO,894,894,0,0,true,0,0.0000,0.000000,true,0.0719,0.0719,0.0719,0.0000,1,0.0008,2563,2563,881,30,
UNIFORME_PEQUENO,30,uniforme_pequeno_n30_v0,ProgramacaoDinamica,true,SUCESSO,894,894,0,0,true,0,0.0000,0.000000,true,0.4027,0.4027,0.4027,0.0000,1,0.0273,26850,0,0,30,
UNIFORME_PEQUENO,30,uniforme_pequeno_n30_v0,Guloso,false,SUCESSO,890,898,8,0,true,8,,0.447427,false,0.0295,0.0295,0.0295,0.0000,1,0.0003,30,0,0,30,
UNIFORME_PEQUENO,30,uniforme_pequeno_n30_v0,KarmarkarKarp,false,SUCESSO,894,894,0,0,true,0,0.0000,0.000000,true,0.1456,0.1456,0.1456,0.0000,1,0.0064,29,0,0,6,
UNIFORME_PEQUENO,30,uniforme_pequeno_n30_v1,Backtracking,true,SUCESSO,700,700,0,0,true,0,0.0000,0.000000,true,0.2431,0.2431,0.2431,0.0000,1,0.0003,81933,81933,0,30,
UNIFORME_PEQUENO,30,uniforme_pequeno_n30_v1,BranchAndBound,true,SUCESSO,700,700,0,0,true,0,0.0000,0.000000,true,0.0685,0.0685,0.0685,0.0000,1,0.0008,3712,3712,1266,30,
UNIFORME_PEQUENO,30,uniforme_pequeno_n30_v1,ProgramacaoDinamica,true,SUCESSO,700,700,0,0,true,0,0.0000,0.000000,true,0.2818,0.2818,0.2818,0.0000,1,0.0216,21030,0,0,30,
UNIFORME_PEQUENO,30,uniforme_pequeno_n30_v1,Guloso,false,SUCESSO,701,699,2,0,true,2,,0.142857,false,0.0414,0.0414,0.0414,0.0000,1,0.0003,30,0,0,30,
UNIFORME_PEQUENO,30,uniforme_pequeno_n30_v1,KarmarkarKarp,false,SUCESSO,700,700,0,0,true,0,0.0000,0.000000,true,0.1046,0.1046,0.1046,0.0000,1,0.0064,29,0,0,8,
UNIFORME_PEQUENO,32,uniforme_pequeno_n32_v0,Backtracking,true,SUCESSO,712,712,0,0,true,0,0.0000,0.000000,true,1.0784,1.0784,1.0784,0.0000,1,0.0003,373265,373265,0,32,
UNIFORME_PEQUENO,32,uniforme_pequeno_n32_v0,BranchAndBound,true,SUCESSO,712,712,0,0,true,0,0.0000,0.000000,true,0.1070,0.1070,0.1070,0.0000,1,0.0010,4444,4444,1536,32,
UNIFORME_PEQUENO,32,uniforme_pequeno_n32_v0,ProgramacaoDinamica,true,SUCESSO,712,712,0,0,true,0,0.0000,0.000000,true,0.3564,0.3564,0.3564,0.0000,1,0.0235,22816,0,0,32,
UNIFORME_PEQUENO,32,uniforme_pequeno_n32_v0,Guloso,false,SUCESSO,712,712,0,0,true,0,0.0000,0.000000,true,0.0485,0.0485,0.0485,0.0000,1,0.0005,32,0,0,32,
UNIFORME_PEQUENO,32,uniforme_pequeno_n32_v0,KarmarkarKarp,false,SUCESSO,712,712,0,0,true,0,0.0000,0.000000,true,0.1518,0.1518,0.1518,0.0000,1,0.0068,31,0,0,9,
UNIFORME_PEQUENO,32,uniforme_pequeno_n32_v1,Backtracking,true,SUCESSO,700,700,0,0,true,0,0.0000,0.000000,true,0.4728,0.4728,0.4728,0.0000,1,0.0003,163855,163855,0,32,
UNIFORME_PEQUENO,32,uniforme_pequeno_n32_v1,BranchAndBound,true,SUCESSO,700,700,0,0,true,0,0.0000,0.000000,true,0.0675,0.0675,0.0675,0.0000,1,0.0010,3718,3718,1366,32,
UNIFORME_PEQUENO,32,uniforme_pequeno_n32_v1,ProgramacaoDinamica,true,SUCESSO,700,700,0,0,true,0,0.0000,0.000000,true,0.1800,0.1800,0.1800,0.0000,1,0.0230,22432,0,0,32,
UNIFORME_PEQUENO,32,uniforme_pequeno_n32_v1,Guloso,false,SUCESSO,700,700,0,0,true,0,0.0000,0.000000,true,0.0733,0.0733,0.0733,0.0000,1,0.0005,32,0,0,32,
UNIFORME_PEQUENO,32,uniforme_pequeno_n32_v1,KarmarkarKarp,false,SUCESSO,700,700,0,0,true,0,0.0000,0.000000,true,0.1060,0.1060,0.1060,0.0000,1,0.0068,31,0,0,8,
UNIFORME_PEQUENO,35,uniforme_pequeno_n35_v0,Backtracking,true,SUCESSO,914,914,0,0,true,0,0.0000,0.000000,true,1.6699,1.6699,1.6699,0.0000,1,0.0003,425906,425906,0,35,
UNIFORME_PEQUENO,35,uniforme_pequeno_n35_v0,BranchAndBound,true,SUCESSO,914,914,0,0,true,0,0.0000,0.000000,true,0.0765,0.0765,0.0765,0.0000,1,0.0011,4971,4971,1871,35,
UNIFORME_PEQUENO,35,uniforme_pequeno_n35_v0,ProgramacaoDinamica,true,SUCESSO,914,914,0,0,true,0,0.0000,0.000000,true,0.2617,0.2617,0.2617,0.0000,1,0.0325,32025,0,0,35,
UNIFORME_PEQUENO,35,uniforme_pequeno_n35_v0,Guloso,false,SUCESSO,914,914,0,0,true,0,0.0000,0.000000,true,0.0591,0.0591,0.0591,0.0000,1,0.0005,35,0,0,35,
UNIFORME_PEQUENO,35,uniforme_pequeno_n35_v0,KarmarkarKarp,false,SUCESSO,914,914,0,0,true,0,0.0000,0.000000,true,0.0970,0.0970,0.0970,0.0000,1,0.0075,34,0,0,10,
UNIFORME_PEQUENO,35,uniforme_pequeno_n35_v1,Backtracking,true,SUCESSO,881,881,0,0,true,0,0.0000,0.000000,true,3.4452,3.4452,3.4452,0.0000,1,0.0003,786128,786128,0,35,
UNIFORME_PEQUENO,35,uniforme_pequeno_n35_v1,BranchAndBound,true,SUCESSO,881,881,0,0,true,0,0.0000,0.000000,true,0.1350,0.1350,0.1350,0.0000,1,0.0011,4291,4291,1539,35,
UNIFORME_PEQUENO,35,uniforme_pequeno_n35_v1,ProgramacaoDinamica,true,SUCESSO,881,881,0,0,true,0,0.0000,0.000000,true,0.1292,0.1292,0.1292,0.0000,1,0.0314,30870,0,0,35,
UNIFORME_PEQUENO,35,uniforme_pequeno_n35_v1,Guloso,false,SUCESSO,877,885,8,0,true,8,,0.454030,false,0.0472,0.0472,0.0472,0.0000,1,0.0005,35,0,0,35,
UNIFORME_PEQUENO,35,uniforme_pequeno_n35_v1,KarmarkarKarp,false,SUCESSO,881,881,0,0,true,0,0.0000,0.000000,true,0.1136,0.1136,0.1136,0.0000,1,0.0075,34,0,0,8,
UNIFORME_PEQUENO,40,uniforme_pequeno_n40_v0,Backtracking,true,SUCESSO,1137,1137,0,0,true,0,0.0000,0.000000,true,22.2541,22.2541,22.2541,0.0000,1,0.0003,6291346,6291346,0,40,
UNIFORME_PEQUENO,40,uniforme_pequeno_n40_v0,BranchAndBound,true,SUCESSO,1137,1137,0,0,true,0,0.0000,0.000000,true,0.1330,0.1330,0.1330,0.0000,1,0.0012,5762,5762,2229,40,
UNIFORME_PEQUENO,40,uniforme_pequeno_n40_v0,ProgramacaoDinamica,true,SUCESSO,1137,1137,0,0,true,0,0.0000,0.000000,true,0.0982,0.0982,0.0982,0.0000,1,0.0457,45520,0,0,40,
UNIFORME_PEQUENO,40,uniforme_pequeno_n40_v0,Guloso,false,SUCESSO,1129,1145,16,0,true,16,,0.703606,false,0.0645,0.0645,0.0645,0.0000,1,0.0006,40,0,0,40,
UNIFORME_PEQUENO,40,uniforme_pequeno_n40_v0,KarmarkarKarp,false,SUCESSO,1137,1137,0,0,true,0,0.0000,0.000000,true,0.1367,0.1367,0.1367,0.0000,1,0.0085,39,0,0,11,
UNIFORME_PEQUENO,40,uniforme_pequeno_n40_v1,Backtracking,true,SUCESSO,990,990,0,0,true,0,0.0000,0.000000,true,6.3616,6.3616,6.3616,0.0000,1,0.0003,1966099,1966099,0,40,
UNIFORME_PEQUENO,40,uniforme_pequeno_n40_v1,BranchAndBound,true,SUCESSO,990,990,0,0,true,0,0.0000,0.000000,true,0.1003,0.1003,0.1003,0.0000,1,0.0012,6294,6294,2190,40,
UNIFORME_PEQUENO,40,uniforme_pequeno_n40_v1,ProgramacaoDinamica,true,SUCESSO,990,990,0,0,true,0,0.0000,0.000000,true,0.0981,0.0981,0.0981,0.0000,1,0.0398,39640,0,0,40,
UNIFORME_PEQUENO,40,uniforme_pequeno_n40_v1,Guloso,false,SUCESSO,990,990,0,0,true,0,0.0000,0.000000,true,0.0881,0.0881,0.0881,0.0000,1,0.0006,40,0,0,40,
UNIFORME_PEQUENO,40,uniforme_pequeno_n40_v1,KarmarkarKarp,false,SUCESSO,990,990,0,0,true,0,0.0000,0.000000,true,0.0839,0.0839,0.0839,0.0000,1,0.0085,39,0,0,12,
UNIFORME_PEQUENO,50,uniforme_pequeno_n50_v0,Backtracking,true,TEMPO_LIMITE,,,,,,,,,,,,,,,,,,,,Excedeu 5s
UNIFORME_PEQUENO,50,uniforme_pequeno_n50_v0,BranchAndBound,true,TEMPO_LIMITE,,,,,,,,,,,,,,,,,,,,Excedeu 5s
UNIFORME_PEQUENO,50,uniforme_pequeno_n50_v0,ProgramacaoDinamica,true,SUCESSO,1351,1352,1,1,true,0,0.0000,0.036996,true,0.1353,0.1353,0.1353,0.0000,1,0.0669,67600,0,0,50,
UNIFORME_PEQUENO,50,uniforme_pequeno_n50_v0,Guloso,false,SUCESSO,1352,1351,1,1,true,0,0.0000,0.036996,true,0.0507,0.0507,0.0507,0.0000,1,0.0006,50,0,0,50,
UNIFORME_PEQUENO,50,uniforme_pequeno_n50_v0,KarmarkarKarp,false,SUCESSO,1352,1351,1,1,true,0,0.0000,0.036996,true,0.1307,0.1307,0.1307,0.0000,1,0.0107,49,0,0,6,
UNIFORME_PEQUENO,50,uniforme_pequeno_n50_v1,Backtracking,true,SUCESSO,1072,1072,0,0,true,0,0.0000,0.000000,true,1435.9811,1435.9811,1435.9811,0.0000,1,0.0003,394264595,394264595,0,50,
UNIFORME_PEQUENO,50,uniforme_pequeno_n50_v1,BranchAndBound,true,SUCESSO,1072,1072,0,0,true,0,0.0000,0.000000,true,0.9138,0.9138,0.9138,0.0000,1,0.0014,11803,11803,4961,50,
UNIFORME_PEQUENO,50,uniforme_pequeno_n50_v1,ProgramacaoDinamica,true,SUCESSO,1072,1072,0,0,true,0,0.0000,0.000000,true,0.1415,0.1415,0.1415,0.0000,1,0.0537,53650,0,0,50,
UNIFORME_PEQUENO,50,uniforme_pequeno_n50_v1,Guloso,false,SUCESSO,1072,1072,0,0,true,0,0.0000,0.000000,true,0.0701,0.0701,0.0701,0.0000,1,0.0006,50,0,0,50,
UNIFORME_PEQUENO,50,uniforme_pequeno_n50_v1,KarmarkarKarp,false,SUCESSO,1072,1072,0,0,true,0,0.0000,0.000000,true,0.1559,0.1559,0.1559,0.0000,1,0.0105,49,0,0,16,
UNIFORME_GRANDE,10,uniforme_grande_n10_v0,Backtracking,true,SUCESSO,2918463,2906330,12133,12133,true,0,0.0000,0.208299,true,0.0204,0.0204,0.0204,0.0000,1,0.0002,1023,1023,0,10,
UNIFORME_GRANDE,10,uniforme_grande_n10_v0,BranchAndBound,true,SUCESSO,2918463,2906330,12133,12133,true,0,0.0000,0.208299,true,0.0606,0.0606,0.0606,0.0000,1,0.0004,289,289,73,10,
UNIFORME_GRANDE,10,uniforme_grande_n10_v0,ProgramacaoDinamica,true,SUCESSO,2906330,2918463,12133,12133,true,0,0.0000,0.208299,true,62.1043,62.1043,62.1043,0.0000,1,30.5527,29123970,0,0,10,
UNIFORME_GRANDE,10,uniforme_grande_n10_v0,Guloso,false,SUCESSO,2925777,2899016,26761,12133,true,14628,120.5638,0.459433,false,0.0326,0.0326,0.0326,0.0000,1,0.0002,10,0,0,10,
UNIFORME_GRANDE,10,uniforme_grande_n10_v0,KarmarkarKarp,false,SUCESSO,2918463,2906330,12133,12133,true,0,0.0000,0.208299,true,0.0602,0.0602,0.0602,0.0000,1,0.0024,9,0,0,6,
UNIFORME_GRANDE,10,uniforme_grande_n10_v1,Backtracking,true,SUCESSO,1555957,1552393,3564,3564,true,0,0.0000,0.114659,true,0.0351,0.0351,0.0351,0.0000,1,0.0002,1023,1023,0,10,
UNIFORME_GRANDE,10,uniforme_grande_n10_v1,BranchAndBound,true,SUCESSO,1552393,1555957,3564,3564,true,0,0.0000,0.114659,true,0.0926,0.0926,0.0926,0.0000,1,0.0004,279,279,66,10,
UNIFORME_GRANDE,10,uniforme_grande_n10_v1,ProgramacaoDinamica,true,SUCESSO,1552393,1555957,3564,3564,true,0,0.0000,0.114659,true,39.0270,39.0270,39.0270,0.0000,1,16.3043,15541760,0,0,10,
UNIFORME_GRANDE,10,uniforme_grande_n10_v1,Guloso,false,SUCESSO,1539682,1568668,28986,3564,true,25422,713.2997,0.932520,false,0.0449,0.0449,0.0449,0.0000,1,0.0002,10,0,0,10,
UNIFORME_GRANDE,10,uniforme_grande_n10_v1,KarmarkarKarp,false,SUCESSO,1563009,1545341,17668,3564,true,14104,395.7351,0.568404,false,0.0660,0.0660,0.0660,0.0000,1,0.0024,9,0,0,4,
UNIFORME_GRANDE,15,uniforme_grande_n15_v0,Backtracking,true,SUCESSO,3551062,3551552,490,490,true,0,0.0000,0.006899,true,0.1448,0.1448,0.1448,0.0000,1,0.0002,32767,32767,0,15,
UNIFORME_GRANDE,15,uniforme_grande_n15_v0,BranchAndBound,true,SUCESSO,3551062,3551552,490,490,true,0,0.0000,0.006899,true,0.0742,0.0742,0.0742,0.0000,1,0.0005,2099,2099,876,15,
UNIFORME_GRANDE,15,uniforme_grande_n15_v0,ProgramacaoDinamica,true,SUCESSO,3551062,3551552,490,490,true,0,0.0000,0.006899,true,119.5500,119.5500,119.5500,0.0000,1,54.1892,53269620,0,0,15,
UNIFORME_GRANDE,15,uniforme_grande_n15_v0,Guloso,false,SUCESSO,3563645,3538969,24676,490,true,24186,4935.9184,0.347421,false,0.0317,0.0317,0.0317,0.0000,1,0.0002,15,0,0,15,
UNIFORME_GRANDE,15,uniforme_grande_n15_v0,KarmarkarKarp,false,SUCESSO,3550812,3551802,990,490,true,500,102.0408,0.013939,false,0.0540,0.0540,0.0540,0.0000,1,0.0034,14,0,0,5,
UNIFORME_GRANDE,15,uniforme_grande_n15_v1,Backtracking,true,SUCESSO,4141487,4141903,416,416,true,0,0.0000,0.005022,true,0.1455,0.1455,0.1455,0.0000,1,0.0002,32767,32767,0,15,
UNIFORME_GRANDE,15,uniforme_grande_n15_v1,BranchAndBound,true,SUCESSO,4141487,4141903,416,416,true,0,0.0000,0.005022,true,0.0758,0.0758,0.0758,0.0000,1,0.0005,5551,5551,1566,15,
UNIFORME_GRANDE,15,uniforme_grande_n15_v1,ProgramacaoDinamica,true,SUCESSO,4141487,4141903,416,416,true,0,0.0000,0.005022,true,105.6854,105.6854,105.6854,0.0000,1,63.1977,62125440,0,0,15,
UNIFORME_GRANDE,15,uniforme_grande_n15_v1,Guloso,false,SUCESSO,4081818,4201572,119754,416,true,119338,28687.0192,1.445712,false,0.0330,0.0330,0.0330,0.0000,1,0.0002,15,0,0,15,
UNIFORME_GRANDE,15,uniforme_grande_n15_v1,KarmarkarKarp,false,SUCESSO,4141979,4141411,568,416,true,152,36.5385,0.006857,false,0.0760,0.0760,0.0760,0.0000,1,0.0034,14,0,0,6,
UNIFORME_GRANDE,20,uniforme_grande_n20_v0,Backtracking,true,SUCESSO,6732714,6732733,19,19,true,0,0.0000,0.000141,true,4.6247,4.6247,4.6247,0.0000,1,0.0002,1048575,1048575,0,20,
UNIFORME_GRANDE,20,uniforme_grande_n20_v0,BranchAndBound,true,SUCESSO,6732714,6732733,19,19,true,0,0.0000,0.000141,true,0.9133,0.9133,0.9133,0.0000,1,0.0006,160373,160373,44399,20,
UNIFORME_GRANDE,20,uniforme_grande_n20_v0,ProgramacaoDinamica,true,SUCESSO,6732714,6732733,19,19,true,0,0.0000,0.000141,true,235.5229,235.5229,235.5229,0.0000,1,134.8380,134654480,0,0,20,
UNIFORME_GRANDE,20,uniforme_grande_n20_v0,Guloso,false,SUCESSO,6720786,6744661,23875,19,true,23856,125557.8947,0.177306,false,0.0287,0.0287,0.0287,0.0000,1,0.0003,20,0,0,20,
UNIFORME_GRANDE,20,uniforme_grande_n20_v0,KarmarkarKarp,false,SUCESSO,6732279,6733168,889,19,true,870,4578.9474,0.006602,false,0.0913,0.0913,0.0913,0.0000,1,0.0044,19,0,0,6,
UNIFORME_GRANDE,20,uniforme_grande_n20_v1,Backtracking,true,SUCESSO,5362781,5362785,4,4,true,0,0.0000,0.000037,true,4.5047,4.5047,4.5047,0.0000,1,0.0002,1048575,1048575,0,20,
UNIFORME_GRANDE,20,uniforme_grande_n20_v1,BranchAndBound,true,SUCESSO,5362785,5362781,4,4,true,0,0.0000,0.000037,true,0.2654,0.2654,0.2654,0.0000,1,0.0006,41301,41301,19681,20,
UNIFORME_GRANDE,20,uniforme_grande_n20_v1,ProgramacaoDinamica,true,SUCESSO,5362781,5362785,4,4,true,0,0.0000,0.000037,true,200.6640,200.6640,200.6640,0.0000,1,107.4019,107255680,0,0,20,
UNIFORME_GRANDE,20,uniforme_grande_n20_v1,Guloso,false,SUCESSO,5373523,5352043,21480,4,true,21476,536900.0000,0.200269,false,0.0318,0.0318,0.0318,0.0000,1,0.0003,20,0,0,20,
UNIFORME_GRANDE,20,uniforme_grande_n20_v1,KarmarkarKarp,false,SUCESSO,5364346,5361220,3126,4,true,3122,78050.0000,0.029145,false,0.0735,0.0735,0.0735,0.0000,1,0.0044,19,0,0,4,
UNIFORME_GRANDE,22,uniforme_grande_n22_v0,Backtracking,true,SUCESSO,4126464,4126461,3,3,true,0,0.0000,0.000036,true,13.1030,13.1030,13.1030,0.0000,1,0.0002,4194303,4194303,0,22,
UNIFORME_GRANDE,22,uniforme_grande_n22_v0,BranchAndBound,true,SUCESSO,4126461,4126464,3,3,true,0,0.0000,0.000036,true,0.5320,0.5320,0.5320,0.0000,1,0.0006,114373,114373,48389,22,
UNIFORME_GRANDE,22,uniforme_grande_n22_v0,ProgramacaoDinamica,true,SUCESSO,4126461,4126464,3,3,true,0,0.0000,0.000036,true,194.2652,194.2652,194.2652,0.0000,1,90.5126,90782186,0,0,22,
UNIFORME_GRANDE,22,uniforme_grande_n22_v0,Guloso,false,SUCESSO,4126771,4126154,617,3,true,614,20466.6667,0.007476,false,0.0450,0.0450,0.0450,0.0000,1,0.0003,22,0,0,22,
UNIFORME_GRANDE,22,uniforme_grande_n22_v0,KarmarkarKarp,false,SUCESSO,4126367,4126558,191,3,true,188,6266.6667,0.002314,false,0.0972,0.0972,0.0972,0.0000,1,0.0048,21,0,0,6,
UNIFORME_GRANDE,22,uniforme_grande_n22_v1,Backtracking,true,SUCESSO,4967455,4967454,1,1,true,0,0.0000,0.000010,true,16.7815,16.7815,16.7815,0.0000,1,0.0002,4194303,4194303,0,22,
UNIFORME_GRANDE,22,uniforme_grande_n22_v1,BranchAndBound,true,SUCESSO,4967454,4967455,1,1,true,0,0.0000,0.000010,true,2.0683,2.0683,2.0683,0.0000,1,0.0006,352309,352309,105541,22,
UNIFORME_GRANDE,22,uniforme_grande_n22_v1,ProgramacaoDinamica,true,SUCESSO,4967454,4967455,1,1,true,0,0.0000,0.000010,true,237.0843,237.0843,237.0843,0.0000,1,108.9593,109284010,0,0,22,
UNIFORME_GRANDE,22,uniforme_grande_n22_v1,Guloso,false,SUCESSO,4967730,4967179,551,1,true,550,55000.0000,0.005546,false,0.0319,0.0319,0.0319,0.0000,1,0.0003,22,0,0,22,
UNIFORME_GRANDE,22,uniforme_grande_n22_v1,KarmarkarKarp,false,SUCESSO,4967627,4967282,345,1,true,344,34400.0000,0.003473,false,0.0828,0.0828,0.0828,0.0000,1,0.0048,21,0,0,5,
UNIFORME_GRANDE,24,uniforme_grande_n24_v0,Backtracking,true,SUCESSO,7240777,7240777,0,0,true,0,0.0000,0.000000,true,27.3570,27.3570,27.3570,0.0000,1,0.0002,8106270,8106270,0,24,
UNIFORME_GRANDE,24,uniforme_grande_n24_v0,BranchAndBound,true,SUCESSO,7240777,7240777,0,0,true,0,0.0000,0.000000,true,3.5257,3.5257,3.5257,0.0000,1,0.0007,777700,777700,285564,24,
UNIFORME_GRANDE,24,uniforme_grande_n24_v0,ProgramacaoDinamica,true,SUCESSO,7240777,7240777,0,0,true,0,0.0000,0.000000,true,343.8575,343.8575,343.8575,0.0000,1,172.6344,173778672,0,0,24,
UNIFORME_GRANDE,24,uniforme_grande_n24_v0,Guloso,false,SUCESSO,7243149,7238405,4744,0,true,4744,,0.032759,false,0.0249,0.0249,0.0249,0.0000,1,0.0003,24,0,0,24,
UNIFORME_GRANDE,24,uniforme_grande_n24_v0,KarmarkarKarp,false,SUCESSO,7240680,7240874,194,0,true,194,,0.001340,false,0.0548,0.0548,0.0548,0.0000,1,0.0052,23,0,0,7,
UNIFORME_GRANDE,24,uniforme_grande_n24_v1,Backtracking,true,SUCESSO,5073802,5073801,1,1,true,0,0.0000,0.000010,true,50.0335,50.0335,50.0335,0.0000,1,0.0002,16777215,16777215,0,24,
UNIFORME_GRANDE,24,uniforme_grande_n24_v1,BranchAndBound,true,SUCESSO,5073801,5073802,1,1,true,0,0.0000,0.000010,true,3.0776,3.0776,3.0776,0.0000,1,0.0007,625799,625799,224290,24,
UNIFORME_GRANDE,24,uniforme_grande_n24_v1,ProgramacaoDinamica,true,SUCESSO,5073801,5073802,1,1,true,0,0.0000,0.000010,true,238.8419,238.8419,238.8419,0.0000,1,120.9697,121771248,0,0,24,
UNIFORME_GRANDE,24,uniforme_grande_n24_v1,Guloso,false,SUCESSO,5070814,5076789,5975,1,true,5974,597400.0000,0.058881,false,0.0338,0.0338,0.0338,0.0000,1,0.0003,24,0,0,24,
UNIFORME_GRANDE,24,uniforme_grande_n24_v1,KarmarkarKarp,false,SUCESSO,5077927,5069676,8251,1,true,8250,825000.0000,0.081310,false,0.0668,0.0668,0.0668,0.0000,1,0.0052,23,0,0,6,
UNIFORME_GRANDE,26,uniforme_grande_n26_v0,Backtracking,true,SUCESSO,6053165,6053164,1,1,true,0,0.0000,0.000008,true,219.9269,219.9269,219.9269,0.0000,1,0.0003,67108863,67108863,0,26,
UNIFORME_GRANDE,26,uniforme_grande_n26_v0,BranchAndBound,true,SUCESSO,6053165,6053164,1,1,true,0,0.0000,0.000008,true,6.9279,6.9279,6.9279,0.0000,1,0.0007,1833853,1833853,548369,26,
UNIFORME_GRANDE,26,uniforme_grande_n26_v0,ProgramacaoDinamica,true,SUCESSO,6053164,6053165,1,1,true,0,0.0000,0.000008,true,289.6851,289.6851,289.6851,0.0000,1,155.8650,157382290,0,0,26,
UNIFORME_GRANDE,26,uniforme_grande_n26_v0,Guloso,false,SUCESSO,6072886,6033443,39443,1,true,39442,3944200.0000,0.325805,false,0.0392,0.0392,0.0392,0.0000,1,0.0003,26,0,0,26,
UNIFORME_GRANDE,26,uniforme_grande_n26_v0,KarmarkarKarp,false,SUCESSO,6053035,6053294,259,1,true,258,25800.0000,0.002139,false,0.0728,0.0728,0.0728,0.0000,1,0.0056,25,0,0,6,
UNIFORME_GRANDE,26,uniforme_grande_n26_v1,Backtracking,true,SUCESSO,6560238,6560237,1,1,true,0,0.0000,0.000008,true,222.9149,222.9149,222.9149,0.0000,1,0.0003,67108863,67108863,0,26,
UNIFORME_GRANDE,26,uniforme_grande_n26_v1,BranchAndBound,true,SUCESSO,6560237,6560238,1,1,true,0,0.0000,0.000008,true,9.9335,9.9335,9.9335,0.0000,1,0.0007,2010581,2010581,903181,26,
UNIFORME_GRANDE,26,uniforme_grande_n26_v1,ProgramacaoDinamica,true,SUCESSO,6560237,6560238,1,1,true,0,0.0000,0.000008,true,347.4635,347.4635,347.4635,0.0000,1,168.9217,170566188,0,0,26,
UNIFORME_GRANDE,26,uniforme_grande_n26_v1,Guloso,false,SUCESSO,6565085,6555390,9695,1,true,9694,969400.0000,0.073892,false,0.0504,0.0504,0.0504,0.0000,1,0.0003,26,0,0,26,
UNIFORME_GRANDE,26,uniforme_grande_n26_v1,KarmarkarKarp,false,SUCESSO,6559870,6560605,735,1,true,734,73400.0000,0.005602,false,0.0764,0.0764,0.0764,0.0000,1,0.0056,25,0,0,6,
UNIFORME_GRANDE,28,uniforme_grande_n28_v0,Backtracking,true,SUCESSO,7818490,7818489,1,1,true,0,0.0000,0.000006,true,844.6804,844.6804,844.6804,0.0000,1,0.0003,268435455,268435455,0,28,
UNIFORME_GRANDE,28,uniforme_grande_n28_v0,BranchAndBound,true,SUCESSO,7818490,7818489,1,1,true,0,0.0000,0.000006,true,76.0482,76.0482,76.0482,0.0000,1,0.0008,17363489,17363489,5556467,28,
UNIFORME_GRANDE,28,uniforme_grande_n28_v0,ProgramacaoDinamica,true,SUCESSO,7818489,7818490,1,1,true,0,0.0000,0.000006,true,421.7035,421.7035,421.7035,0.0000,1,216.2334,218917720,0,0,28,
UNIFORME_GRANDE,28,uniforme_grande_n28_v0,Guloso,false,SUCESSO,7819874,7817105,2769,1,true,2768,276800.0000,0.017708,false,0.0401,0.0401,0.0401,0.0000,1,0.0003,28,0,0,28,
UNIFORME_GRANDE,28,uniforme_grande_n28_v0,KarmarkarKarp,false,SUCESSO,7818474,7818505,31,1,true,30,3000.0000,0.000198,false,0.0658,0.0658,0.0658,0.0000,1,0.0060,27,0,0,7,
UNIFORME_GRANDE,28,uniforme_grande_n28_v1,Backtracking,true,SUCESSO,7245801,7245800,1,1,true,0,0.0000,0.000007,true,897.5019,897.5019,897.5019,0.0000,1,0.0003,268435455,268435455,0,28,
UNIFORME_GRANDE,28,uniforme_grande_n28_v1,BranchAndBound,true,SUCESSO,7245801,7245800,1,1,true,0,0.0000,0.000007,true,29.9765,29.9765,29.9765,0.0000,1,0.0008,7151209,7151209,2900841,28,
UNIFORME_GRANDE,28,uniforme_grande_n28_v1,ProgramacaoDinamica,true,SUCESSO,7245800,7245801,1,1,true,0,0.0000,0.000007,true,390.9451,390.9451,390.9451,0.0000,1,200.3948,202882428,0,0,28,
UNIFORME_GRANDE,28,uniforme_grande_n28_v1,Guloso,false,SUCESSO,7246860,7244741,2119,1,true,2118,211800.0000,0.014622,false,0.0549,0.0549,0.0549,0.0000,1,0.0003,28,0,0,28,
UNIFORME_GRANDE,28,uniforme_grande_n28_v1,KarmarkarKarp,false,SUCESSO,7245794,7245807,13,1,true,12,1200.0000,0.000090,false,0.0930,0.0930,0.0930,0.0000,1,0.0060,27,0,0,8,
UNIFORME_GRANDE,30,uniforme_grande_n30_v0,Backtracking,true,SUCESSO,8351591,8351590,1,1,true,0,0.0000,0.000006,true,3401.1877,3401.1877,3401.1877,0.0000,1,0.0003,1073741823,1073741823,0,30,
UNIFORME_GRANDE,30,uniforme_grande_n30_v0,BranchAndBound,true,SUCESSO,8351590,8351591,1,1,true,0,0.0000,0.000006,true,197.0801,197.0801,197.0801,0.0000,1,0.0008,44806489,44806489,20337863,30,
UNIFORME_GRANDE,30,uniforme_grande_n30_v0,ProgramacaoDinamica,true,SUCESSO,8351590,8351591,1,1,true,0,0.0000,0.000006,true,462.7770,462.7770,462.7770,0.0000,1,246.9064,250547730,0,0,30,
UNIFORME_GRANDE,30,uniforme_grande_n30_v0,Guloso,false,SUCESSO,8326997,8376184,49187,1,true,49186,4918600.0000,0.294477,false,0.0373,0.0373,0.0373,0.0000,1,0.0003,30,0,0,30,
UNIFORME_GRANDE,30,uniforme_grande_n30_v0,KarmarkarKarp,false,SUCESSO,8351565,8351616,51,1,true,50,5000.0000,0.000305,false,0.1065,0.1065,0.1065,0.0000,1,0.0064,29,0,0,7,
UNIFORME_GRANDE,30,uniforme_grande_n30_v1,Backtracking,true,SUCESSO,7501631,7501631,0,0,true,0,0.0000,0.000000,true,48.7865,48.7865,48.7865,0.0000,1,0.0003,15060484,15060484,0,30,
UNIFORME_GRANDE,30,uniforme_grande_n30_v1,BranchAndBound,true,SUCESSO,7501631,7501631,0,0,true,0,0.0000,0.000000,true,0.2923,0.2923,0.2923,0.0000,1,0.0008,60357,60357,25469,30,
UNIFORME_GRANDE,30,uniforme_grande_n30_v1,ProgramacaoDinamica,true,SUCESSO,7501631,7501631,0,0,true,0,0.0000,0.000000,true,463.4152,463.4152,463.4152,0.0000,1,221.7783,225048960,0,0,30,
UNIFORME_GRANDE,30,uniforme_grande_n30_v1,Guloso,false,SUCESSO,7490389,7512873,22484,0,true,22484,,0.149861,false,0.0481,0.0481,0.0481,0.0000,1,0.0003,30,0,0,30,
UNIFORME_GRANDE,30,uniforme_grande_n30_v1,KarmarkarKarp,false,SUCESSO,7501749,7501513,236,0,true,236,,0.001573,false,0.1067,0.1067,0.1067,0.0000,1,0.0064,29,0,0,7,
UNIFORME_GRANDE,32,uniforme_grande_n32_v0,Backtracking,true,TEMPO_LIMITE,,,,,,,,,,,,,,,,,,,,Excedeu 5s
UNIFORME_GRANDE,32,uniforme_grande_n32_v0,BranchAndBound,true,SUCESSO,8106265,8106266,1,1,true,0,0.0000,0.000006,true,608.8961,608.8961,608.8961,0.0000,1,0.0010,142636325,142636325,44742295,32,
UNIFORME_GRANDE,32,uniforme_grande_n32_v0,ProgramacaoDinamica,true,SUCESSO,8106265,8106266,1,1,true,0,0.0000,0.000006,true,533.7082,533.7082,533.7082,0.0000,1,255.1153,259400512,0,0,32,
UNIFORME_GRANDE,32,uniforme_grande_n32_v0,Guloso,false,SUCESSO,8103497,8109034,5537,1,true,5536,553600.0000,0.034153,false,0.0629,0.0629,0.0629,0.0000,1,0.0005,32,0,0,32,
UNIFORME_GRANDE,32,uniforme_grande_n32_v0,KarmarkarKarp,false,SUCESSO,8106271,8106260,11,1,true,10,1000.0000,0.000068,false,0.0670,0.0670,0.0670,0.0000,1,0.0068,31,0,0,8,
UNIFORME_GRANDE,32,uniforme_grande_n32_v1,Backtracking,true,TEMPO_LIMITE,,,,,,,,,,,,,,,,,,,,Excedeu 5s
UNIFORME_GRANDE,32,uniforme_grande_n32_v1,BranchAndBound,true,SUCESSO,7396273,7396272,1,1,true,0,0.0000,0.000007,true,486.7800,486.7800,486.7800,0.0000,1,0.0010,118578249,118578249,47626103,32,
UNIFORME_GRANDE,32,uniforme_grande_n32_v1,ProgramacaoDinamica,true,SUCESSO,7396272,7396273,1,1,true,0,0.0000,0.000007,true,459.4543,459.4543,459.4543,0.0000,1,232.7710,236680736,0,0,32,
UNIFORME_GRANDE,32,uniforme_grande_n32_v1,Guloso,false,SUCESSO,7401670,7390875,10795,1,true,10794,1079400.0000,0.072976,false,0.0856,0.0856,0.0856,0.0000,1,0.0005,32,0,0,32,
UNIFORME_GRANDE,32,uniforme_grande_n32_v1,KarmarkarKarp,false,SUCESSO,7396024,7396521,497,1,true,496,49600.0000,0.003360,false,0.1013,0.1013,0.1013,0.0000,1,0.0068,31,0,0,6,
UNIFORME_GRANDE,35,uniforme_grande_n35_v0,Backtracking,true,NAO_EXECUTADO,,,,,,,,,,,,,,,,,,,,Nao executado apos 2 inviabilidades consecutivas; ultima ocorrencia: TEMPO_LIMITE em uniforme_grande_n32_v1.
UNIFORME_GRANDE,35,uniforme_grande_n35_v0,BranchAndBound,true,SUCESSO,8281454,8281455,1,1,true,0,0.0000,0.000006,true,2225.9417,2225.9417,2225.9417,0.0000,1,0.0011,501593417,501593417,247277683,35,
UNIFORME_GRANDE,35,uniforme_grande_n35_v0,ProgramacaoDinamica,true,SUCESSO,8281454,8281455,1,1,true,0,0.0000,0.000006,true,517.6932,517.6932,517.6932,0.0000,1,284.3221,289850925,0,0,35,
UNIFORME_GRANDE,35,uniforme_grande_n35_v0,Guloso,false,SUCESSO,8295787,8267122,28665,1,true,28664,2866400.0000,0.173067,false,0.0480,0.0480,0.0480,0.0000,1,0.0005,35,0,0,35,
UNIFORME_GRANDE,35,uniforme_grande_n35_v0,KarmarkarKarp,false,SUCESSO,8281488,8281421,67,1,true,66,6600.0000,0.000405,false,0.0756,0.0756,0.0756,0.0000,1,0.0075,34,0,0,8,
UNIFORME_GRANDE,35,uniforme_grande_n35_v1,Backtracking,true,NAO_EXECUTADO,,,,,,,,,,,,,,,,,,,,Nao executado apos 2 inviabilidades consecutivas; ultima ocorrencia: TEMPO_LIMITE em uniforme_grande_n32_v1.
UNIFORME_GRANDE,35,uniforme_grande_n35_v1,BranchAndBound,true,SUCESSO,9282634,9282634,0,0,true,0,0.0000,0.000000,true,0.1864,0.1864,0.1864,0.0000,1,0.0011,19144,19144,7852,35,
UNIFORME_GRANDE,35,uniforme_grande_n35_v1,ProgramacaoDinamica,true,SUCESSO,9282634,9282634,0,0,true,0,0.0000,0.000000,true,655.3657,655.3657,655.3657,0.0000,1,318.6950,324892225,0,0,35,
UNIFORME_GRANDE,35,uniforme_grande_n35_v1,Guloso,false,SUCESSO,9280860,9284408,3548,0,true,3548,,0.019111,false,0.0512,0.0512,0.0512,0.0000,1,0.0005,35,0,0,35,
UNIFORME_GRANDE,35,uniforme_grande_n35_v1,KarmarkarKarp,false,SUCESSO,9282639,9282629,10,0,true,10,,0.000054,false,0.0786,0.0786,0.0786,0.0000,1,0.0075,34,0,0,4,
UNIFORME_GRANDE,40,uniforme_grande_n40_v0,Backtracking,true,NAO_EXECUTADO,,,,,,,,,,,,,,,,,,,,Nao executado apos 2 inviabilidades consecutivas; ultima ocorrencia: TEMPO_LIMITE em uniforme_grande_n32_v1.
UNIFORME_GRANDE,40,uniforme_grande_n40_v0,BranchAndBound,true,TEMPO_LIMITE,,,,,,,,,,,,,,,,,,,,Excedeu 5s
UNIFORME_GRANDE,40,uniforme_grande_n40_v0,ProgramacaoDinamica,true,SUCESSO,10190730,10190731,1,1,true,0,0.0000,0.000005,true,727.1084,727.1084,727.1084,0.0000,1,398.4653,407629240,0,0,40,
UNIFORME_GRANDE,40,uniforme_grande_n40_v0,Guloso,false,SUCESSO,10178139,10203322,25183,1,true,25182,2518200.0000,0.123558,false,0.0483,0.0483,0.0483,0.0000,1,0.0006,40,0,0,40,
UNIFORME_GRANDE,40,uniforme_grande_n40_v0,KarmarkarKarp,false,SUCESSO,10190771,10190690,81,1,true,80,8000.0000,0.000397,false,0.0937,0.0937,0.0937,0.0000,1,0.0085,39,0,0,5,
UNIFORME_GRANDE,40,uniforme_grande_n40_v1,Backtracking,true,NAO_EXECUTADO,,,,,,,,,,,,,,,,,,,,Nao executado apos 2 inviabilidades consecutivas; ultima ocorrencia: TEMPO_LIMITE em uniforme_grande_n32_v1.
UNIFORME_GRANDE,40,uniforme_grande_n40_v1,BranchAndBound,true,SUCESSO,9390805,9390805,0,0,true,0,0.0000,0.000000,true,0.9089,0.9089,0.9089,0.0000,1,0.0016,160110,160110,68201,40,
UNIFORME_GRANDE,40,uniforme_grande_n40_v1,ProgramacaoDinamica,true,SUCESSO,9390805,9390805,0,0,true,0,0.0000,0.000000,true,697.8442,697.8442,697.8442,0.0000,1,367.1876,375632240,0,0,40,
UNIFORME_GRANDE,40,uniforme_grande_n40_v1,Guloso,false,SUCESSO,9383211,9398399,15188,0,true,15188,,0.080866,false,0.0429,0.0429,0.0429,0.0000,1,0.0006,40,0,0,40,
UNIFORME_GRANDE,40,uniforme_grande_n40_v1,KarmarkarKarp,false,SUCESSO,9390812,9390798,14,0,true,14,,0.000075,false,0.0740,0.0740,0.0740,0.0000,1,0.0085,39,0,0,7,
UNIFORME_GRANDE,50,uniforme_grande_n50_v0,Backtracking,true,NAO_EXECUTADO,,,,,,,,,,,,,,,,,,,,Nao executado apos 2 inviabilidades consecutivas; ultima ocorrencia: TEMPO_LIMITE em uniforme_grande_n32_v1.
UNIFORME_GRANDE,50,uniforme_grande_n50_v0,BranchAndBound,true,SUCESSO,9222006,9222006,0,0,true,0,0.0000,0.000000,true,0.3459,0.3459,0.3459,0.0000,1,0.0014,70067,70067,29358,50,
UNIFORME_GRANDE,50,uniforme_grande_n50_v0,ProgramacaoDinamica,true,SUCESSO,9222006,9222006,0,0,true,0,0.0000,0.000000,true,858.2379,858.2379,858.2379,0.0000,1,448.5356,461100350,0,0,50,
UNIFORME_GRANDE,50,uniforme_grande_n50_v0,Guloso,false,SUCESSO,9235926,9208086,27840,0,true,27840,,0.150943,false,0.0833,0.0833,0.0833,0.0000,1,0.0006,50,0,0,50,
UNIFORME_GRANDE,50,uniforme_grande_n50_v0,KarmarkarKarp,false,SUCESSO,9222001,9222011,10,0,true,10,,0.000054,false,0.6493,0.6493,0.6493,0.0000,1,0.0105,49,0,0,8,
UNIFORME_GRANDE,50,uniforme_grande_n50_v1,Backtracking,true,NAO_EXECUTADO,,,,,,,,,,,,,,,,,,,,Nao executado apos 2 inviabilidades consecutivas; ultima ocorrencia: TEMPO_LIMITE em uniforme_grande_n32_v1.
UNIFORME_GRANDE,50,uniforme_grande_n50_v1,BranchAndBound,true,SUCESSO,12456251,12456251,0,0,true,0,0.0000,0.000000,true,0.6016,0.6016,0.6016,0.0000,1,0.0014,66581,66581,24778,50,
UNIFORME_GRANDE,50,uniforme_grande_n50_v1,ProgramacaoDinamica,true,SUCESSO,12456251,12456251,0,0,true,0,0.0000,0.000000,true,1172.5773,1172.5773,1172.5773,0.0000,1,605.8410,622812600,0,0,50,
UNIFORME_GRANDE,50,uniforme_grande_n50_v1,Guloso,false,SUCESSO,12455173,12457329,2156,0,true,2156,,0.008654,false,0.0693,0.0693,0.0693,0.0000,1,0.0006,50,0,0,50,
UNIFORME_GRANDE,50,uniforme_grande_n50_v1,KarmarkarKarp,false,SUCESSO,12456247,12456255,8,0,true,8,,0.000032,false,0.2416,0.2416,0.2416,0.0000,1,0.0105,49,0,0,7,
VALORES_ENORMES,10,valores_enormes_n10_v0,Backtracking,true,SUCESSO,317941244,316982649,958595,958595,true,0,0.0000,0.150978,true,1.3775,1.3775,1.3775,0.0000,1,0.0002,1023,1023,0,10,
VALORES_ENORMES,10,valores_enormes_n10_v0,BranchAndBound,true,SUCESSO,316982649,317941244,958595,958595,true,0,0.0000,0.150978,true,0.0647,0.0647,0.0647,0.0000,1,0.0004,321,321,77,10,
VALORES_ENORMES,10,valores_enormes_n10_v0,ProgramacaoDinamica,true,MEMORIA_INVIAVEL,,,,,,,,,,,,,,,,,,,,"Tabela de PD exigiria 3492081417 celulas (n=10, somaTotal=634923893), acima do limite de 1073741824."
VALORES_ENORMES,10,valores_enormes_n10_v0,Guloso,false,SUCESSO,318906402,316017491,2888911,958595,true,1930316,201.3693,0.455001,false,0.0286,0.0286,0.0286,0.0000,1,0.0002,10,0,0,10,
VALORES_ENORMES,10,valores_enormes_n10_v0,KarmarkarKarp,false,SUCESSO,318631794,316292099,2339695,958595,true,1381100,144.0754,0.368500,false,0.0973,0.0973,0.0973,0.0000,1,0.0024,9,0,0,4,
VALORES_ENORMES,10,valores_enormes_n10_v1,Backtracking,true,SUCESSO,164845625,164660152,185473,185473,true,0,0.0000,0.056288,true,0.0132,0.0132,0.0132,0.0000,1,0.0002,1023,1023,0,10,
VALORES_ENORMES,10,valores_enormes_n10_v1,BranchAndBound,true,SUCESSO,164845625,164660152,185473,185473,true,0,0.0000,0.056288,true,0.0215,0.0215,0.0215,0.0000,1,0.0004,325,325,77,10,
VALORES_ENORMES,10,valores_enormes_n10_v1,ProgramacaoDinamica,true,MEMORIA_INVIAVEL,,,,,,,,,,,,,,,,,,,,"Tabela de PD exigiria 1812281779 celulas (n=10, somaTotal=329505777), acima do limite de 1073741824."
VALORES_ENORMES,10,valores_enormes_n10_v1,Guloso,false,SUCESSO,160543822,168961955,8418133,185473,true,8232660,4438.7377,2.554776,false,0.0143,0.0143,0.0143,0.0000,1,0.0002,10,0,0,10,
VALORES_ENORMES,10,valores_enormes_n10_v1,KarmarkarKarp,false,SUCESSO,165091975,164413802,678173,185473,true,492700,265.6451,0.205815,false,0.0385,0.0385,0.0385,0.0000,1,0.0024,9,0,0,3,
VALORES_ENORMES,15,valores_enormes_n15_v0,Backtracking,true,SUCESSO,363996245,363984868,11377,11377,true,0,0.0000,0.001563,true,0.1366,0.1366,0.1366,0.0000,1,0.0002,32767,32767,0,15,
VALORES_ENORMES,15,valores_enormes_n15_v0,BranchAndBound,true,SUCESSO,363996245,363984868,11377,11377,true,0,0.0000,0.001563,true,0.0370,0.0370,0.0370,0.0000,1,0.0005,2155,2155,786,15,
VALORES_ENORMES,15,valores_enormes_n15_v0,ProgramacaoDinamica,true,NAO_EXECUTADO,,,,,,,,,,,,,,,,,,,,Nao executado apos 2 inviabilidades consecutivas; ultima ocorrencia: MEMORIA_INVIAVEL em valores_enormes_n10_v1.
VALORES_ENORMES,15,valores_enormes_n15_v0,Guloso,false,SUCESSO,364072874,363908239,164635,11377,true,153258,1347.0862,0.022615,false,0.0307,0.0307,0.0307,0.0000,1,0.0002,15,0,0,15,
VALORES_ENORMES,15,valores_enormes_n15_v0,KarmarkarKarp,false,SUCESSO,364020445,363960668,59777,11377,true,48400,425.4197,0.008211,false,0.0554,0.0554,0.0554,0.0000,1,0.0034,14,0,0,4,
VALORES_ENORMES,15,valores_enormes_n15_v1,Backtracking,true,SUCESSO,398518822,398558751,39929,39929,true,0,0.0000,0.005009,true,0.1848,0.1848,0.1848,0.0000,1,0.0002,32767,32767,0,15,
VALORES_ENORMES,15,valores_enormes_n15_v1,BranchAndBound,true,SUCESSO,398558751,398518822,39929,39929,true,0,0.0000,0.005009,true,0.0428,0.0428,0.0428,0.0000,1,0.0005,2727,2727,1102,15,
VALORES_ENORMES,15,valores_enormes_n15_v1,ProgramacaoDinamica,true,NAO_EXECUTADO,,,,,,,,,,,,,,,,,,,,Nao executado apos 2 inviabilidades consecutivas; ultima ocorrencia: MEMORIA_INVIAVEL em valores_enormes_n10_v1.
VALORES_ENORMES,15,valores_enormes_n15_v1,Guloso,false,SUCESSO,399578926,397498647,2080279,39929,true,2040350,5109.9452,0.260988,false,0.0198,0.0198,0.0198,0.0000,1,0.0002,15,0,0,15,
VALORES_ENORMES,15,valores_enormes_n15_v1,KarmarkarKarp,false,SUCESSO,398142947,398934626,791679,39929,true,751750,1882.7168,0.099323,false,0.0523,0.0523,0.0523,0.0000,1,0.0034,14,0,0,6,
VALORES_ENORMES,20,valores_enormes_n20_v0,Backtracking,true,SUCESSO,485993355,485991591,1764,1764,true,0,0.0000,0.000181,true,4.0724,4.0724,4.0724,0.0000,1,0.0002,1048575,1048575,0,20,
VALORES_ENORMES,20,valores_enormes_n20_v0,BranchAndBound,true,SUCESSO,485991591,485993355,1764,1764,true,0,0.0000,0.000181,true,0.2747,0.2747,0.2747,0.0000,1,0.0006,35751,35751,13576,20,
VALORES_ENORMES,20,valores_enormes_n20_v0,ProgramacaoDinamica,true,NAO_EXECUTADO,,,,,,,,,,,,,,,,,,,,Nao executado apos 2 inviabilidades consecutivas; ultima ocorrencia: MEMORIA_INVIAVEL em valores_enormes_n10_v1.
VALORES_ENORMES,20,valores_enormes_n20_v0,Guloso,false,SUCESSO,486981951,485002995,1978956,1764,true,1977192,112085.7143,0.203599,false,0.3065,0.3065,0.3065,0.0000,1,0.0003,20,0,0,20,
VALORES_ENORMES,20,valores_enormes_n20_v0,KarmarkarKarp,false,SUCESSO,486011696,485973250,38446,1764,true,36682,2079.4785,0.003955,false,0.1270,0.1270,0.1270,0.0000,1,0.0044,19,0,0,8,
VALORES_ENORMES,20,valores_enormes_n20_v1,Backtracking,true,SUCESSO,486986410,486986931,521,521,true,0,0.0000,0.000053,true,4.4355,4.4355,4.4355,0.0000,1,0.0002,1048575,1048575,0,20,
VALORES_ENORMES,20,valores_enormes_n20_v1,BranchAndBound,true,SUCESSO,486986410,486986931,521,521,true,0,0.0000,0.000053,true,0.1930,0.1930,0.1930,0.0000,1,0.0006,38671,38671,12142,20,
VALORES_ENORMES,20,valores_enormes_n20_v1,ProgramacaoDinamica,true,NAO_EXECUTADO,,,,,,,,,,,,,,,,,,,,Nao executado apos 2 inviabilidades consecutivas; ultima ocorrencia: MEMORIA_INVIAVEL em valores_enormes_n10_v1.
VALORES_ENORMES,20,valores_enormes_n20_v1,Guloso,false,SUCESSO,487779516,486193825,1585691,521,true,1585170,304255.2783,0.162806,false,0.0173,0.0173,0.0173,0.0000,1,0.0003,20,0,0,20,
VALORES_ENORMES,20,valores_enormes_n20_v1,KarmarkarKarp,false,SUCESSO,487032412,486940929,91483,521,true,90962,17459.1171,0.009393,false,0.1232,0.1232,0.1232,0.0000,1,0.0044,19,0,0,8,
VALORES_ENORMES,22,valores_enormes_n22_v0,Backtracking,true,SUCESSO,521528475,521528479,4,4,true,0,0.0000,0.000000,true,15.8978,15.8978,15.8978,0.0000,1,0.0002,4194303,4194303,0,22,
VALORES_ENORMES,22,valores_enormes_n22_v0,BranchAndBound,true,SUCESSO,521528475,521528479,4,4,true,0,0.0000,0.000000,true,0.8853,0.8853,0.8853,0.0000,1,0.0006,159047,159047,63734,22,
VALORES_ENORMES,22,valores_enormes_n22_v0,ProgramacaoDinamica,true,NAO_EXECUTADO,,,,,,,,,,,,,,,,,,,,Nao executado apos 2 inviabilidades consecutivas; ultima ocorrencia: MEMORIA_INVIAVEL em valores_enormes_n10_v1.
VALORES_ENORMES,22,valores_enormes_n22_v0,Guloso,false,SUCESSO,521279466,521777488,498022,4,true,498018,12450450.0000,0.047746,false,0.0425,0.0425,0.0425,0.0000,1,0.0003,22,0,0,22,
VALORES_ENORMES,22,valores_enormes_n22_v0,KarmarkarKarp,false,SUCESSO,521418399,521638555,220156,4,true,220152,5503800.0000,0.021107,false,0.0869,0.0869,0.0869,0.0000,1,0.0048,21,0,0,4,
VALORES_ENORMES,22,valores_enormes_n22_v1,Backtracking,true,SUCESSO,513158639,513158742,103,103,true,0,0.0000,0.000010,true,16.3142,16.3142,16.3142,0.0000,1,0.0002,4194303,4194303,0,22,
VALORES_ENORMES,22,valores_enormes_n22_v1,BranchAndBound,true,SUCESSO,513158639,513158742,103,103,true,0,0.0000,0.000010,true,0.9865,0.9865,0.9865,0.0000,1,0.0006,148833,148833,56131,22,
VALORES_ENORMES,22,valores_enormes_n22_v1,ProgramacaoDinamica,true,NAO_EXECUTADO,,,,,,,,,,,,,,,,,,,,Nao executado apos 2 inviabilidades consecutivas; ultima ocorrencia: MEMORIA_INVIAVEL em valores_enormes_n10_v1.
VALORES_ENORMES,22,valores_enormes_n22_v1,Guloso,false,SUCESSO,513336571,512980810,355761,103,true,355658,345299.0291,0.034664,false,0.0336,0.0336,0.0336,0.0000,1,0.0003,22,0,0,22,
VALORES_ENORMES,22,valores_enormes_n22_v1,KarmarkarKarp,false,SUCESSO,513173372,513144009,29363,103,true,29260,28407.7670,0.002861,false,0.0799,0.0799,0.0799,0.0000,1,0.0048,21,0,0,5,
VALORES_ENORMES,24,valores_enormes_n24_v0,Backtracking,true,SUCESSO,606295127,606295121,6,6,true,0,0.0000,0.000000,true,54.3712,54.3712,54.3712,0.0000,1,0.0002,16777215,16777215,0,24,
VALORES_ENORMES,24,valores_enormes_n24_v0,BranchAndBound,true,SUCESSO,606295127,606295121,6,6,true,0,0.0000,0.000000,true,4.8717,4.8717,4.8717,0.0000,1,0.0007,1173787,1173787,510586,24,
VALORES_ENORMES,24,valores_enormes_n24_v0,ProgramacaoDinamica,true,NAO_EXECUTADO,,,,,,,,,,,,,,,,,,,,Nao executado apos 2 inviabilidades consecutivas; ultima ocorrencia: MEMORIA_INVIAVEL em valores_enormes_n10_v1.
VALORES_ENORMES,24,valores_enormes_n24_v0,Guloso,false,SUCESSO,598762016,613828232,15066216,6,true,15066210,251103500.0000,1.242482,false,0.0253,0.0253,0.0253,0.0000,1,0.0003,24,0,0,24,
VALORES_ENORMES,24,valores_enormes_n24_v0,KarmarkarKarp,false,SUCESSO,606292260,606297988,5728,6,true,5722,95366.6667,0.000472,false,0.0717,0.0717,0.0717,0.0000,1,0.0052,23,0,0,7,
VALORES_ENORMES,24,valores_enormes_n24_v1,Backtracking,true,SUCESSO,630680025,630679886,139,139,true,0,0.0000,0.000011,true,54.9935,54.9935,54.9935,0.0000,1,0.0002,16777215,16777215,0,24,
VALORES_ENORMES,24,valores_enormes_n24_v1,BranchAndBound,true,SUCESSO,630680025,630679886,139,139,true,0,0.0000,0.000011,true,4.1692,4.1692,4.1692,0.0000,1,0.0007,1035589,1035589,334503,24,
VALORES_ENORMES,24,valores_enormes_n24_v1,ProgramacaoDinamica,true,NAO_EXECUTADO,,,,,,,,,,,,,,,,,,,,Nao executado apos 2 inviabilidades consecutivas; ultima ocorrencia: MEMORIA_INVIAVEL em valores_enormes_n10_v1.
VALORES_ENORMES,24,valores_enormes_n24_v1,Guloso,false,SUCESSO,629333033,632026878,2693845,139,true,2693706,1937917.9856,0.213567,false,0.0520,0.0520,0.0520,0.0000,1,0.0003,24,0,0,24,
VALORES_ENORMES,24,valores_enormes_n24_v1,KarmarkarKarp,false,SUCESSO,630684245,630675666,8579,139,true,8440,6071.9424,0.000680,false,0.0570,0.0570,0.0570,0.0000,1,0.0052,23,0,0,8,
VALORES_ENORMES,26,valores_enormes_n26_v0,Backtracking,true,SUCESSO,689180768,689180798,30,30,true,0,0.0000,0.000002,true,239.3917,239.3917,239.3917,0.0000,1,0.0003,67108863,67108863,0,26,
VALORES_ENORMES,26,valores_enormes_n26_v0,BranchAndBound,true,SUCESSO,689180768,689180798,30,30,true,0,0.0000,0.000002,true,13.5666,13.5666,13.5666,0.0000,1,0.0007,3124837,3124837,1073041,26,
VALORES_ENORMES,26,valores_enormes_n26_v0,ProgramacaoDinamica,true,NAO_EXECUTADO,,,,,,,,,,,,,,,,,,,,Nao executado apos 2 inviabilidades consecutivas; ultima ocorrencia: MEMORIA_INVIAVEL em valores_enormes_n10_v1.
VALORES_ENORMES,26,valores_enormes_n26_v0,Guloso,false,SUCESSO,689780129,688581437,1198692,30,true,1198662,3995540.0000,0.086965,false,0.0429,0.0429,0.0429,0.0000,1,0.0003,26,0,0,26,
VALORES_ENORMES,26,valores_enormes_n26_v0,KarmarkarKarp,false,SUCESSO,689220168,689141398,78770,30,true,78740,262466.6667,0.005715,false,0.0850,0.0850,0.0850,0.0000,1,0.0056,25,0,0,6,
VALORES_ENORMES,26,valores_enormes_n26_v1,Backtracking,true,SUCESSO,510113293,510113252,41,41,true,0,0.0000,0.000004,true,225.2380,225.2380,225.2380,0.0000,1,0.0003,67108863,67108863,0,26,
VALORES_ENORMES,26,valores_enormes_n26_v1,BranchAndBound,true,SUCESSO,510113252,510113293,41,41,true,0,0.0000,0.000004,true,13.6247,13.6247,13.6247,0.0000,1,0.0007,2718905,2718905,872813,26,
VALORES_ENORMES,26,valores_enormes_n26_v1,ProgramacaoDinamica,true,NAO_EXECUTADO,,,,,,,,,,,,,,,,,,,,Nao executado apos 2 inviabilidades consecutivas; ultima ocorrencia: MEMORIA_INVIAVEL em valores_enormes_n10_v1.
VALORES_ENORMES,26,valores_enormes_n26_v1,Guloso,false,SUCESSO,510643741,509582804,1060937,41,true,1060896,2587551.2195,0.103990,false,0.0339,0.0339,0.0339,0.0000,1,0.0003,26,0,0,26,
VALORES_ENORMES,26,valores_enormes_n26_v1,KarmarkarKarp,false,SUCESSO,510113679,510112866,813,41,true,772,1882.9268,0.000080,false,0.1012,0.1012,0.1012,0.0000,1,0.0056,25,0,0,6,
VALORES_ENORMES,28,valores_enormes_n28_v0,Backtracking,true,SUCESSO,728322891,728322893,2,2,true,0,0.0000,0.000000,true,845.2677,845.2677,845.2677,0.0000,1,0.0003,268435455,268435455,0,28,
VALORES_ENORMES,28,valores_enormes_n28_v0,BranchAndBound,true,SUCESSO,728322891,728322893,2,2,true,0,0.0000,0.000000,true,47.9550,47.9550,47.9550,0.0000,1,0.0008,10459911,10459911,4606624,28,
VALORES_ENORMES,28,valores_enormes_n28_v0,ProgramacaoDinamica,true,NAO_EXECUTADO,,,,,,,,,,,,,,,,,,,,Nao executado apos 2 inviabilidades consecutivas; ultima ocorrencia: MEMORIA_INVIAVEL em valores_enormes_n10_v1.
VALORES_ENORMES,28,valores_enormes_n28_v0,Guloso,false,SUCESSO,728993037,727652747,1340290,2,true,1340288,67014400.0000,0.092012,false,0.0300,0.0300,0.0300,0.0000,1,0.0003,28,0,0,28,
VALORES_ENORMES,28,valores_enormes_n28_v0,KarmarkarKarp,false,SUCESSO,728300268,728345516,45248,2,true,45246,2262300.0000,0.003106,false,0.0996,0.0996,0.0996,0.0000,1,0.0060,27,0,0,7,
VALORES_ENORMES,28,valores_enormes_n28_v1,Backtracking,true,SUCESSO,556762026,556762026,0,0,true,0,0.0000,0.000000,true,812.0796,812.0796,812.0796,0.0000,1,0.0003,253236711,253236711,0,28,
VALORES_ENORMES,28,valores_enormes_n28_v1,BranchAndBound,true,SUCESSO,556762026,556762026,0,0,true,0,0.0000,0.000000,true,0.9642,0.9642,0.9642,0.0000,1,0.0008,196227,196227,68390,28,
VALORES_ENORMES,28,valores_enormes_n28_v1,ProgramacaoDinamica,true,NAO_EXECUTADO,,,,,,,,,,,,,,,,,,,,Nao executado apos 2 inviabilidades consecutivas; ultima ocorrencia: MEMORIA_INVIAVEL em valores_enormes_n10_v1.
VALORES_ENORMES,28,valores_enormes_n28_v1,Guloso,false,SUCESSO,557063354,556460698,602656,0,true,602656,,0.054122,false,0.0311,0.0311,0.0311,0.0000,1,0.0003,28,0,0,28,
VALORES_ENORMES,28,valores_enormes_n28_v1,KarmarkarKarp,false,SUCESSO,556764982,556759070,5912,0,true,5912,,0.000531,false,0.0780,0.0780,0.0780,0.0000,1,0.0060,27,0,0,7,
VALORES_ENORMES,30,valores_enormes_n30_v0,Backtracking,true,SUCESSO,766248954,766248956,2,2,true,0,0.0000,0.000000,true,3459.5371,3459.5371,3459.5371,0.0000,1,0.0003,1073741823,1073741823,0,30,
VALORES_ENORMES,30,valores_enormes_n30_v0,BranchAndBound,true,SUCESSO,766248954,766248956,2,2,true,0,0.0000,0.000000,true,171.0412,171.0412,171.0412,0.0000,1,0.0008,42533905,42533905,12829681,30,
VALORES_ENORMES,30,valores_enormes_n30_v0,ProgramacaoDinamica,true,NAO_EXECUTADO,,,,,,,,,,,,,,,,,,,,Nao executado apos 2 inviabilidades consecutivas; ultima ocorrencia: MEMORIA_INVIAVEL em valores_enormes_n10_v1.
VALORES_ENORMES,30,valores_enormes_n30_v0,Guloso,false,SUCESSO,768856511,763641399,5215112,2,true,5215110,260755500.0000,0.340301,false,0.0391,0.0391,0.0391,0.0000,1,0.0003,30,0,0,30,
VALORES_ENORMES,30,valores_enormes_n30_v0,KarmarkarKarp,false,SUCESSO,766230779,766267131,36352,2,true,36350,1817500.0000,0.002372,false,0.0937,0.0937,0.0937,0.0000,1,0.0064,29,0,0,5,
VALORES_ENORMES,30,valores_enormes_n30_v1,Backtracking,true,SUCESSO,686157866,686157867,1,1,true,0,0.0000,0.000000,true,3348.1670,3348.1670,3348.1670,0.0000,1,0.0003,1073741823,1073741823,0,30,
VALORES_ENORMES,30,valores_enormes_n30_v1,BranchAndBound,true,SUCESSO,686157866,686157867,1,1,true,0,0.0000,0.000000,true,184.5526,184.5526,184.5526,0.0000,1,0.0008,45042845,45042845,18661807,30,
VALORES_ENORMES,30,valores_enormes_n30_v1,ProgramacaoDinamica,true,NAO_EXECUTADO,,,,,,,,,,,,,,,,,,,,Nao executado apos 2 inviabilidades consecutivas; ultima ocorrencia: MEMORIA_INVIAVEL em valores_enormes_n10_v1.
VALORES_ENORMES,30,valores_enormes_n30_v1,Guloso,false,SUCESSO,688137958,684177775,3960183,1,true,3960182,396018200.0000,0.288577,false,0.0470,0.0470,0.0470,0.0000,1,0.0003,30,0,0,30,
VALORES_ENORMES,30,valores_enormes_n30_v1,KarmarkarKarp,false,SUCESSO,686156673,686159060,2387,1,true,2386,238600.0000,0.000174,false,0.1184,0.1184,0.1184,0.0000,1,0.0064,29,0,0,6,
VALORES_ENORMES,32,valores_enormes_n32_v0,Backtracking,true,TEMPO_LIMITE,,,,,,,,,,,,,,,,,,,,Excedeu 5s
VALORES_ENORMES,32,valores_enormes_n32_v0,BranchAndBound,true,SUCESSO,705073586,705073585,1,1,true,0,0.0000,0.000000,true,578.8503,578.8503,578.8503,0.0000,1,0.0010,139446533,139446533,43407911,32,
VALORES_ENORMES,32,valores_enormes_n32_v0,ProgramacaoDinamica,true,NAO_EXECUTADO,,,,,,,,,,,,,,,,,,,,Nao executado apos 2 inviabilidades consecutivas; ultima ocorrencia: MEMORIA_INVIAVEL em valores_enormes_n10_v1.
VALORES_ENORMES,32,valores_enormes_n32_v0,Guloso,false,SUCESSO,706497051,703650120,2846931,1,true,2846930,284693000.0000,0.201889,false,0.0486,0.0486,0.0486,0.0000,1,0.0005,32,0,0,32,
VALORES_ENORMES,32,valores_enormes_n32_v0,KarmarkarKarp,false,SUCESSO,705052384,705094787,42403,1,true,42402,4240200.0000,0.003007,false,0.0929,0.0929,0.0929,0.0000,1,0.0068,31,0,0,7,
VALORES_ENORMES,32,valores_enormes_n32_v1,Backtracking,true,SUCESSO,791685122,791685122,0,0,true,0,0.0000,0.000000,true,851.2859,851.2859,851.2859,0.0000,1,0.0003,278344710,278344710,0,32,
VALORES_ENORMES,32,valores_enormes_n32_v1,BranchAndBound,true,SUCESSO,791685122,791685122,0,0,true,0,0.0000,0.000000,true,6.5166,6.5166,6.5166,0.0000,1,0.0010,1197961,1197961,459009,32,
VALORES_ENORMES,32,valores_enormes_n32_v1,ProgramacaoDinamica,true,NAO_EXECUTADO,,,,,,,,,,,,,,,,,,,,Nao executado apos 2 inviabilidades consecutivas; ultima ocorrencia: MEMORIA_INVIAVEL em valores_enormes_n10_v1.
VALORES_ENORMES,32,valores_enormes_n32_v1,Guloso,false,SUCESSO,791038732,792331512,1292780,0,true,1292780,,0.081647,false,0.0524,0.0524,0.0524,0.0000,1,0.0005,32,0,0,32,
VALORES_ENORMES,32,valores_enormes_n32_v1,KarmarkarKarp,false,SUCESSO,791689373,791680871,8502,0,true,8502,,0.000537,false,0.1116,0.1116,0.1116,0.0000,1,0.0068,31,0,0,8,
VALORES_ENORMES,35,valores_enormes_n35_v0,Backtracking,true,TEMPO_LIMITE,,,,,,,,,,,,,,,,,,,,Excedeu 5s
VALORES_ENORMES,35,valores_enormes_n35_v0,BranchAndBound,true,SUCESSO,747605940,747605940,0,0,true,0,0.0000,0.000000,true,34.6175,34.6175,34.6175,0.0000,1,0.0011,8360682,8360682,3202206,35,
VALORES_ENORMES,35,valores_enormes_n35_v0,ProgramacaoDinamica,true,NAO_EXECUTADO,,,,,,,,,,,,,,,,,,,,Nao executado apos 2 inviabilidades consecutivas; ultima ocorrencia: MEMORIA_INVIAVEL em valores_enormes_n10_v1.
VALORES_ENORMES,35,valores_enormes_n35_v0,Guloso,false,SUCESSO,748157623,747054257,1103366,0,true,1103366,,0.073793,false,0.0529,0.0529,0.0529,0.0000,1,0.0005,35,0,0,35,
VALORES_ENORMES,35,valores_enormes_n35_v0,KarmarkarKarp,false,SUCESSO,747605818,747606062,244,0,true,244,,0.000016,false,0.1299,0.1299,0.1299,0.0000,1,0.0075,34,0,0,11,
VALORES_ENORMES,35,valores_enormes_n35_v1,Backtracking,true,TEMPO_LIMITE,,,,,,,,,,,,,,,,,,,,Excedeu 5s
VALORES_ENORMES,35,valores_enormes_n35_v1,BranchAndBound,true,TEMPO_LIMITE,,,,,,,,,,,,,,,,,,,,Excedeu 5s
VALORES_ENORMES,35,valores_enormes_n35_v1,ProgramacaoDinamica,true,NAO_EXECUTADO,,,,,,,,,,,,,,,,,,,,Nao executado apos 2 inviabilidades consecutivas; ultima ocorrencia: MEMORIA_INVIAVEL em valores_enormes_n10_v1.
VALORES_ENORMES,35,valores_enormes_n35_v1,Guloso,false,SUCESSO,894300159,887560232,6739927,7635,false,6732292,88176.7125,0.378252,,0.0719,0.0719,0.0719,0.0000,1,0.0005,35,0,0,35,
VALORES_ENORMES,35,valores_enormes_n35_v1,KarmarkarKarp,false,SUCESSO,890926378,890934013,7635,7635,false,0,0.0000,0.000428,,0.1402,0.1402,0.1402,0.0000,1,0.0075,34,0,0,8,
VALORES_ENORMES,40,valores_enormes_n40_v0,Backtracking,true,NAO_EXECUTADO,,,,,,,,,,,,,,,,,,,,Nao executado apos 2 inviabilidades consecutivas; ultima ocorrencia: TEMPO_LIMITE em valores_enormes_n35_v1.
VALORES_ENORMES,40,valores_enormes_n40_v0,BranchAndBound,true,SUCESSO,1078324482,1078324482,0,0,true,0,0.0000,0.000000,true,288.4966,288.4966,288.4966,0.0000,1,0.0012,70047762,70047762,24568199,40,
VALORES_ENORMES,40,valores_enormes_n40_v0,ProgramacaoDinamica,true,NAO_EXECUTADO,,,,,,,,,,,,,,,,,,,,Nao executado apos 2 inviabilidades consecutivas; ultima ocorrencia: MEMORIA_INVIAVEL em valores_enormes_n10_v1.
VALORES_ENORMES,40,valores_enormes_n40_v0,Guloso,false,SUCESSO,1079663026,1076985938,2677088,0,true,2677088,,0.124132,false,0.0636,0.0636,0.0636,0.0000,1,0.0006,40,0,0,40,
VALORES_ENORMES,40,valores_enormes_n40_v0,KarmarkarKarp,false,SUCESSO,1078322821,1078326143,3322,0,true,3322,,0.000154,false,0.1043,0.1043,0.1043,0.0000,1,0.0085,39,0,0,8,
VALORES_ENORMES,40,valores_enormes_n40_v1,Backtracking,true,NAO_EXECUTADO,,,,,,,,,,,,,,,,,,,,Nao executado apos 2 inviabilidades consecutivas; ultima ocorrencia: TEMPO_LIMITE em valores_enormes_n35_v1.
VALORES_ENORMES,40,valores_enormes_n40_v1,BranchAndBound,true,TEMPO_LIMITE,,,,,,,,,,,,,,,,,,,,Excedeu 5s
VALORES_ENORMES,40,valores_enormes_n40_v1,ProgramacaoDinamica,true,NAO_EXECUTADO,,,,,,,,,,,,,,,,,,,,Nao executado apos 2 inviabilidades consecutivas; ultima ocorrencia: MEMORIA_INVIAVEL em valores_enormes_n10_v1.
VALORES_ENORMES,40,valores_enormes_n40_v1,Guloso,false,SUCESSO,1034477329,1034402580,74749,2937,false,71812,2445.0800,0.003613,,0.0504,0.0504,0.0504,0.0000,1,0.0006,40,0,0,40,
VALORES_ENORMES,40,valores_enormes_n40_v1,KarmarkarKarp,false,SUCESSO,1034438486,1034441423,2937,2937,false,0,0.0000,0.000142,,0.1037,0.1037,0.1037,0.0000,1,0.0085,39,0,0,6,
VALORES_ENORMES,50,valores_enormes_n50_v0,Backtracking,true,NAO_EXECUTADO,,,,,,,,,,,,,,,,,,,,Nao executado apos 2 inviabilidades consecutivas; ultima ocorrencia: TEMPO_LIMITE em valores_enormes_n35_v1.
VALORES_ENORMES,50,valores_enormes_n50_v0,BranchAndBound,true,SUCESSO,1274388540,1274388540,0,0,true,0,0.0000,0.000000,true,429.3580,429.3580,429.3580,0.0000,1,0.0014,102462227,102462227,32515406,50,
VALORES_ENORMES,50,valores_enormes_n50_v0,ProgramacaoDinamica,true,NAO_EXECUTADO,,,,,,,,,,,,,,,,,,,,Nao executado apos 2 inviabilidades consecutivas; ultima ocorrencia: MEMORIA_INVIAVEL em valores_enormes_n10_v1.
VALORES_ENORMES,50,valores_enormes_n50_v0,Guloso,false,SUCESSO,1274163295,1274613785,450490,0,true,450490,,0.017675,false,0.0557,0.0557,0.0557,0.0000,1,0.0006,50,0,0,50,
VALORES_ENORMES,50,valores_enormes_n50_v0,KarmarkarKarp,false,SUCESSO,1274388583,1274388497,86,0,true,86,,0.000003,false,0.1092,0.1092,0.1092,0.0000,1,0.0105,49,0,0,7,
VALORES_ENORMES,50,valores_enormes_n50_v1,Backtracking,true,NAO_EXECUTADO,,,,,,,,,,,,,,,,,,,,Nao executado apos 2 inviabilidades consecutivas; ultima ocorrencia: TEMPO_LIMITE em valores_enormes_n35_v1.
VALORES_ENORMES,50,valores_enormes_n50_v1,BranchAndBound,true,SUCESSO,1378322515,1378322515,0,0,true,0,0.0000,0.000000,true,1.1670,1.1670,1.1670,0.0000,1,0.0014,273000,273000,109725,50,
VALORES_ENORMES,50,valores_enormes_n50_v1,ProgramacaoDinamica,true,NAO_EXECUTADO,,,,,,,,,,,,,,,,,,,,Nao executado apos 2 inviabilidades consecutivas; ultima ocorrencia: MEMORIA_INVIAVEL em valores_enormes_n10_v1.
VALORES_ENORMES,50,valores_enormes_n50_v1,Guloso,false,SUCESSO,1378307161,1378337869,30708,0,true,30708,,0.001114,false,0.0553,0.0553,0.0553,0.0000,1,0.0006,50,0,0,50,
VALORES_ENORMES,50,valores_enormes_n50_v1,KarmarkarKarp,false,SUCESSO,1378322585,1378322445,140,0,true,140,,0.000005,false,0.1105,0.1105,0.1105,0.0000,1,0.0105,49,0,0,7,
PARTICAO_PERFEITA,10,particao_perfeita_n10_v0,Backtracking,true,SUCESSO,2164,2164,0,0,true,0,0.0000,0.000000,true,0.0134,0.0134,0.0134,0.0000,1,0.0002,99,99,0,10,
PARTICAO_PERFEITA,10,particao_perfeita_n10_v0,BranchAndBound,true,SUCESSO,2164,2164,0,0,true,0,0.0000,0.000000,true,0.0204,0.0204,0.0204,0.0000,1,0.0004,163,163,30,10,
PARTICAO_PERFEITA,10,particao_perfeita_n10_v0,ProgramacaoDinamica,true,SUCESSO,2164,2164,0,0,true,0,0.0000,0.000000,true,0.1361,0.1361,0.1361,0.0000,1,0.0231,21650,0,0,10,
PARTICAO_PERFEITA,10,particao_perfeita_n10_v0,Guloso,false,SUCESSO,2164,2164,0,0,true,0,0.0000,0.000000,true,0.0189,0.0189,0.0189,0.0000,1,0.0002,10,0,0,10,
PARTICAO_PERFEITA,10,particao_perfeita_n10_v0,KarmarkarKarp,false,SUCESSO,2164,2164,0,0,true,0,0.0000,0.000000,true,0.0637,0.0637,0.0637,0.0000,1,0.0024,9,0,0,3,
PARTICAO_PERFEITA,10,particao_perfeita_n10_v1,Backtracking,true,SUCESSO,3146,3146,0,0,true,0,0.0000,0.000000,true,0.0253,0.0253,0.0253,0.0000,1,0.0002,123,123,0,10,
PARTICAO_PERFEITA,10,particao_perfeita_n10_v1,BranchAndBound,true,SUCESSO,3146,3146,0,0,true,0,0.0000,0.000000,true,0.0238,0.0238,0.0238,0.0000,1,0.0004,181,181,39,10,
PARTICAO_PERFEITA,10,particao_perfeita_n10_v1,ProgramacaoDinamica,true,SUCESSO,3146,3146,0,0,true,0,0.0000,0.000000,true,0.2201,0.2201,0.2201,0.0000,1,0.0334,31470,0,0,10,
PARTICAO_PERFEITA,10,particao_perfeita_n10_v1,Guloso,false,SUCESSO,3146,3146,0,0,true,0,0.0000,0.000000,true,0.0262,0.0262,0.0262,0.0000,1,0.0002,10,0,0,10,
PARTICAO_PERFEITA,10,particao_perfeita_n10_v1,KarmarkarKarp,false,SUCESSO,3146,3146,0,0,true,0,0.0000,0.000000,true,0.0578,0.0578,0.0578,0.0000,1,0.0024,9,0,0,4,
PARTICAO_PERFEITA,15,particao_perfeita_n15_v0,Backtracking,true,SUCESSO,3257,3257,0,0,true,0,0.0000,0.000000,true,0.0212,0.0212,0.0212,0.0000,1,0.0002,1410,1410,0,15,
PARTICAO_PERFEITA,15,particao_perfeita_n15_v0,BranchAndBound,true,SUCESSO,3257,3257,0,0,true,0,0.0000,0.000000,true,0.0285,0.0285,0.0285,0.0000,1,0.0005,717,717,173,15,
PARTICAO_PERFEITA,15,particao_perfeita_n15_v0,ProgramacaoDinamica,true,SUCESSO,3257,3257,0,0,true,0,0.0000,0.000000,true,2.1948,2.1948,2.1948,0.0000,1,0.0503,48870,0,0,15,
PARTICAO_PERFEITA,15,particao_perfeita_n15_v0,Guloso,false,SUCESSO,3233,3281,48,0,true,48,,0.736874,false,0.0519,0.0519,0.0519,0.0000,1,0.0002,15,0,0,15,
PARTICAO_PERFEITA,15,particao_perfeita_n15_v0,KarmarkarKarp,false,SUCESSO,3247,3267,20,0,true,20,,0.307031,false,0.0558,0.0558,0.0558,0.0000,1,0.0034,14,0,0,7,
PARTICAO_PERFEITA,15,particao_perfeita_n15_v1,Backtracking,true,SUCESSO,3304,3304,0,0,true,0,0.0000,0.000000,true,0.0291,0.0291,0.0291,0.0000,1,0.0002,2802,2802,0,15,
PARTICAO_PERFEITA,15,particao_perfeita_n15_v1,BranchAndBound,true,SUCESSO,3304,3304,0,0,true,0,0.0000,0.000000,true,0.0342,0.0342,0.0342,0.0000,1,0.0005,1253,1253,305,15,
PARTICAO_PERFEITA,15,particao_perfeita_n15_v1,ProgramacaoDinamica,true,SUCESSO,3304,3304,0,0,true,0,0.0000,0.000000,true,0.3153,0.3153,0.3153,0.0000,1,0.0510,49575,0,0,15,
PARTICAO_PERFEITA,15,particao_perfeita_n15_v1,Guloso,false,SUCESSO,3304,3304,0,0,true,0,0.0000,0.000000,true,0.0323,0.0323,0.0323,0.0000,1,0.0002,15,0,0,15,
PARTICAO_PERFEITA,15,particao_perfeita_n15_v1,KarmarkarKarp,false,SUCESSO,3304,3304,0,0,true,0,0.0000,0.000000,true,0.3339,0.3339,0.3339,0.0000,1,0.0034,14,0,0,7,
PARTICAO_PERFEITA,20,particao_perfeita_n20_v0,Backtracking,true,SUCESSO,6034,6034,0,0,true,0,0.0000,0.000000,true,0.0766,0.0766,0.0766,0.0000,1,0.0002,14248,14248,0,20,
PARTICAO_PERFEITA,20,particao_perfeita_n20_v0,BranchAndBound,true,SUCESSO,6034,6034,0,0,true,0,0.0000,0.000000,true,1.4197,1.4197,1.4197,0.0000,1,0.0006,37856,37856,14545,20,
PARTICAO_PERFEITA,20,particao_perfeita_n20_v0,ProgramacaoDinamica,true,SUCESSO,6034,6034,0,0,true,0,0.0000,0.000000,true,0.8057,0.8057,0.8057,0.0000,1,0.1215,120700,0,0,20,
PARTICAO_PERFEITA,20,particao_perfeita_n20_v0,Guloso,false,SUCESSO,6034,6034,0,0,true,0,0.0000,0.000000,true,0.0463,0.0463,0.0463,0.0000,1,0.0003,20,0,0,20,
PARTICAO_PERFEITA,20,particao_perfeita_n20_v0,KarmarkarKarp,false,SUCESSO,6034,6034,0,0,true,0,0.0000,0.000000,true,0.0799,0.0799,0.0799,0.0000,1,0.0044,19,0,0,10,
PARTICAO_PERFEITA,20,particao_perfeita_n20_v1,Backtracking,true,SUCESSO,5095,5095,0,0,true,0,0.0000,0.000000,true,0.1093,0.1093,0.1093,0.0000,1,0.0002,19462,19462,0,20,
PARTICAO_PERFEITA,20,particao_perfeita_n20_v1,BranchAndBound,true,SUCESSO,5095,5095,0,0,true,0,0.0000,0.000000,true,0.0523,0.0523,0.0523,0.0000,1,0.0006,1842,1842,592,20,
PARTICAO_PERFEITA,20,particao_perfeita_n20_v1,ProgramacaoDinamica,true,SUCESSO,5095,5095,0,0,true,0,0.0000,0.000000,true,0.5593,0.5593,0.5593,0.0000,1,0.1026,101920,0,0,20,
PARTICAO_PERFEITA,20,particao_perfeita_n20_v1,Guloso,false,SUCESSO,5095,5095,0,0,true,0,0.0000,0.000000,true,0.0240,0.0240,0.0240,0.0000,1,0.0003,20,0,0,20,
PARTICAO_PERFEITA,20,particao_perfeita_n20_v1,KarmarkarKarp,false,SUCESSO,5095,5095,0,0,true,0,0.0000,0.000000,true,0.0651,0.0651,0.0651,0.0000,1,0.0044,19,0,0,9,
PARTICAO_PERFEITA,22,particao_perfeita_n22_v0,Backtracking,true,SUCESSO,5997,5997,0,0,true,0,0.0000,0.000000,true,0.0979,0.0979,0.0979,0.0000,1,0.0002,30681,30681,0,22,
PARTICAO_PERFEITA,22,particao_perfeita_n22_v0,BranchAndBound,true,SUCESSO,5997,5997,0,0,true,0,0.0000,0.000000,true,0.0516,0.0516,0.0516,0.0000,1,0.0006,4034,4034,1346,22,
PARTICAO_PERFEITA,22,particao_perfeita_n22_v0,ProgramacaoDinamica,true,SUCESSO,5997,5997,0,0,true,0,0.0000,0.000000,true,0.8003,0.8003,0.8003,0.0000,1,0.1322,131956,0,0,22,
PARTICAO_PERFEITA,22,particao_perfeita_n22_v0,Guloso,false,SUCESSO,5997,5997,0,0,true,0,0.0000,0.000000,true,0.0360,0.0360,0.0360,0.0000,1,0.0003,22,0,0,22,
PARTICAO_PERFEITA,22,particao_perfeita_n22_v0,KarmarkarKarp,false,SUCESSO,5997,5997,0,0,true,0,0.0000,0.000000,true,0.1160,0.1160,0.1160,0.0000,1,0.0048,21,0,0,8,
PARTICAO_PERFEITA,22,particao_perfeita_n22_v1,Backtracking,true,SUCESSO,4888,4888,0,0,true,0,0.0000,0.000000,true,0.2158,0.2158,0.2158,0.0000,1,0.0002,44933,44933,0,22,
PARTICAO_PERFEITA,22,particao_perfeita_n22_v1,BranchAndBound,true,SUCESSO,4888,4888,0,0,true,0,0.0000,0.000000,true,0.0410,0.0410,0.0410,0.0000,1,0.0006,3366,3366,676,22,
PARTICAO_PERFEITA,22,particao_perfeita_n22_v1,ProgramacaoDinamica,true,SUCESSO,4888,4888,0,0,true,0,0.0000,0.000000,true,0.6014,0.6014,0.6014,0.0000,1,0.1080,107558,0,0,22,
PARTICAO_PERFEITA,22,particao_perfeita_n22_v1,Guloso,false,SUCESSO,4888,4888,0,0,true,0,0.0000,0.000000,true,0.0590,0.0590,0.0590,0.0000,1,0.0003,22,0,0,22,
PARTICAO_PERFEITA,22,particao_perfeita_n22_v1,KarmarkarKarp,false,SUCESSO,4888,4888,0,0,true,0,0.0000,0.000000,true,6.7239,6.7239,6.7239,0.0000,1,0.0048,21,0,0,7,
PARTICAO_PERFEITA,24,particao_perfeita_n24_v0,Backtracking,true,SUCESSO,6878,6878,0,0,true,0,0.0000,0.000000,true,1.4239,1.4239,1.4239,0.0000,1,0.0002,298995,298995,0,24,
PARTICAO_PERFEITA,24,particao_perfeita_n24_v0,BranchAndBound,true,SUCESSO,6878,6878,0,0,true,0,0.0000,0.000000,true,0.0793,0.0793,0.0793,0.0000,1,0.0007,5409,5409,1818,24,
PARTICAO_PERFEITA,24,particao_perfeita_n24_v0,ProgramacaoDinamica,true,SUCESSO,6878,6878,0,0,true,0,0.0000,0.000000,true,0.6896,0.6896,0.6896,0.0000,1,0.1647,165096,0,0,24,
PARTICAO_PERFEITA,24,particao_perfeita_n24_v0,Guloso,false,SUCESSO,6878,6878,0,0,true,0,0.0000,0.000000,true,0.0202,0.0202,0.0202,0.0000,1,0.0003,24,0,0,24,
PARTICAO_PERFEITA,24,particao_perfeita_n24_v0,KarmarkarKarp,false,SUCESSO,6878,6878,0,0,true,0,0.0000,0.000000,true,0.0910,0.0910,0.0910,0.0000,1,0.0052,23,0,0,12,
PARTICAO_PERFEITA,24,particao_perfeita_n24_v1,Backtracking,true,SUCESSO,6083,6083,0,0,true,0,0.0000,0.000000,true,0.2916,0.2916,0.2916,0.0000,1,0.0002,62215,62215,0,24,
PARTICAO_PERFEITA,24,particao_perfeita_n24_v1,BranchAndBound,true,SUCESSO,6083,6083,0,0,true,0,0.0000,0.000000,true,0.0566,0.0566,0.0566,0.0000,1,0.0007,1804,1804,514,24,
PARTICAO_PERFEITA,24,particao_perfeita_n24_v1,ProgramacaoDinamica,true,SUCESSO,6083,6083,0,0,true,0,0.0000,0.000000,true,1.5770,1.5770,1.5770,0.0000,1,0.1458,146016,0,0,24,
PARTICAO_PERFEITA,24,particao_perfeita_n24_v1,Guloso,false,SUCESSO,6083,6083,0,0,true,0,0.0000,0.000000,true,0.1245,0.1245,0.1245,0.0000,1,0.0003,24,0,0,24,
PARTICAO_PERFEITA,24,particao_perfeita_n24_v1,KarmarkarKarp,false,SUCESSO,6083,6083,0,0,true,0,0.0000,0.000000,true,0.1092,0.1092,0.1092,0.0000,1,0.0052,23,0,0,8,
PARTICAO_PERFEITA,26,particao_perfeita_n26_v0,Backtracking,true,SUCESSO,5909,5909,0,0,true,0,0.0000,0.000000,true,0.1225,0.1225,0.1225,0.0000,1,0.0003,28619,28619,0,26,
PARTICAO_PERFEITA,26,particao_perfeita_n26_v0,BranchAndBound,true,SUCESSO,5909,5909,0,0,true,0,0.0000,0.000000,true,0.0408,0.0408,0.0408,0.0000,1,0.0007,3250,3250,827,26,
PARTICAO_PERFEITA,26,particao_perfeita_n26_v0,ProgramacaoDinamica,true,SUCESSO,5909,5909,0,0,true,0,0.0000,0.000000,true,0.9773,0.9773,0.9773,0.0000,1,0.1529,153660,0,0,26,
PARTICAO_PERFEITA,26,particao_perfeita_n26_v0,Guloso,false,SUCESSO,5909,5909,0,0,true,0,0.0000,0.000000,true,0.0670,0.0670,0.0670,0.0000,1,0.0003,26,0,0,26,
PARTICAO_PERFEITA,26,particao_perfeita_n26_v0,KarmarkarKarp,false,SUCESSO,5909,5909,0,0,true,0,0.0000,0.000000,true,0.1208,0.1208,0.1208,0.0000,1,0.0056,25,0,0,13,
PARTICAO_PERFEITA,26,particao_perfeita_n26_v1,Backtracking,true,SUCESSO,5051,5051,0,0,true,0,0.0000,0.000000,true,0.6595,0.6595,0.6595,0.0000,1,0.0003,196105,196105,0,26,
PARTICAO_PERFEITA,26,particao_perfeita_n26_v1,BranchAndBound,true,SUCESSO,5051,5051,0,0,true,0,0.0000,0.000000,true,0.0462,0.0462,0.0462,0.0000,1,0.0007,2419,2419,671,26,
PARTICAO_PERFEITA,26,particao_perfeita_n26_v1,ProgramacaoDinamica,true,SUCESSO,5051,5051,0,0,true,0,0.0000,0.000000,true,0.6059,0.6059,0.6059,0.0000,1,0.1309,131352,0,0,26,
PARTICAO_PERFEITA,26,particao_perfeita_n26_v1,Guloso,false,SUCESSO,5051,5051,0,0,true,0,0.0000,0.000000,true,0.0262,0.0262,0.0262,0.0000,1,0.0003,26,0,0,26,
PARTICAO_PERFEITA,26,particao_perfeita_n26_v1,KarmarkarKarp,false,SUCESSO,5051,5051,0,0,true,0,0.0000,0.000000,true,0.1218,0.1218,0.1218,0.0000,1,0.0056,25,0,0,10,
PARTICAO_PERFEITA,28,particao_perfeita_n28_v0,Backtracking,true,SUCESSO,5081,5081,0,0,true,0,0.0000,0.000000,true,3.8748,3.8748,3.8748,0.0000,1,0.0003,708014,708014,0,28,
PARTICAO_PERFEITA,28,particao_perfeita_n28_v0,BranchAndBound,true,SUCESSO,5081,5081,0,0,true,0,0.0000,0.000000,true,0.0481,0.0481,0.0481,0.0000,1,0.0008,3266,3266,1027,28,
PARTICAO_PERFEITA,28,particao_perfeita_n28_v0,ProgramacaoDinamica,true,SUCESSO,5081,5081,0,0,true,0,0.0000,0.000000,true,0.5557,0.5557,0.5557,0.0000,1,0.1415,142296,0,0,28,
PARTICAO_PERFEITA,28,particao_perfeita_n28_v0,Guloso,false,SUCESSO,5081,5081,0,0,true,0,0.0000,0.000000,true,0.0281,0.0281,0.0281,0.0000,1,0.0003,28,0,0,28,
PARTICAO_PERFEITA,28,particao_perfeita_n28_v0,KarmarkarKarp,false,SUCESSO,5081,5081,0,0,true,0,0.0000,0.000000,true,0.0788,0.0788,0.0788,0.0000,1,0.0060,27,0,0,11,
PARTICAO_PERFEITA,28,particao_perfeita_n28_v1,Backtracking,true,SUCESSO,5104,5104,0,0,true,0,0.0000,0.000000,true,3.5305,3.5305,3.5305,0.0000,1,0.0003,817163,817163,0,28,
PARTICAO_PERFEITA,28,particao_perfeita_n28_v1,BranchAndBound,true,SUCESSO,5104,5104,0,0,true,0,0.0000,0.000000,true,0.0660,0.0660,0.0660,0.0000,1,0.0008,3027,3027,602,28,
PARTICAO_PERFEITA,28,particao_perfeita_n28_v1,ProgramacaoDinamica,true,SUCESSO,5104,5104,0,0,true,0,0.0000,0.000000,true,0.4621,0.4621,0.4621,0.0000,1,0.1421,142940,0,0,28,
PARTICAO_PERFEITA,28,particao_perfeita_n28_v1,Guloso,false,SUCESSO,5104,5104,0,0,true,0,0.0000,0.000000,true,0.0292,0.0292,0.0292,0.0000,1,0.0003,28,0,0,28,
PARTICAO_PERFEITA,28,particao_perfeita_n28_v1,KarmarkarKarp,false,SUCESSO,5104,5104,0,0,true,0,0.0000,0.000000,true,0.0786,0.0786,0.0786,0.0000,1,0.0060,27,0,0,14,
PARTICAO_PERFEITA,30,particao_perfeita_n30_v0,Backtracking,true,SUCESSO,7025,7025,0,0,true,0,0.0000,0.000000,true,1.8428,1.8428,1.8428,0.0000,1,0.0003,499556,499556,0,30,
PARTICAO_PERFEITA,30,particao_perfeita_n30_v0,BranchAndBound,true,SUCESSO,7025,7025,0,0,true,0,0.0000,0.000000,true,0.0806,0.0806,0.0806,0.0000,1,0.0008,8399,8399,2967,30,
PARTICAO_PERFEITA,30,particao_perfeita_n30_v0,ProgramacaoDinamica,true,SUCESSO,7025,7025,0,0,true,0,0.0000,0.000000,true,0.4384,0.4384,0.4384,0.0000,1,0.2087,210780,0,0,30,
PARTICAO_PERFEITA,30,particao_perfeita_n30_v0,Guloso,false,SUCESSO,7025,7025,0,0,true,0,0.0000,0.000000,true,0.0243,0.0243,0.0243,0.0000,1,0.0003,30,0,0,30,
PARTICAO_PERFEITA,30,particao_perfeita_n30_v0,KarmarkarKarp,false,SUCESSO,7025,7025,0,0,true,0,0.0000,0.000000,true,0.0700,0.0700,0.0700,0.0000,1,0.0064,29,0,0,11,
PARTICAO_PERFEITA,30,particao_perfeita_n30_v1,Backtracking,true,SUCESSO,5544,5544,0,0,true,0,0.0000,0.000000,true,5.6682,5.6682,5.6682,0.0000,1,0.0003,1011674,1011674,0,30,
PARTICAO_PERFEITA,30,particao_perfeita_n30_v1,BranchAndBound,true,SUCESSO,5544,5544,0,0,true,0,0.0000,0.000000,true,0.0741,0.0741,0.0741,0.0000,1,0.0008,4173,4173,1006,30,
PARTICAO_PERFEITA,30,particao_perfeita_n30_v1,ProgramacaoDinamica,true,SUCESSO,5544,5544,0,0,true,0,0.0000,0.000000,true,0.3866,0.3866,0.3866,0.0000,1,0.1649,166350,0,0,30,
PARTICAO_PERFEITA,30,particao_perfeita_n30_v1,Guloso,false,SUCESSO,5544,5544,0,0,true,0,0.0000,0.000000,true,0.0523,0.0523,0.0523,0.0000,1,0.0003,30,0,0,30,
PARTICAO_PERFEITA,30,particao_perfeita_n30_v1,KarmarkarKarp,false,SUCESSO,5544,5544,0,0,true,0,0.0000,0.000000,true,0.1007,0.1007,0.1007,0.0000,1,0.0064,29,0,0,15,
PARTICAO_PERFEITA,32,particao_perfeita_n32_v0,Backtracking,true,SUCESSO,8157,8157,0,0,true,0,0.0000,0.000000,true,6.1115,6.1115,6.1115,0.0000,1,0.0003,1761293,1761293,0,32,
PARTICAO_PERFEITA,32,particao_perfeita_n32_v0,BranchAndBound,true,SUCESSO,8157,8157,0,0,true,0,0.0000,0.000000,true,0.1138,0.1138,0.1138,0.0000,1,0.0010,4349,4349,1539,32,
PARTICAO_PERFEITA,32,particao_perfeita_n32_v0,ProgramacaoDinamica,true,SUCESSO,8157,8157,0,0,true,0,0.0000,0.000000,true,0.6970,0.6970,0.6970,0.0000,1,0.2576,261056,0,0,32,
PARTICAO_PERFEITA,32,particao_perfeita_n32_v0,Guloso,false,SUCESSO,8157,8157,0,0,true,0,0.0000,0.000000,true,0.0767,0.0767,0.0767,0.0000,1,0.0005,32,0,0,32,
PARTICAO_PERFEITA,32,particao_perfeita_n32_v0,KarmarkarKarp,false,SUCESSO,8157,8157,0,0,true,0,0.0000,0.000000,true,0.1379,0.1379,0.1379,0.0000,1,0.0068,31,0,0,16,
PARTICAO_PERFEITA,32,particao_perfeita_n32_v1,Backtracking,true,SUCESSO,5026,5026,0,0,true,0,0.0000,0.000000,true,0.8492,0.8492,0.8492,0.0000,1,0.0003,262157,262157,0,32,
PARTICAO_PERFEITA,32,particao_perfeita_n32_v1,BranchAndBound,true,SUCESSO,5026,5026,0,0,true,0,0.0000,0.000000,true,0.0688,0.0688,0.0688,0.0000,1,0.0010,3634,3634,1351,32,
PARTICAO_PERFEITA,32,particao_perfeita_n32_v1,ProgramacaoDinamica,true,SUCESSO,5026,5026,0,0,true,0,0.0000,0.000000,true,0.3483,0.3483,0.3483,0.0000,1,0.1592,160864,0,0,32,
PARTICAO_PERFEITA,32,particao_perfeita_n32_v1,Guloso,false,SUCESSO,5026,5026,0,0,true,0,0.0000,0.000000,true,0.0762,0.0762,0.0762,0.0000,1,0.0005,32,0,0,32,
PARTICAO_PERFEITA,32,particao_perfeita_n32_v1,KarmarkarKarp,false,SUCESSO,5026,5026,0,0,true,0,0.0000,0.000000,true,0.0880,0.0880,0.0880,0.0000,1,0.0068,31,0,0,10,
PARTICAO_PERFEITA,35,particao_perfeita_n35_v0,Backtracking,true,SUCESSO,9973,9973,0,0,true,0,0.0000,0.000000,true,18.1956,18.1956,18.1956,0.0000,1,0.0003,3927792,3927792,0,35,
PARTICAO_PERFEITA,35,particao_perfeita_n35_v0,BranchAndBound,true,SUCESSO,9973,9973,0,0,true,0,0.0000,0.000000,true,0.1269,0.1269,0.1269,0.0000,1,0.0011,4939,4939,1894,35,
PARTICAO_PERFEITA,35,particao_perfeita_n35_v0,ProgramacaoDinamica,true,SUCESSO,9973,9973,0,0,true,0,0.0000,0.000000,true,0.7673,0.7673,0.7673,0.0000,1,0.3434,349090,0,0,35,
PARTICAO_PERFEITA,35,particao_perfeita_n35_v0,Guloso,false,SUCESSO,9957,9989,32,0,true,32,,0.160433,false,0.0579,0.0579,0.0579,0.0000,1,0.0005,35,0,0,35,
PARTICAO_PERFEITA,35,particao_perfeita_n35_v0,KarmarkarKarp,false,SUCESSO,9973,9973,0,0,true,0,0.0000,0.000000,true,0.0938,0.0938,0.0938,0.0000,1,0.0075,34,0,0,13,
PARTICAO_PERFEITA,35,particao_perfeita_n35_v1,Backtracking,true,SUCESSO,8639,8639,0,0,true,0,0.0000,0.000000,true,2.2541,2.2541,2.2541,0.0000,1,0.0003,524300,524300,0,35,
PARTICAO_PERFEITA,35,particao_perfeita_n35_v1,BranchAndBound,true,SUCESSO,8639,8639,0,0,true,0,0.0000,0.000000,true,0.1305,0.1305,0.1305,0.0000,1,0.0011,4283,4283,1505,35,
PARTICAO_PERFEITA,35,particao_perfeita_n35_v1,ProgramacaoDinamica,true,SUCESSO,8639,8639,0,0,true,0,0.0000,0.000000,true,0.9098,0.9098,0.9098,0.0000,1,0.2975,302400,0,0,35,
PARTICAO_PERFEITA,35,particao_perfeita_n35_v1,Guloso,false,SUCESSO,8639,8639,0,0,true,0,0.0000,0.000000,true,0.0867,0.0867,0.0867,0.0000,1,0.0005,35,0,0,35,
PARTICAO_PERFEITA,35,particao_perfeita_n35_v1,KarmarkarKarp,false,SUCESSO,8639,8639,0,0,true,0,0.0000,0.000000,true,0.0993,0.0993,0.0993,0.0000,1,0.0075,34,0,0,12,
PARTICAO_PERFEITA,40,particao_perfeita_n40_v0,Backtracking,true,SUCESSO,8772,8772,0,0,true,0,0.0000,0.000000,true,42.4257,42.4257,42.4257,0.0000,1,0.0003,11206533,11206533,0,40,
PARTICAO_PERFEITA,40,particao_perfeita_n40_v0,BranchAndBound,true,SUCESSO,8772,8772,0,0,true,0,0.0000,0.000000,true,0.1243,0.1243,0.1243,0.0000,1,0.0012,8063,8063,2964,40,
PARTICAO_PERFEITA,40,particao_perfeita_n40_v0,ProgramacaoDinamica,true,SUCESSO,8772,8772,0,0,true,0,0.0000,0.000000,true,1.0353,1.0353,1.0353,0.0000,1,0.3441,350920,0,0,40,
PARTICAO_PERFEITA,40,particao_perfeita_n40_v0,Guloso,false,SUCESSO,8772,8772,0,0,true,0,0.0000,0.000000,true,0.0623,0.0623,0.0623,0.0000,1,0.0006,40,0,0,40,
PARTICAO_PERFEITA,40,particao_perfeita_n40_v0,KarmarkarKarp,false,SUCESSO,8772,8772,0,0,true,0,0.0000,0.000000,true,0.1413,0.1413,0.1413,0.0000,1,0.0085,39,0,0,14,
PARTICAO_PERFEITA,40,particao_perfeita_n40_v1,Backtracking,true,SUCESSO,8325,8325,0,0,true,0,0.0000,0.000000,true,6.7982,6.7982,6.7982,0.0000,1,0.0003,1539604,1539604,0,40,
PARTICAO_PERFEITA,40,particao_perfeita_n40_v1,BranchAndBound,true,SUCESSO,8325,8325,0,0,true,0,0.0000,0.000000,true,0.7146,0.7146,0.7146,0.0000,1,0.0012,8311,8311,2518,40,
PARTICAO_PERFEITA,40,particao_perfeita_n40_v1,ProgramacaoDinamica,true,SUCESSO,8325,8325,0,0,true,0,0.0000,0.000000,true,1.0219,1.0219,1.0219,0.0000,1,0.3266,333040,0,0,40,
PARTICAO_PERFEITA,40,particao_perfeita_n40_v1,Guloso,false,SUCESSO,8325,8325,0,0,true,0,0.0000,0.000000,true,0.0668,0.0668,0.0668,0.0000,1,0.0006,40,0,0,40,
PARTICAO_PERFEITA,40,particao_perfeita_n40_v1,KarmarkarKarp,false,SUCESSO,8325,8325,0,0,true,0,0.0000,0.000000,true,0.0926,0.0926,0.0926,0.0000,1,0.0085,39,0,0,21,
PARTICAO_PERFEITA,50,particao_perfeita_n50_v0,Backtracking,true,SUCESSO,11871,11871,0,0,true,0,0.0000,0.000000,true,78.2458,78.2458,78.2458,0.0000,1,0.0003,25032700,25032700,0,50,
PARTICAO_PERFEITA,50,particao_perfeita_n50_v0,BranchAndBound,true,SUCESSO,11871,11871,0,0,true,0,0.0000,0.000000,true,0.1287,0.1287,0.1287,0.0000,1,0.0014,16699,16699,5877,50,
PARTICAO_PERFEITA,50,particao_perfeita_n50_v0,ProgramacaoDinamica,true,SUCESSO,11871,11871,0,0,true,0,0.0000,0.000000,true,1.1466,1.1466,1.1466,0.0000,1,0.5786,593600,0,0,50,
PARTICAO_PERFEITA,50,particao_perfeita_n50_v0,Guloso,false,SUCESSO,11871,11871,0,0,true,0,0.0000,0.000000,true,0.0610,0.0610,0.0610,0.0000,1,0.0006,50,0,0,50,
PARTICAO_PERFEITA,50,particao_perfeita_n50_v0,KarmarkarKarp,false,SUCESSO,11871,11871,0,0,true,0,0.0000,0.000000,true,0.1189,0.1189,0.1189,0.0000,1,0.0105,49,0,0,24,
PARTICAO_PERFEITA,50,particao_perfeita_n50_v1,Backtracking,true,SUCESSO,12075,12075,0,0,true,0,0.0000,0.000000,true,2646.2179,2646.2179,2646.2179,0.0000,1,0.0003,838238099,838238099,0,50,
PARTICAO_PERFEITA,50,particao_perfeita_n50_v1,BranchAndBound,true,SUCESSO,12075,12075,0,0,true,0,0.0000,0.000000,true,0.1061,0.1061,0.1061,0.0000,1,0.0014,13745,13745,5165,50,
PARTICAO_PERFEITA,50,particao_perfeita_n50_v1,ProgramacaoDinamica,true,SUCESSO,12075,12075,0,0,true,0,0.0000,0.000000,true,1.0622,1.0622,1.0622,0.0000,1,0.5887,603800,0,0,50,
PARTICAO_PERFEITA,50,particao_perfeita_n50_v1,Guloso,false,SUCESSO,12075,12075,0,0,true,0,0.0000,0.000000,true,0.0569,0.0569,0.0569,0.0000,1,0.0006,50,0,0,50,
PARTICAO_PERFEITA,50,particao_perfeita_n50_v1,KarmarkarKarp,false,SUCESSO,12075,12075,0,0,true,0,0.0000,0.000000,true,0.1030,0.1030,0.1030,0.0000,1,0.0105,49,0,0,26,
DOMINANTE,10,dominante_n10_v0,Backtracking,true,SUCESSO,797,467,330,330,true,0,0.0000,26.107595,true,0.0130,0.0130,0.0130,0.0000,1,0.0002,1023,1023,0,10,
DOMINANTE,10,dominante_n10_v0,BranchAndBound,true,SUCESSO,797,467,330,330,true,0,0.0000,26.107595,true,0.0209,0.0209,0.0209,0.0000,1,0.0004,259,259,56,10,
DOMINANTE,10,dominante_n10_v0,ProgramacaoDinamica,true,SUCESSO,467,797,330,330,true,0,0.0000,26.107595,true,0.0211,0.0211,0.0211,0.0000,1,0.0071,6330,0,0,10,
DOMINANTE,10,dominante_n10_v0,Guloso,false,SUCESSO,797,467,330,330,true,0,0.0000,26.107595,true,0.0235,0.0235,0.0235,0.0000,1,0.0002,10,0,0,10,
DOMINANTE,10,dominante_n10_v0,KarmarkarKarp,false,SUCESSO,797,467,330,330,true,0,0.0000,26.107595,true,0.0454,0.0454,0.0454,0.0000,1,0.0024,9,0,0,1,
DOMINANTE,10,dominante_n10_v1,Backtracking,true,SUCESSO,402,380,22,22,true,0,0.0000,2.813299,true,0.0113,0.0113,0.0113,0.0000,1,0.0002,1023,1023,0,10,
DOMINANTE,10,dominante_n10_v1,BranchAndBound,true,SUCESSO,402,380,22,22,true,0,0.0000,2.813299,true,0.0330,0.0330,0.0330,0.0000,1,0.0004,281,281,45,10,
DOMINANTE,10,dominante_n10_v1,ProgramacaoDinamica,true,SUCESSO,380,402,22,22,true,0,0.0000,2.813299,true,0.0217,0.0217,0.0217,0.0000,1,0.0045,3920,0,0,10,
DOMINANTE,10,dominante_n10_v1,Guloso,false,SUCESSO,402,380,22,22,true,0,0.0000,2.813299,true,0.0242,0.0242,0.0242,0.0000,1,0.0002,10,0,0,10,
DOMINANTE,10,dominante_n10_v1,KarmarkarKarp,false,SUCESSO,402,380,22,22,true,0,0.0000,2.813299,true,0.0769,0.0769,0.0769,0.0000,1,0.0024,9,0,0,1,
DOMINANTE,15,dominante_n15_v0,Backtracking,true,SUCESSO,1301,881,420,420,true,0,0.0000,19.248396,true,0.1759,0.1759,0.1759,0.0000,1,0.0002,32767,32767,0,15,
DOMINANTE,15,dominante_n15_v0,BranchAndBound,true,SUCESSO,1301,881,420,420,true,0,0.0000,19.248396,true,0.0433,0.0433,0.0433,0.0000,1,0.0005,879,879,262,15,
DOMINANTE,15,dominante_n15_v0,ProgramacaoDinamica,true,SUCESSO,881,1301,420,420,true,0,0.0000,19.248396,true,0.0507,0.0507,0.0507,0.0000,1,0.0172,16380,0,0,15,
DOMINANTE,15,dominante_n15_v0,Guloso,false,SUCESSO,1301,881,420,420,true,0,0.0000,19.248396,true,0.0241,0.0241,0.0241,0.0000,1,0.0002,15,0,0,15,
DOMINANTE,15,dominante_n15_v0,KarmarkarKarp,false,SUCESSO,1301,881,420,420,true,0,0.0000,19.248396,true,0.0862,0.0862,0.0862,0.0000,1,0.0035,14,0,0,1,
DOMINANTE,15,dominante_n15_v1,Backtracking,true,SUCESSO,974,835,139,139,true,0,0.0000,7.683803,true,0.1762,0.1762,0.1762,0.0000,1,0.0002,32767,32767,0,15,
DOMINANTE,15,dominante_n15_v1,BranchAndBound,true,SUCESSO,974,835,139,139,true,0,0.0000,7.683803,true,0.0548,0.0548,0.0548,0.0000,1,0.0005,917,917,257,15,
DOMINANTE,15,dominante_n15_v1,ProgramacaoDinamica,true,SUCESSO,835,974,139,139,true,0,0.0000,7.683803,true,0.1020,0.1020,0.1020,0.0000,1,0.0144,13575,0,0,15,
DOMINANTE,15,dominante_n15_v1,Guloso,false,SUCESSO,974,835,139,139,true,0,0.0000,7.683803,true,0.0333,0.0333,0.0333,0.0000,1,0.0002,15,0,0,15,
DOMINANTE,15,dominante_n15_v1,KarmarkarKarp,false,SUCESSO,974,835,139,139,true,0,0.0000,7.683803,true,0.0786,0.0786,0.0786,0.0000,1,0.0035,14,0,0,1,
DOMINANTE,20,dominante_n20_v0,Backtracking,true,SUCESSO,1252,1098,154,154,true,0,0.0000,6.553191,true,3.4605,3.4605,3.4605,0.0000,1,0.0002,1048575,1048575,0,20,
DOMINANTE,20,dominante_n20_v0,BranchAndBound,true,SUCESSO,1252,1098,154,154,true,0,0.0000,6.553191,true,0.0454,0.0454,0.0454,0.0000,1,0.0006,2271,2271,612,20,
DOMINANTE,20,dominante_n20_v0,ProgramacaoDinamica,true,SUCESSO,1098,1252,154,154,true,0,0.0000,6.553191,true,0.0946,0.0946,0.0946,0.0000,1,0.0241,23520,0,0,20,
DOMINANTE,20,dominante_n20_v0,Guloso,false,SUCESSO,1252,1098,154,154,true,0,0.0000,6.553191,true,0.0315,0.0315,0.0315,0.0000,1,0.0003,20,0,0,20,
DOMINANTE,20,dominante_n20_v0,KarmarkarKarp,false,SUCESSO,1252,1098,154,154,true,0,0.0000,6.553191,true,0.1230,0.1230,0.1230,0.0000,1,0.0047,19,0,0,1,
DOMINANTE,20,dominante_n20_v1,Backtracking,true,SUCESSO,1402,1051,351,351,true,0,0.0000,14.309009,true,4.7888,4.7888,4.7888,0.0000,1,0.0002,1048575,1048575,0,20,
DOMINANTE,20,dominante_n20_v1,BranchAndBound,true,SUCESSO,1402,1051,351,351,true,0,0.0000,14.309009,true,0.0593,0.0593,0.0593,0.0000,1,0.0006,2221,2221,781,20,
DOMINANTE,20,dominante_n20_v1,ProgramacaoDinamica,true,SUCESSO,1051,1402,351,351,true,0,0.0000,14.309009,true,0.0677,0.0677,0.0677,0.0000,1,0.0253,24540,0,0,20,
DOMINANTE,20,dominante_n20_v1,Guloso,false,SUCESSO,1402,1051,351,351,true,0,0.0000,14.309009,true,0.0337,0.0337,0.0337,0.0000,1,0.0003,20,0,0,20,
DOMINANTE,20,dominante_n20_v1,KarmarkarKarp,false,SUCESSO,1402,1051,351,351,true,0,0.0000,14.309009,true,0.2414,0.2414,0.2414,0.0000,1,0.0047,19,0,0,1,
DOMINANTE,22,dominante_n22_v0,Backtracking,true,SUCESSO,1354,1260,94,94,true,0,0.0000,3.596021,true,17.8962,17.8962,17.8962,0.0000,1,0.0002,4194303,4194303,0,22,
DOMINANTE,22,dominante_n22_v0,BranchAndBound,true,SUCESSO,1354,1260,94,94,true,0,0.0000,3.596021,true,0.0755,0.0755,0.0755,0.0000,1,0.0006,2797,2797,1003,22,
DOMINANTE,22,dominante_n22_v0,ProgramacaoDinamica,true,SUCESSO,1260,1354,94,94,true,0,0.0000,3.596021,true,0.0930,0.0930,0.0930,0.0000,1,0.0294,28776,0,0,22,
DOMINANTE,22,dominante_n22_v0,Guloso,false,SUCESSO,1354,1260,94,94,true,0,0.0000,3.596021,true,0.0329,0.0329,0.0329,0.0000,1,0.0003,22,0,0,22,
DOMINANTE,22,dominante_n22_v0,KarmarkarKarp,false,SUCESSO,1354,1260,94,94,true,0,0.0000,3.596021,true,0.0576,0.0576,0.0576,0.0000,1,0.0051,21,0,0,1,
DOMINANTE,22,dominante_n22_v1,Backtracking,true,SUCESSO,1463,1193,270,270,true,0,0.0000,10.165663,true,20.1435,20.1435,20.1435,0.0000,1,0.0002,4194303,4194303,0,22,
DOMINANTE,22,dominante_n22_v1,BranchAndBound,true,SUCESSO,1463,1193,270,270,true,0,0.0000,10.165663,true,0.0708,0.0708,0.0708,0.0000,1,0.0006,2913,2913,973,22,
DOMINANTE,22,dominante_n22_v1,ProgramacaoDinamica,true,SUCESSO,1193,1463,270,270,true,0,0.0000,10.165663,true,0.1009,0.1009,0.1009,0.0000,1,0.0299,29238,0,0,22,
DOMINANTE,22,dominante_n22_v1,Guloso,false,SUCESSO,1463,1193,270,270,true,0,0.0000,10.165663,true,0.0394,0.0394,0.0394,0.0000,1,0.0003,22,0,0,22,
DOMINANTE,22,dominante_n22_v1,KarmarkarKarp,false,SUCESSO,1463,1193,270,270,true,0,0.0000,10.165663,true,0.5429,0.5429,0.5429,0.0000,1,0.0051,21,0,0,1,
DOMINANTE,24,dominante_n24_v0,Backtracking,true,SUCESSO,1071,1023,48,48,true,0,0.0000,2.292264,true,67.5897,67.5897,67.5897,0.0000,1,0.0002,16777215,16777215,0,24,
DOMINANTE,24,dominante_n24_v0,BranchAndBound,true,SUCESSO,1071,1023,48,48,true,0,0.0000,2.292264,true,0.0843,0.0843,0.0843,0.0000,1,0.0007,3627,3627,1342,24,
DOMINANTE,24,dominante_n24_v0,ProgramacaoDinamica,true,SUCESSO,1023,1071,48,48,true,0,0.0000,2.292264,true,0.0901,0.0901,0.0901,0.0000,1,0.0256,25152,0,0,24,
DOMINANTE,24,dominante_n24_v0,Guloso,false,SUCESSO,1071,1023,48,48,true,0,0.0000,2.292264,true,0.0390,0.0390,0.0390,0.0000,1,0.0003,24,0,0,24,
DOMINANTE,24,dominante_n24_v0,KarmarkarKarp,false,SUCESSO,1071,1023,48,48,true,0,0.0000,2.292264,true,0.0433,0.0433,0.0433,0.0000,1,0.0057,23,0,0,1,
DOMINANTE,24,dominante_n24_v1,Backtracking,true,SUCESSO,1676,1189,487,487,true,0,0.0000,16.998255,true,71.3554,71.3554,71.3554,0.0000,1,0.0002,16777215,16777215,0,24,
DOMINANTE,24,dominante_n24_v1,BranchAndBound,true,SUCESSO,1676,1189,487,487,true,0,0.0000,16.998255,true,0.0841,0.0841,0.0841,0.0000,1,0.0007,5381,5381,1551,24,
DOMINANTE,24,dominante_n24_v1,ProgramacaoDinamica,true,SUCESSO,1189,1676,487,487,true,0,0.0000,16.998255,true,0.0786,0.0786,0.0786,0.0000,1,0.0350,34392,0,0,24,
DOMINANTE,24,dominante_n24_v1,Guloso,false,SUCESSO,1676,1189,487,487,true,0,0.0000,16.998255,true,0.0401,0.0401,0.0401,0.0000,1,0.0003,24,0,0,24,
DOMINANTE,24,dominante_n24_v1,KarmarkarKarp,false,SUCESSO,1676,1189,487,487,true,0,0.0000,16.998255,true,0.0596,0.0596,0.0596,0.0000,1,0.0057,23,0,0,1,
DOMINANTE,26,dominante_n26_v0,Backtracking,true,SUCESSO,1450,1377,73,73,true,0,0.0000,2.582243,true,243.3064,243.3064,243.3064,0.0000,1,0.0003,67108863,67108863,0,26,
DOMINANTE,26,dominante_n26_v0,BranchAndBound,true,SUCESSO,1450,1377,73,73,true,0,0.0000,2.582243,true,0.0783,0.0783,0.0783,0.0000,1,0.0007,4971,4971,1912,26,
DOMINANTE,26,dominante_n26_v0,ProgramacaoDinamica,true,SUCESSO,1377,1450,73,73,true,0,0.0000,2.582243,true,0.0911,0.0911,0.0911,0.0000,1,0.0372,36764,0,0,26,
DOMINANTE,26,dominante_n26_v0,Guloso,false,SUCESSO,1450,1377,73,73,true,0,0.0000,2.582243,true,0.0212,0.0212,0.0212,0.0000,1,0.0003,26,0,0,26,
DOMINANTE,26,dominante_n26_v0,KarmarkarKarp,false,SUCESSO,1450,1377,73,73,true,0,0.0000,2.582243,true,0.0822,0.0822,0.0822,0.0000,1,0.0061,25,0,0,1,
DOMINANTE,26,dominante_n26_v1,Backtracking,true,SUCESSO,1487,1467,20,20,true,0,0.0000,0.677048,true,224.4865,224.4865,224.4865,0.0000,1,0.0003,67108863,67108863,0,26,
DOMINANTE,26,dominante_n26_v1,BranchAndBound,true,SUCESSO,1487,1467,20,20,true,0,0.0000,0.677048,true,0.0761,0.0761,0.0761,0.0000,1,0.0007,5057,5057,1897,26,
DOMINANTE,26,dominante_n26_v1,ProgramacaoDinamica,true,SUCESSO,1467,1487,20,20,true,0,0.0000,0.677048,true,0.0911,0.0911,0.0911,0.0000,1,0.0388,38428,0,0,26,
DOMINANTE,26,dominante_n26_v1,Guloso,false,SUCESSO,1487,1467,20,20,true,0,0.0000,0.677048,true,0.0286,0.0286,0.0286,0.0000,1,0.0003,26,0,0,26,
DOMINANTE,26,dominante_n26_v1,KarmarkarKarp,false,SUCESSO,1487,1467,20,20,true,0,0.0000,0.677048,true,0.0716,0.0716,0.0716,0.0000,1,0.0061,25,0,0,1,
DOMINANTE,28,dominante_n28_v0,Backtracking,true,SUCESSO,1977,1613,364,364,true,0,0.0000,10.139276,true,915.8588,915.8588,915.8588,0.0000,1,0.0003,268435455,268435455,0,28,
DOMINANTE,28,dominante_n28_v0,BranchAndBound,true,SUCESSO,1977,1613,364,364,true,0,0.0000,10.139276,true,0.0460,0.0460,0.0460,0.0000,1,0.0008,6191,6191,2440,28,
DOMINANTE,28,dominante_n28_v0,ProgramacaoDinamica,true,SUCESSO,1613,1977,364,364,true,0,0.0000,10.139276,true,0.1038,0.1038,0.1038,0.0000,1,0.0505,50288,0,0,28,
DOMINANTE,28,dominante_n28_v0,Guloso,false,SUCESSO,1977,1613,364,364,true,0,0.0000,10.139276,true,0.0235,0.0235,0.0235,0.0000,1,0.0003,28,0,0,28,
DOMINANTE,28,dominante_n28_v0,KarmarkarKarp,false,SUCESSO,1977,1613,364,364,true,0,0.0000,10.139276,true,0.0353,0.0353,0.0353,0.0000,1,0.0065,27,0,0,1,
DOMINANTE,28,dominante_n28_v1,Backtracking,true,SUCESSO,1844,1365,479,479,true,0,0.0000,14.926768,true,872.6546,872.6546,872.6546,0.0000,1,0.0003,268435455,268435455,0,28,
DOMINANTE,28,dominante_n28_v1,BranchAndBound,true,SUCESSO,1844,1365,479,479,true,0,0.0000,14.926768,true,0.0534,0.0534,0.0534,0.0000,1,0.0008,6039,6039,2216,28,
DOMINANTE,28,dominante_n28_v1,ProgramacaoDinamica,true,SUCESSO,1365,1844,479,479,true,0,0.0000,14.926768,true,0.1260,0.1260,0.1260,0.0000,1,0.0452,44940,0,0,28,
DOMINANTE,28,dominante_n28_v1,Guloso,false,SUCESSO,1844,1365,479,479,true,0,0.0000,14.926768,true,0.0297,0.0297,0.0297,0.0000,1,0.0003,28,0,0,28,
DOMINANTE,28,dominante_n28_v1,KarmarkarKarp,false,SUCESSO,1844,1365,479,479,true,0,0.0000,14.926768,true,0.0465,0.0465,0.0465,0.0000,1,0.0065,27,0,0,1,
DOMINANTE,30,dominante_n30_v0,Backtracking,true,SUCESSO,1967,1551,416,416,true,0,0.0000,11.824901,true,3463.9799,3463.9799,3463.9799,0.0000,1,0.0003,1073741823,1073741823,0,30,
DOMINANTE,30,dominante_n30_v0,BranchAndBound,true,SUCESSO,1967,1551,416,416,true,0,0.0000,11.824901,true,0.0865,0.0865,0.0865,0.0000,1,0.0008,8293,8293,3085,30,
DOMINANTE,30,dominante_n30_v0,ProgramacaoDinamica,true,SUCESSO,1551,1967,416,416,true,0,0.0000,11.824901,true,0.1817,0.1817,0.1817,0.0000,1,0.0528,52800,0,0,30,
DOMINANTE,30,dominante_n30_v0,Guloso,false,SUCESSO,1967,1551,416,416,true,0,0.0000,11.824901,true,0.0450,0.0450,0.0450,0.0000,1,0.0003,30,0,0,30,
DOMINANTE,30,dominante_n30_v0,KarmarkarKarp,false,SUCESSO,1967,1551,416,416,true,0,0.0000,11.824901,true,0.0532,0.0532,0.0532,0.0000,1,0.0069,29,0,0,1,
DOMINANTE,30,dominante_n30_v1,Backtracking,true,SUCESSO,1666,1462,204,204,true,0,0.0000,6.521739,true,3380.2612,3380.2612,3380.2612,0.0000,1,0.0003,1073741823,1073741823,0,30,
DOMINANTE,30,dominante_n30_v1,BranchAndBound,true,SUCESSO,1666,1462,204,204,true,0,0.0000,6.521739,true,0.0888,0.0888,0.0888,0.0000,1,0.0008,7895,7895,3034,30,
DOMINANTE,30,dominante_n30_v1,ProgramacaoDinamica,true,SUCESSO,1462,1666,204,204,true,0,0.0000,6.521739,true,0.1066,0.1066,0.1066,0.0000,1,0.0471,46950,0,0,30,
DOMINANTE,30,dominante_n30_v1,Guloso,false,SUCESSO,1666,1462,204,204,true,0,0.0000,6.521739,true,0.0297,0.0297,0.0297,0.0000,1,0.0003,30,0,0,30,
DOMINANTE,30,dominante_n30_v1,KarmarkarKarp,false,SUCESSO,1666,1462,204,204,true,0,0.0000,6.521739,true,0.0452,0.0452,0.0452,0.0000,1,0.0069,29,0,0,1,
DOMINANTE,32,dominante_n32_v0,Backtracking,true,TEMPO_LIMITE,,,,,,,,,,,,,,,,,,,,Excedeu 5s
DOMINANTE,32,dominante_n32_v0,BranchAndBound,true,SUCESSO,1864,1481,383,383,true,0,0.0000,11.449925,true,0.1312,0.1312,0.1312,0.0000,1,0.0010,10205,10205,3843,32,
DOMINANTE,32,dominante_n32_v0,ProgramacaoDinamica,true,SUCESSO,1481,1864,383,383,true,0,0.0000,11.449925,true,0.1512,0.1512,0.1512,0.0000,1,0.0537,53536,0,0,32,
DOMINANTE,32,dominante_n32_v0,Guloso,false,SUCESSO,1864,1481,383,383,true,0,0.0000,11.449925,true,0.0446,0.0446,0.0446,0.0000,1,0.0005,32,0,0,32,
DOMINANTE,32,dominante_n32_v0,KarmarkarKarp,false,SUCESSO,1864,1481,383,383,true,0,0.0000,11.449925,true,0.0274,0.0274,0.0274,0.0000,1,0.0073,31,0,0,1,
DOMINANTE,32,dominante_n32_v1,Backtracking,true,TEMPO_LIMITE,,,,,,,,,,,,,,,,,,,,Excedeu 5s
DOMINANTE,32,dominante_n32_v1,BranchAndBound,true,SUCESSO,1623,1546,77,77,true,0,0.0000,2.429789,true,0.0960,0.0960,0.0960,0.0000,1,0.0010,8977,8977,3627,32,
DOMINANTE,32,dominante_n32_v1,ProgramacaoDinamica,true,SUCESSO,1546,1623,77,77,true,0,0.0000,2.429789,true,0.1395,0.1395,0.1395,0.0000,1,0.0509,50720,0,0,32,
DOMINANTE,32,dominante_n32_v1,Guloso,false,SUCESSO,1623,1546,77,77,true,0,0.0000,2.429789,true,0.0419,0.0419,0.0419,0.0000,1,0.0005,32,0,0,32,
DOMINANTE,32,dominante_n32_v1,KarmarkarKarp,false,SUCESSO,1623,1546,77,77,true,0,0.0000,2.429789,true,0.0444,0.0444,0.0444,0.0000,1,0.0073,31,0,0,1,
DOMINANTE,35,dominante_n35_v0,Backtracking,true,NAO_EXECUTADO,,,,,,,,,,,,,,,,,,,,Nao executado apos 2 inviabilidades consecutivas; ultima ocorrencia: TEMPO_LIMITE em dominante_n32_v1.
DOMINANTE,35,dominante_n35_v0,BranchAndBound,true,SUCESSO,1485,1454,31,31,true,0,0.0000,1.054781,true,0.0958,0.0958,0.0958,0.0000,1,0.0011,12285,12285,4363,35,
DOMINANTE,35,dominante_n35_v0,ProgramacaoDinamica,true,SUCESSO,1454,1485,31,31,true,0,0.0000,1.054781,true,0.1111,0.1111,0.1111,0.0000,1,0.0514,51450,0,0,35,
DOMINANTE,35,dominante_n35_v0,Guloso,false,SUCESSO,1485,1454,31,31,true,0,0.0000,1.054781,true,0.1251,0.1251,0.1251,0.0000,1,0.0005,35,0,0,35,
DOMINANTE,35,dominante_n35_v0,KarmarkarKarp,false,SUCESSO,1485,1454,31,31,true,0,0.0000,1.054781,true,0.0424,0.0424,0.0424,0.0000,1,0.0081,34,0,0,1,
DOMINANTE,35,dominante_n35_v1,Backtracking,true,NAO_EXECUTADO,,,,,,,,,,,,,,,,,,,,Nao executado apos 2 inviabilidades consecutivas; ultima ocorrencia: TEMPO_LIMITE em dominante_n32_v1.
DOMINANTE,35,dominante_n35_v1,BranchAndBound,true,SUCESSO,2284,1886,398,398,true,0,0.0000,9.544365,true,0.0963,0.0963,0.0963,0.0000,1,0.0011,11491,11491,4576,35,
DOMINANTE,35,dominante_n35_v1,ProgramacaoDinamica,true,SUCESSO,1886,2284,398,398,true,0,0.0000,9.544365,true,0.1432,0.1432,0.1432,0.0000,1,0.0726,73010,0,0,35,
DOMINANTE,35,dominante_n35_v1,Guloso,false,SUCESSO,2284,1886,398,398,true,0,0.0000,9.544365,true,0.0942,0.0942,0.0942,0.0000,1,0.0005,35,0,0,35,
DOMINANTE,35,dominante_n35_v1,KarmarkarKarp,false,SUCESSO,2284,1886,398,398,true,0,0.0000,9.544365,true,0.0471,0.0471,0.0471,0.0000,1,0.0081,34,0,0,1,
DOMINANTE,40,dominante_n40_v0,Backtracking,true,NAO_EXECUTADO,,,,,,,,,,,,,,,,,,,,Nao executado apos 2 inviabilidades consecutivas; ultima ocorrencia: TEMPO_LIMITE em dominante_n32_v1.
DOMINANTE,40,dominante_n40_v0,BranchAndBound,true,SUCESSO,2144,1778,366,366,true,0,0.0000,9.331973,true,0.1155,0.1155,0.1155,0.0000,1,0.0012,18059,18059,7502,40,
DOMINANTE,40,dominante_n40_v0,ProgramacaoDinamica,true,SUCESSO,1778,2144,366,366,true,0,0.0000,9.331973,true,0.2199,0.2199,0.2199,0.0000,1,0.0779,78480,0,0,40,
DOMINANTE,40,dominante_n40_v0,Guloso,false,SUCESSO,2144,1778,366,366,true,0,0.0000,9.331973,true,0.0399,0.0399,0.0399,0.0000,1,0.0006,40,0,0,40,
DOMINANTE,40,dominante_n40_v0,KarmarkarKarp,false,SUCESSO,2144,1778,366,366,true,0,0.0000,9.331973,true,0.0325,0.0325,0.0325,0.0000,1,0.0094,39,0,0,1,
DOMINANTE,40,dominante_n40_v1,Backtracking,true,NAO_EXECUTADO,,,,,,,,,,,,,,,,,,,,Nao executado apos 2 inviabilidades consecutivas; ultima ocorrencia: TEMPO_LIMITE em dominante_n32_v1.
DOMINANTE,40,dominante_n40_v1,BranchAndBound,true,SUCESSO,2401,2340,61,61,true,0,0.0000,1.286648,true,0.1319,0.1319,0.1319,0.0000,1,0.0012,17033,17033,6779,40,
DOMINANTE,40,dominante_n40_v1,ProgramacaoDinamica,true,SUCESSO,2340,2401,61,61,true,0,0.0000,1.286648,true,0.1754,0.1754,0.1754,0.0000,1,0.0939,94840,0,0,40,
DOMINANTE,40,dominante_n40_v1,Guloso,false,SUCESSO,2401,2340,61,61,true,0,0.0000,1.286648,true,0.0569,0.0569,0.0569,0.0000,1,0.0006,40,0,0,40,
DOMINANTE,40,dominante_n40_v1,KarmarkarKarp,false,SUCESSO,2401,2340,61,61,true,0,0.0000,1.286648,true,0.0387,0.0387,0.0387,0.0000,1,0.0094,39,0,0,1,
DOMINANTE,50,dominante_n50_v0,Backtracking,true,NAO_EXECUTADO,,,,,,,,,,,,,,,,,,,,Nao executado apos 2 inviabilidades consecutivas; ultima ocorrencia: TEMPO_LIMITE em dominante_n32_v1.
DOMINANTE,50,dominante_n50_v0,BranchAndBound,true,SUCESSO,3019,2581,438,438,true,0,0.0000,7.821429,true,0.2027,0.2027,0.2027,0.0000,1,0.0014,34507,34507,15236,50,
DOMINANTE,50,dominante_n50_v0,ProgramacaoDinamica,true,SUCESSO,2581,3019,438,438,true,0,0.0000,7.821429,true,0.2387,0.2387,0.2387,0.0000,1,0.1378,140050,0,0,50,
DOMINANTE,50,dominante_n50_v0,Guloso,false,SUCESSO,3019,2581,438,438,true,0,0.0000,7.821429,true,0.0320,0.0320,0.0320,0.0000,1,0.0006,50,0,0,50,
DOMINANTE,50,dominante_n50_v0,KarmarkarKarp,false,SUCESSO,3019,2581,438,438,true,0,0.0000,7.821429,true,0.0417,0.0417,0.0417,0.0000,1,0.0115,49,0,0,1,
DOMINANTE,50,dominante_n50_v1,Backtracking,true,NAO_EXECUTADO,,,,,,,,,,,,,,,,,,,,Nao executado apos 2 inviabilidades consecutivas; ultima ocorrencia: TEMPO_LIMITE em dominante_n32_v1.
DOMINANTE,50,dominante_n50_v1,BranchAndBound,true,SUCESSO,2953,2807,146,146,true,0,0.0000,2.534722,true,0.1638,0.1638,0.1638,0.0000,1,0.0014,31453,31453,13859,50,
DOMINANTE,50,dominante_n50_v1,ProgramacaoDinamica,true,SUCESSO,2807,2953,146,146,true,0,0.0000,2.534722,true,1.5617,1.5617,1.5617,0.0000,1,0.1416,144050,0,0,50,
DOMINANTE,50,dominante_n50_v1,Guloso,false,SUCESSO,2953,2807,146,146,true,0,0.0000,2.534722,true,0.0571,0.0571,0.0571,0.0000,1,0.0006,50,0,0,50,
DOMINANTE,50,dominante_n50_v1,KarmarkarKarp,false,SUCESSO,2953,2807,146,146,true,0,0.0000,2.534722,true,0.0536,0.0536,0.0536,0.0000,1,0.0115,49,0,0,1,
SOMA_IMPAR,10,soma_impar_n10_v0,Backtracking,true,SUCESSO,286,285,1,1,true,0,0.0000,0.175131,true,0.0147,0.0147,0.0147,0.0000,1,0.0002,1023,1023,0,10,
SOMA_IMPAR,10,soma_impar_n10_v0,BranchAndBound,true,SUCESSO,286,285,1,1,true,0,0.0000,0.175131,true,0.0214,0.0214,0.0214,0.0000,1,0.0004,343,343,100,10,
SOMA_IMPAR,10,soma_impar_n10_v0,ProgramacaoDinamica,true,SUCESSO,285,286,1,1,true,0,0.0000,0.175131,true,0.0141,0.0141,0.0141,0.0000,1,0.0034,2860,0,0,10,
SOMA_IMPAR,10,soma_impar_n10_v0,Guloso,false,SUCESSO,299,272,27,1,true,26,2600.0000,4.728546,false,0.0312,0.0312,0.0312,0.0000,1,0.0002,10,0,0,10,
SOMA_IMPAR,10,soma_impar_n10_v0,KarmarkarKarp,false,SUCESSO,283,288,5,1,true,4,400.0000,0.875657,false,0.0345,0.0345,0.0345,0.0000,1,0.0024,9,0,0,5,
SOMA_IMPAR,10,soma_impar_n10_v1,Backtracking,true,SUCESSO,178,177,1,1,true,0,0.0000,0.281690,true,0.0122,0.0122,0.0122,0.0000,1,0.0002,1023,1023,0,10,
SOMA_IMPAR,10,soma_impar_n10_v1,BranchAndBound,true,SUCESSO,177,178,1,1,true,0,0.0000,0.281690,true,0.0464,0.0464,0.0464,0.0000,1,0.0004,291,291,70,10,
SOMA_IMPAR,10,soma_impar_n10_v1,ProgramacaoDinamica,true,SUCESSO,177,178,1,1,true,0,0.0000,0.281690,true,0.0110,0.0110,0.0110,0.0000,1,0.0023,1780,0,0,10,
SOMA_IMPAR,10,soma_impar_n10_v1,Guloso,false,SUCESSO,175,180,5,1,true,4,400.0000,1.408451,false,0.0419,0.0419,0.0419,0.0000,1,0.0002,10,0,0,10,
SOMA_IMPAR,10,soma_impar_n10_v1,KarmarkarKarp,false,SUCESSO,179,176,3,1,true,2,200.0000,0.845070,false,0.0237,0.0237,0.0237,0.0000,1,0.0024,9,0,0,5,
SOMA_IMPAR,15,soma_impar_n15_v0,Backtracking,true,SUCESSO,301,302,1,1,true,0,0.0000,0.165837,true,0.1339,0.1339,0.1339,0.0000,1,0.0002,32767,32767,0,15,
SOMA_IMPAR,15,soma_impar_n15_v0,BranchAndBound,true,SUCESSO,302,301,1,1,true,0,0.0000,0.165837,true,0.0207,0.0207,0.0207,0.0000,1,0.0005,2007,2007,706,15,
SOMA_IMPAR,15,soma_impar_n15_v0,ProgramacaoDinamica,true,SUCESSO,301,302,1,1,true,0,0.0000,0.165837,true,0.0174,0.0174,0.0174,0.0000,1,0.0051,4530,0,0,15,
SOMA_IMPAR,15,soma_impar_n15_v0,Guloso,false,SUCESSO,301,302,1,1,true,0,0.0000,0.165837,true,0.0094,0.0094,0.0094,0.0000,1,0.0002,15,0,0,15,
SOMA_IMPAR,15,soma_impar_n15_v0,KarmarkarKarp,false,SUCESSO,302,301,1,1,true,0,0.0000,0.165837,true,0.0215,0.0215,0.0215,0.0000,1,0.0034,14,0,0,6,
SOMA_IMPAR,15,soma_impar_n15_v1,Backtracking,true,SUCESSO,295,296,1,1,true,0,0.0000,0.169205,true,0.1352,0.1352,0.1352,0.0000,1,0.0002,32767,32767,0,15,
SOMA_IMPAR,15,soma_impar_n15_v1,BranchAndBound,true,SUCESSO,295,296,1,1,true,0,0.0000,0.169205,true,0.0393,0.0393,0.0393,0.0000,1,0.0005,1609,1609,467,15,
SOMA_IMPAR,15,soma_impar_n15_v1,ProgramacaoDinamica,true,SUCESSO,295,296,1,1,true,0,0.0000,0.169205,true,0.0146,0.0146,0.0146,0.0000,1,0.0050,4440,0,0,15,
SOMA_IMPAR,15,soma_impar_n15_v1,Guloso,false,SUCESSO,296,295,1,1,true,0,0.0000,0.169205,true,0.0102,0.0102,0.0102,0.0000,1,0.0002,15,0,0,15,
SOMA_IMPAR,15,soma_impar_n15_v1,KarmarkarKarp,false,SUCESSO,295,296,1,1,true,0,0.0000,0.169205,true,0.0159,0.0159,0.0159,0.0000,1,0.0034,14,0,0,6,
SOMA_IMPAR,20,soma_impar_n20_v0,Backtracking,true,SUCESSO,515,516,1,1,true,0,0.0000,0.096993,true,5.0556,5.0556,5.0556,0.0000,1,0.0002,1048575,1048575,0,20,
SOMA_IMPAR,20,soma_impar_n20_v0,BranchAndBound,true,SUCESSO,515,516,1,1,true,0,0.0000,0.096993,true,0.4425,0.4425,0.4425,0.0000,1,0.0006,108845,108845,35153,20,
SOMA_IMPAR,20,soma_impar_n20_v0,ProgramacaoDinamica,true,SUCESSO,515,516,1,1,true,0,0.0000,0.096993,true,0.0464,0.0464,0.0464,0.0000,1,0.0110,10320,0,0,20,
SOMA_IMPAR,20,soma_impar_n20_v0,Guloso,false,SUCESSO,517,514,3,1,true,2,200.0000,0.290980,false,0.0180,0.0180,0.0180,0.0000,1,0.0003,20,0,0,20,
SOMA_IMPAR,20,soma_impar_n20_v0,KarmarkarKarp,false,SUCESSO,515,516,1,1,true,0,0.0000,0.096993,true,0.0255,0.0255,0.0255,0.0000,1,0.0044,19,0,0,6,
SOMA_IMPAR,20,soma_impar_n20_v1,Backtracking,true,SUCESSO,467,468,1,1,true,0,0.0000,0.106952,true,3.2583,3.2583,3.2583,0.0000,1,0.0002,1048575,1048575,0,20,
SOMA_IMPAR,20,soma_impar_n20_v1,BranchAndBound,true,SUCESSO,467,468,1,1,true,0,0.0000,0.106952,true,0.3297,0.3297,0.3297,0.0000,1,0.0006,60455,60455,20130,20,
SOMA_IMPAR,20,soma_impar_n20_v1,ProgramacaoDinamica,true,SUCESSO,467,468,1,1,true,0,0.0000,0.106952,true,0.0636,0.0636,0.0636,0.0000,1,0.0100,9360,0,0,20,
SOMA_IMPAR,20,soma_impar_n20_v1,Guloso,false,SUCESSO,468,467,1,1,true,0,0.0000,0.106952,true,0.0213,0.0213,0.0213,0.0000,1,0.0003,20,0,0,20,
SOMA_IMPAR,20,soma_impar_n20_v1,KarmarkarKarp,false,SUCESSO,467,468,1,1,true,0,0.0000,0.106952,true,0.0641,0.0641,0.0641,0.0000,1,0.0044,19,0,0,6,
SOMA_IMPAR,22,soma_impar_n22_v0,Backtracking,true,SUCESSO,580,581,1,1,true,0,0.0000,0.086133,true,13.4551,13.4551,13.4551,0.0000,1,0.0002,4194303,4194303,0,22,
SOMA_IMPAR,22,soma_impar_n22_v0,BranchAndBound,true,SUCESSO,580,581,1,1,true,0,0.0000,0.086133,true,0.6353,0.6353,0.6353,0.0000,1,0.0006,119751,119751,42346,22,
SOMA_IMPAR,22,soma_impar_n22_v0,ProgramacaoDinamica,true,SUCESSO,580,581,1,1,true,0,0.0000,0.086133,true,0.0576,0.0576,0.0576,0.0000,1,0.0134,12782,0,0,22,
SOMA_IMPAR,22,soma_impar_n22_v0,Guloso,false,SUCESSO,581,580,1,1,true,0,0.0000,0.086133,true,0.0172,0.0172,0.0172,0.0000,1,0.0003,22,0,0,22,
SOMA_IMPAR,22,soma_impar_n22_v0,KarmarkarKarp,false,SUCESSO,581,580,1,1,true,0,0.0000,0.086133,true,0.0284,0.0284,0.0284,0.0000,1,0.0048,21,0,0,5,
SOMA_IMPAR,22,soma_impar_n22_v1,Backtracking,true,SUCESSO,506,507,1,1,true,0,0.0000,0.098717,true,13.1734,13.1734,13.1734,0.0000,1,0.0002,4194303,4194303,0,22,
SOMA_IMPAR,22,soma_impar_n22_v1,BranchAndBound,true,SUCESSO,506,507,1,1,true,0,0.0000,0.098717,true,1.2601,1.2601,1.2601,0.0000,1,0.0006,281445,281445,88401,22,
SOMA_IMPAR,22,soma_impar_n22_v1,ProgramacaoDinamica,true,SUCESSO,506,507,1,1,true,0,0.0000,0.098717,true,0.0411,0.0411,0.0411,0.0000,1,0.0118,11154,0,0,22,
SOMA_IMPAR,22,soma_impar_n22_v1,Guloso,false,SUCESSO,508,505,3,1,true,2,200.0000,0.296150,false,0.0265,0.0265,0.0265,0.0000,1,0.0003,22,0,0,22,
SOMA_IMPAR,22,soma_impar_n22_v1,KarmarkarKarp,false,SUCESSO,507,506,1,1,true,0,0.0000,0.098717,true,0.0884,0.0884,0.0884,0.0000,1,0.0048,21,0,0,7,
SOMA_IMPAR,24,soma_impar_n24_v0,Backtracking,true,SUCESSO,683,682,1,1,true,0,0.0000,0.073260,true,56.6459,56.6459,56.6459,0.0000,1,0.0002,16777215,16777215,0,24,
SOMA_IMPAR,24,soma_impar_n24_v0,BranchAndBound,true,SUCESSO,682,683,1,1,true,0,0.0000,0.073260,true,2.3569,2.3569,2.3569,0.0000,1,0.0007,598253,598253,236019,24,
SOMA_IMPAR,24,soma_impar_n24_v0,ProgramacaoDinamica,true,SUCESSO,682,683,1,1,true,0,0.0000,0.073260,true,0.0498,0.0498,0.0498,0.0000,1,0.0171,16392,0,0,24,
SOMA_IMPAR,24,soma_impar_n24_v0,Guloso,false,SUCESSO,682,683,1,1,true,0,0.0000,0.073260,true,0.0103,0.0103,0.0103,0.0000,1,0.0003,24,0,0,24,
SOMA_IMPAR,24,soma_impar_n24_v0,KarmarkarKarp,false,SUCESSO,683,682,1,1,true,0,0.0000,0.073260,true,0.0219,0.0219,0.0219,0.0000,1,0.0052,23,0,0,5,
SOMA_IMPAR,24,soma_impar_n24_v1,Backtracking,true,SUCESSO,606,605,1,1,true,0,0.0000,0.082576,true,58.3505,58.3505,58.3505,0.0000,1,0.0002,16777215,16777215,0,24,
SOMA_IMPAR,24,soma_impar_n24_v1,BranchAndBound,true,SUCESSO,606,605,1,1,true,0,0.0000,0.082576,true,5.1587,5.1587,5.1587,0.0000,1,0.0007,1216513,1216513,371423,24,
SOMA_IMPAR,24,soma_impar_n24_v1,ProgramacaoDinamica,true,SUCESSO,605,606,1,1,true,0,0.0000,0.082576,true,0.0477,0.0477,0.0477,0.0000,1,0.0152,14544,0,0,24,
SOMA_IMPAR,24,soma_impar_n24_v1,Guloso,false,SUCESSO,608,603,5,1,true,4,400.0000,0.412882,false,0.0212,0.0212,0.0212,0.0000,1,0.0003,24,0,0,24,
SOMA_IMPAR,24,soma_impar_n24_v1,KarmarkarKarp,false,SUCESSO,605,606,1,1,true,0,0.0000,0.082576,true,0.0257,0.0257,0.0257,0.0000,1,0.0052,23,0,0,7,
SOMA_IMPAR,26,soma_impar_n26_v0,Backtracking,true,SUCESSO,787,786,1,1,true,0,0.0000,0.063573,true,222.1129,222.1129,222.1129,0.0000,1,0.0003,67108863,67108863,0,26,
SOMA_IMPAR,26,soma_impar_n26_v0,BranchAndBound,true,SUCESSO,787,786,1,1,true,0,0.0000,0.063573,true,8.4108,8.4108,8.4108,0.0000,1,0.0007,2027405,2027405,935875,26,
SOMA_IMPAR,26,soma_impar_n26_v0,ProgramacaoDinamica,true,SUCESSO,786,787,1,1,true,0,0.0000,0.063573,true,0.0471,0.0471,0.0471,0.0000,1,0.0211,20462,0,0,26,
SOMA_IMPAR,26,soma_impar_n26_v0,Guloso,false,SUCESSO,787,786,1,1,true,0,0.0000,0.063573,true,0.0159,0.0159,0.0159,0.0000,1,0.0003,26,0,0,26,
SOMA_IMPAR,26,soma_impar_n26_v0,KarmarkarKarp,false,SUCESSO,787,786,1,1,true,0,0.0000,0.063573,true,0.0248,0.0248,0.0248,0.0000,1,0.0056,25,0,0,4,
SOMA_IMPAR,26,soma_impar_n26_v1,Backtracking,true,SUCESSO,826,825,1,1,true,0,0.0000,0.060569,true,203.5332,203.5332,203.5332,0.0000,1,0.0003,67108863,67108863,0,26,
SOMA_IMPAR,26,soma_impar_n26_v1,BranchAndBound,true,SUCESSO,825,826,1,1,true,0,0.0000,0.060569,true,25.3275,25.3275,25.3275,0.0000,1,0.0007,6270579,6270579,1989742,26,
SOMA_IMPAR,26,soma_impar_n26_v1,ProgramacaoDinamica,true,SUCESSO,825,826,1,1,true,0,0.0000,0.060569,true,0.0933,0.0933,0.0933,0.0000,1,0.0221,21476,0,0,26,
SOMA_IMPAR,26,soma_impar_n26_v1,Guloso,false,SUCESSO,823,828,5,1,true,4,400.0000,0.302847,false,0.0216,0.0216,0.0216,0.0000,1,0.0003,26,0,0,26,
SOMA_IMPAR,26,soma_impar_n26_v1,KarmarkarKarp,false,SUCESSO,826,825,1,1,true,0,0.0000,0.060569,true,0.0325,0.0325,0.0325,0.0000,1,0.0056,25,0,0,5,
SOMA_IMPAR,28,soma_impar_n28_v0,Backtracking,true,SUCESSO,711,710,1,1,true,0,0.0000,0.070373,true,932.5675,932.5675,932.5675,0.0000,1,0.0003,268435455,268435455,0,28,
SOMA_IMPAR,28,soma_impar_n28_v0,BranchAndBound,true,SUCESSO,711,710,1,1,true,0,0.0000,0.070373,true,22.4423,22.4423,22.4423,0.0000,1,0.0008,5011427,5011427,2170274,28,
SOMA_IMPAR,28,soma_impar_n28_v0,ProgramacaoDinamica,true,SUCESSO,710,711,1,1,true,0,0.0000,0.070373,true,0.0531,0.0531,0.0531,0.0000,1,0.0204,19908,0,0,28,
SOMA_IMPAR,28,soma_impar_n28_v0,Guloso,false,SUCESSO,714,707,7,1,true,6,600.0000,0.492611,false,0.0144,0.0144,0.0144,0.0000,1,0.0003,28,0,0,28,
SOMA_IMPAR,28,soma_impar_n28_v0,KarmarkarKarp,false,SUCESSO,710,711,1,1,true,0,0.0000,0.070373,true,0.0270,0.0270,0.0270,0.0000,1,0.0060,27,0,0,5,
SOMA_IMPAR,28,soma_impar_n28_v1,Backtracking,true,SUCESSO,583,584,1,1,true,0,0.0000,0.085690,true,834.2341,834.2341,834.2341,0.0000,1,0.0003,268435455,268435455,0,28,
SOMA_IMPAR,28,soma_impar_n28_v1,BranchAndBound,true,SUCESSO,583,584,1,1,true,0,0.0000,0.085690,true,40.7829,40.7829,40.7829,0.0000,1,0.0008,10100193,10100193,4243249,28,
SOMA_IMPAR,28,soma_impar_n28_v1,ProgramacaoDinamica,true,SUCESSO,583,584,1,1,true,0,0.0000,0.085690,true,0.0601,0.0601,0.0601,0.0000,1,0.0169,16352,0,0,28,
SOMA_IMPAR,28,soma_impar_n28_v1,Guloso,false,SUCESSO,585,582,3,1,true,2,200.0000,0.257069,false,0.0212,0.0212,0.0212,0.0000,1,0.0003,28,0,0,28,
SOMA_IMPAR,28,soma_impar_n28_v1,KarmarkarKarp,false,SUCESSO,583,584,1,1,true,0,0.0000,0.085690,true,0.0303,0.0303,0.0303,0.0000,1,0.0060,27,0,0,6,
SOMA_IMPAR,30,soma_impar_n30_v0,Backtracking,true,SUCESSO,793,794,1,1,true,0,0.0000,0.063012,true,3230.7798,3230.7798,3230.7798,0.0000,1,0.0003,1073741823,1073741823,0,30,
SOMA_IMPAR,30,soma_impar_n30_v0,BranchAndBound,true,SUCESSO,793,794,1,1,true,0,0.0000,0.063012,true,77.6217,77.6217,77.6217,0.0000,1,0.0008,18410507,18410507,6716742,30,
SOMA_IMPAR,30,soma_impar_n30_v0,ProgramacaoDinamica,true,SUCESSO,793,794,1,1,true,0,0.0000,0.063012,true,0.0571,0.0571,0.0571,0.0000,1,0.0244,23820,0,0,30,
SOMA_IMPAR,30,soma_impar_n30_v0,Guloso,false,SUCESSO,794,793,1,1,true,0,0.0000,0.063012,true,0.0197,0.0197,0.0197,0.0000,1,0.0003,30,0,0,30,
SOMA_IMPAR,30,soma_impar_n30_v0,KarmarkarKarp,false,SUCESSO,793,794,1,1,true,0,0.0000,0.063012,true,0.0361,0.0361,0.0361,0.0000,1,0.0064,29,0,0,8,
SOMA_IMPAR,30,soma_impar_n30_v1,Backtracking,true,SUCESSO,666,667,1,1,true,0,0.0000,0.075019,true,3419.5670,3419.5670,3419.5670,0.0000,1,0.0003,1073741823,1073741823,0,30,
SOMA_IMPAR,30,soma_impar_n30_v1,BranchAndBound,true,SUCESSO,666,667,1,1,true,0,0.0000,0.075019,true,174.5435,174.5435,174.5435,0.0000,1,0.0008,40978115,40978115,14369180,30,
SOMA_IMPAR,30,soma_impar_n30_v1,ProgramacaoDinamica,true,SUCESSO,666,667,1,1,true,0,0.0000,0.075019,true,0.0900,0.0900,0.0900,0.0000,1,0.0206,20010,0,0,30,
SOMA_IMPAR,30,soma_impar_n30_v1,Guloso,false,SUCESSO,666,667,1,1,true,0,0.0000,0.075019,true,0.0278,0.0278,0.0278,0.0000,1,0.0003,30,0,0,30,
SOMA_IMPAR,30,soma_impar_n30_v1,KarmarkarKarp,false,SUCESSO,666,667,1,1,true,0,0.0000,0.075019,true,0.0423,0.0423,0.0423,0.0000,1,0.0064,29,0,0,6,
SOMA_IMPAR,32,soma_impar_n32_v0,Backtracking,true,TEMPO_LIMITE,,,,,,,,,,,,,,,,,,,,Excedeu 5s
SOMA_IMPAR,32,soma_impar_n32_v0,BranchAndBound,true,SUCESSO,780,781,1,1,true,0,0.0000,0.064061,true,691.0373,691.0373,691.0373,0.0000,1,0.0010,178542289,178542289,62282953,32,
SOMA_IMPAR,32,soma_impar_n32_v0,ProgramacaoDinamica,true,SUCESSO,780,781,1,1,true,0,0.0000,0.064061,true,0.0617,0.0617,0.0617,0.0000,1,0.0255,24992,0,0,32,
SOMA_IMPAR,32,soma_impar_n32_v0,Guloso,false,SUCESSO,782,779,3,1,true,2,200.0000,0.192184,false,0.0461,0.0461,0.0461,0.0000,1,0.0005,32,0,0,32,
SOMA_IMPAR,32,soma_impar_n32_v0,KarmarkarKarp,false,SUCESSO,780,781,1,1,true,0,0.0000,0.064061,true,0.0336,0.0336,0.0336,0.0000,1,0.0068,31,0,0,8,
SOMA_IMPAR,32,soma_impar_n32_v1,Backtracking,true,TEMPO_LIMITE,,,,,,,,,,,,,,,,,,,,Excedeu 5s
SOMA_IMPAR,32,soma_impar_n32_v1,BranchAndBound,true,SUCESSO,810,809,1,1,true,0,0.0000,0.061767,true,739.6863,739.6863,739.6863,0.0000,1,0.0010,190764065,190764065,63644137,32,
SOMA_IMPAR,32,soma_impar_n32_v1,ProgramacaoDinamica,true,SUCESSO,809,810,1,1,true,0,0.0000,0.061767,true,0.1014,0.1014,0.1014,0.0000,1,0.0265,25920,0,0,32,
SOMA_IMPAR,32,soma_impar_n32_v1,Guloso,false,SUCESSO,811,808,3,1,true,2,200.0000,0.185300,false,0.0381,0.0381,0.0381,0.0000,1,0.0005,32,0,0,32,
SOMA_IMPAR,32,soma_impar_n32_v1,KarmarkarKarp,false,SUCESSO,810,809,1,1,true,0,0.0000,0.061767,true,0.0345,0.0345,0.0345,0.0000,1,0.0069,31,0,0,5,
SOMA_IMPAR,35,soma_impar_n35_v0,Backtracking,true,NAO_EXECUTADO,,,,,,,,,,,,,,,,,,,,Nao executado apos 2 inviabilidades consecutivas; ultima ocorrencia: TEMPO_LIMITE em soma_impar_n32_v1.
SOMA_IMPAR,35,soma_impar_n35_v0,BranchAndBound,true,SUCESSO,891,890,1,1,true,0,0.0000,0.056148,true,3370.8454,3370.8454,3370.8454,0.0000,1,0.0011,842110585,842110585,341203421,35,
SOMA_IMPAR,35,soma_impar_n35_v0,ProgramacaoDinamica,true,SUCESSO,890,891,1,1,true,0,0.0000,0.056148,true,0.1096,0.1096,0.1096,0.0000,1,0.0316,31185,0,0,35,
SOMA_IMPAR,35,soma_impar_n35_v0,Guloso,false,SUCESSO,890,891,1,1,true,0,0.0000,0.056148,true,0.0391,0.0391,0.0391,0.0000,1,0.0005,35,0,0,35,
SOMA_IMPAR,35,soma_impar_n35_v0,KarmarkarKarp,false,SUCESSO,890,891,1,1,true,0,0.0000,0.056148,true,0.0537,0.0537,0.0537,0.0000,1,0.0075,34,0,0,6,
SOMA_IMPAR,35,soma_impar_n35_v1,Backtracking,true,NAO_EXECUTADO,,,,,,,,,,,,,,,,,,,,Nao executado apos 2 inviabilidades consecutivas; ultima ocorrencia: TEMPO_LIMITE em soma_impar_n32_v1.
SOMA_IMPAR,35,soma_impar_n35_v1,BranchAndBound,true,SUCESSO,821,820,1,1,true,0,0.0000,0.060938,true,1464.4932,1464.4932,1464.4932,0.0000,1,0.0011,367579219,367579219,142674456,35,
SOMA_IMPAR,35,soma_impar_n35_v1,ProgramacaoDinamica,true,SUCESSO,820,821,1,1,true,0,0.0000,0.060938,true,0.0576,0.0576,0.0576,0.0000,1,0.0292,28735,0,0,35,
SOMA_IMPAR,35,soma_impar_n35_v1,Guloso,false,SUCESSO,821,820,1,1,true,0,0.0000,0.060938,true,0.0381,0.0381,0.0381,0.0000,1,0.0005,35,0,0,35,
SOMA_IMPAR,35,soma_impar_n35_v1,KarmarkarKarp,false,SUCESSO,821,820,1,1,true,0,0.0000,0.060938,true,0.0396,0.0396,0.0396,0.0000,1,0.0075,34,0,0,5,
SOMA_IMPAR,40,soma_impar_n40_v0,Backtracking,true,NAO_EXECUTADO,,,,,,,,,,,,,,,,,,,,Nao executado apos 2 inviabilidades consecutivas; ultima ocorrencia: TEMPO_LIMITE em soma_impar_n32_v1.
SOMA_IMPAR,40,soma_impar_n40_v0,BranchAndBound,true,TEMPO_LIMITE,,,,,,,,,,,,,,,,,,,,Excedeu 5s
SOMA_IMPAR,40,soma_impar_n40_v0,ProgramacaoDinamica,true,SUCESSO,909,910,1,1,true,0,0.0000,0.054975,true,0.0752,0.0752,0.0752,0.0000,1,0.0366,36400,0,0,40,
SOMA_IMPAR,40,soma_impar_n40_v0,Guloso,false,SUCESSO,910,909,1,1,true,0,0.0000,0.054975,true,0.0420,0.0420,0.0420,0.0000,1,0.0006,40,0,0,40,
SOMA_IMPAR,40,soma_impar_n40_v0,KarmarkarKarp,false,SUCESSO,910,909,1,1,true,0,0.0000,0.054975,true,0.0302,0.0302,0.0302,0.0000,1,0.0085,39,0,0,7,
SOMA_IMPAR,40,soma_impar_n40_v1,Backtracking,true,NAO_EXECUTADO,,,,,,,,,,,,,,,,,,,,Nao executado apos 2 inviabilidades consecutivas; ultima ocorrencia: TEMPO_LIMITE em soma_impar_n32_v1.
SOMA_IMPAR,40,soma_impar_n40_v1,BranchAndBound,true,TEMPO_LIMITE,,,,,,,,,,,,,,,,,,,,Excedeu 5s
SOMA_IMPAR,40,soma_impar_n40_v1,ProgramacaoDinamica,true,SUCESSO,1021,1022,1,1,true,0,0.0000,0.048948,true,0.0755,0.0755,0.0755,0.0000,1,0.0410,40880,0,0,40,
SOMA_IMPAR,40,soma_impar_n40_v1,Guloso,false,SUCESSO,1021,1022,1,1,true,0,0.0000,0.048948,true,0.0318,0.0318,0.0318,0.0000,1,0.0006,40,0,0,40,
SOMA_IMPAR,40,soma_impar_n40_v1,KarmarkarKarp,false,SUCESSO,1022,1021,1,1,true,0,0.0000,0.048948,true,0.0463,0.0463,0.0463,0.0000,1,0.0085,39,0,0,6,
SOMA_IMPAR,50,soma_impar_n50_v0,Backtracking,true,NAO_EXECUTADO,,,,,,,,,,,,,,,,,,,,Nao executado apos 2 inviabilidades consecutivas; ultima ocorrencia: TEMPO_LIMITE em soma_impar_n32_v1.
SOMA_IMPAR,50,soma_impar_n50_v0,BranchAndBound,true,NAO_EXECUTADO,,,,,,,,,,,,,,,,,,,,Nao executado apos 2 inviabilidades consecutivas; ultima ocorrencia: TEMPO_LIMITE em soma_impar_n40_v1.
SOMA_IMPAR,50,soma_impar_n50_v0,ProgramacaoDinamica,true,SUCESSO,1303,1304,1,1,true,0,0.0000,0.038358,true,0.1299,0.1299,0.1299,0.0000,1,0.0646,65200,0,0,50,
SOMA_IMPAR,50,soma_impar_n50_v0,Guloso,false,SUCESSO,1304,1303,1,1,true,0,0.0000,0.038358,true,0.0429,0.0429,0.0429,0.0000,1,0.0006,50,0,0,50,
SOMA_IMPAR,50,soma_impar_n50_v0,KarmarkarKarp,false,SUCESSO,1303,1304,1,1,true,0,0.0000,0.038358,true,0.0394,0.0394,0.0394,0.0000,1,0.0108,49,0,0,7,
SOMA_IMPAR,50,soma_impar_n50_v1,Backtracking,true,NAO_EXECUTADO,,,,,,,,,,,,,,,,,,,,Nao executado apos 2 inviabilidades consecutivas; ultima ocorrencia: TEMPO_LIMITE em soma_impar_n32_v1.
SOMA_IMPAR,50,soma_impar_n50_v1,BranchAndBound,true,NAO_EXECUTADO,,,,,,,,,,,,,,,,,,,,Nao executado apos 2 inviabilidades consecutivas; ultima ocorrencia: TEMPO_LIMITE em soma_impar_n40_v1.
SOMA_IMPAR,50,soma_impar_n50_v1,ProgramacaoDinamica,true,SUCESSO,1073,1074,1,1,true,0,0.0000,0.046577,true,0.0986,0.0986,0.0986,0.0000,1,0.0537,53700,0,0,50,
SOMA_IMPAR,50,soma_impar_n50_v1,Guloso,false,SUCESSO,1074,1073,1,1,true,0,0.0000,0.046577,true,0.0499,0.0499,0.0499,0.0000,1,0.0006,50,0,0,50,
SOMA_IMPAR,50,soma_impar_n50_v1,KarmarkarKarp,false,SUCESSO,1073,1074,1,1,true,0,0.0000,0.046577,true,0.0323,0.0323,0.0323,0.0000,1,0.0108,49,0,0,4,
